{"type":"FeatureCollection","features":[{"type":"Feature","properties":{"name":"C15: Huiskamp"},"geometry":{"type":"Polygon","coordinates":[[[19.02553,-31.332325],[19.025421,-31.332392],[19.025556,-31.332659],[19.025983,-31.332816],[19.026162,-31.332787],[19.026379,-31.332828],[19.02663,-31.333042],[19.026855,-31.333209],[19.027143,-31.333282],[19.027307,-31.333314],[19.027483,-31.333372],[19.027719,-31.333234],[19.027831,-31.333202],[19.028014,-31.333576],[19.028164,-31.333698],[19.029185,-31.334075],[19.029698,-31.334608],[19.030289,-31.335192],[19.030611,-31.335365],[19.031157,-31.335467],[19.031292,-31.335397],[19.031337,-31.335307],[19.031471,-31.333991],[19.031382,-31.333825],[19.031037,-31.333594],[19.030401,-31.333211],[19.029593,-31.332834],[19.029197,-31.332482],[19.029062,-31.332208],[19.028837,-31.332093],[19.028381,-31.332259],[19.027528,-31.332534],[19.027341,-31.332572],[19.026973,-31.332465],[19.02553,-31.332325]]]}},{"type":"Feature","properties":{"name":"Pierre By die Stoor"},"geometry":{"type":"Polygon","coordinates":[[[19.059652,-31.343516],[19.059601,-31.343313],[19.059253,-31.34316],[19.058988,-31.342769],[19.059491,-31.342874],[19.059744,-31.342901],[19.060392,-31.342896],[19.060515,-31.343069],[19.059938,-31.346194],[19.059516,-31.346148],[19.059585,-31.345526],[19.058314,-31.345793],[19.057742,-31.345983],[19.057995,-31.346622],[19.058333,-31.346901],[19.059591,-31.348077],[19.059258,-31.349872],[19.056074,-31.349528],[19.0554,-31.349955],[19.054854,-31.349959],[19.052943,-31.34912],[19.053562,-31.347957],[19.0531,-31.347525],[19.053359,-31.345561],[19.053563,-31.344452],[19.053939,-31.344258],[19.054324,-31.34409],[19.054548,-31.343866],[19.054973,-31.34376],[19.055447,-31.343812],[19.055681,-31.343969],[19.055875,-31.344151],[19.056048,-31.344226],[19.056396,-31.344202],[19.056761,-31.344362],[19.056812,-31.344491],[19.057671,-31.344831],[19.057771,-31.344806],[19.057799,-31.344558],[19.05812,-31.344555],[19.058718,-31.344716],[19.058934,-31.344501],[19.059237,-31.344368],[19.059617,-31.343783],[19.059652,-31.343516]]]}},{"type":"Feature","properties":{"name":"G7b: Alex se kamp B"},"geometry":{"type":"Polygon","coordinates":[[[19.082532,-31.366204],[19.08262,-31.365994],[19.082549,-31.365799],[19.082432,-31.365628],[19.082162,-31.365353],[19.082139,-31.365062],[19.082086,-31.364877],[19.081875,-31.364421],[19.081793,-31.364201],[19.081652,-31.364091],[19.081552,-31.3638],[19.081417,-31.363495],[19.081276,-31.363214],[19.081229,-31.363009],[19.081147,-31.362859],[19.080977,-31.362793],[19.080619,-31.362829],[19.080455,-31.362909],[19.080385,-31.363044],[19.080502,-31.363319],[19.080584,-31.36342],[19.080719,-31.363485],[19.080778,-31.363615],[19.080713,-31.36372],[19.080872,-31.363925],[19.081089,-31.364081],[19.081194,-31.364366],[19.081358,-31.364481],[19.081358,-31.364657],[19.081564,-31.364777],[19.081593,-31.364967],[19.081575,-31.365203],[19.0814,-31.365338],[19.081165,-31.365318],[19.081071,-31.365203],[19.081106,-31.365027],[19.081312,-31.364897],[19.081229,-31.364752],[19.080637,-31.364496],[19.080508,-31.364431],[19.080285,-31.364471],[19.080056,-31.364436],[19.079769,-31.364577],[19.079775,-31.364707],[19.079663,-31.364902],[19.079745,-31.365067],[19.079763,-31.365228],[19.079511,-31.365238],[19.07937,-31.365097],[19.079464,-31.364782],[19.079411,-31.364567],[19.079446,-31.364351],[19.079288,-31.364261],[19.079253,-31.364111],[19.078995,-31.363915],[19.078701,-31.363925],[19.078707,-31.364021],[19.078625,-31.363885],[19.078426,-31.36376],[19.07842,-31.36357],[19.07822,-31.363565],[19.078144,-31.36368],[19.078273,-31.36379],[19.078246,-31.363917],[19.078227,-31.364012],[19.078176,-31.364073],[19.07824,-31.364238],[19.078348,-31.364315],[19.078353,-31.364422],[19.078396,-31.364514],[19.07844,-31.364576],[19.078649,-31.364639],[19.078712,-31.364768],[19.078752,-31.36484],[19.078776,-31.364946],[19.078816,-31.365039],[19.078908,-31.365061],[19.07924,-31.365093],[19.079344,-31.365109],[19.079483,-31.365256],[19.079782,-31.365248],[19.079864,-31.365379],[19.079926,-31.365555],[19.079871,-31.365647],[19.079758,-31.365745],[19.079648,-31.365842],[19.079559,-31.365877],[19.079439,-31.3659],[19.07931,-31.365886],[19.079029,-31.365757],[19.078968,-31.365748],[19.078912,-31.365681],[19.078789,-31.365599],[19.078602,-31.365671],[19.078513,-31.36575],[19.078449,-31.365872],[19.07843,-31.365984],[19.078449,-31.366133],[19.0785,-31.366261],[19.078575,-31.366409],[19.078738,-31.366914],[19.078797,-31.367155],[19.078842,-31.36722],[19.078946,-31.367305],[19.079236,-31.367468],[19.079325,-31.36748],[19.079454,-31.367464],[19.079568,-31.367388],[19.079602,-31.367291],[19.079641,-31.367198],[19.07981,-31.367052],[19.080007,-31.366897],[19.080164,-31.366802],[19.080301,-31.366801],[19.080439,-31.366892],[19.08069,-31.366999],[19.081081,-31.36708],[19.081311,-31.367075],[19.081419,-31.367031],[19.081546,-31.366925],[19.08161,-31.366802],[19.081646,-31.366721],[19.081735,-31.366612],[19.081834,-31.366627],[19.081884,-31.366636],[19.081991,-31.366563],[19.082028,-31.366473],[19.082084,-31.366388],[19.082172,-31.366319],[19.082281,-31.366293],[19.082382,-31.36624],[19.08249,-31.36622],[19.082532,-31.366204]]]}},{"type":"Feature","properties":{"name":"B13: Dambult"},"geometry":{"type":"Polygon","coordinates":[[[19.041562,-31.323212],[19.041826,-31.322926],[19.041947,-31.323011],[19.042036,-31.323046],[19.042081,-31.322987],[19.042036,-31.322899],[19.041942,-31.322849],[19.041922,-31.322766],[19.042018,-31.322742],[19.042142,-31.322763],[19.042587,-31.322984],[19.042876,-31.323104],[19.043112,-31.323185],[19.043148,-31.323131],[19.042974,-31.32304],[19.042765,-31.322927],[19.042552,-31.322787],[19.042359,-31.322674],[19.042302,-31.322567],[19.042435,-31.322483],[19.042572,-31.322486],[19.042652,-31.322527],[19.042539,-31.32244],[19.04269,-31.322235],[19.042875,-31.322006],[19.043161,-31.32176],[19.044027,-31.320927],[19.044672,-31.320355],[19.046985,-31.322956],[19.047486,-31.323569],[19.047486,-31.323767],[19.047397,-31.323867],[19.047214,-31.323835],[19.046939,-31.323653],[19.04646,-31.323144],[19.045546,-31.322164],[19.044743,-31.321404],[19.044177,-31.320811],[19.043161,-31.32176],[19.042874,-31.322011],[19.042683,-31.322241],[19.042826,-31.322322],[19.042943,-31.322356],[19.043119,-31.322393],[19.043297,-31.322433],[19.043373,-31.322493],[19.043418,-31.322551],[19.043565,-31.322577],[19.043698,-31.322677],[19.043772,-31.322746],[19.04389,-31.322827],[19.043886,-31.322923],[19.043892,-31.323014],[19.043809,-31.32307],[19.043708,-31.323113],[19.043691,-31.323187],[19.043536,-31.323181],[19.043355,-31.323149],[19.043154,-31.323122],[19.043113,-31.323181],[19.04331,-31.323359],[19.043376,-31.323558],[19.043513,-31.323742],[19.043827,-31.324007],[19.044055,-31.32407],[19.044276,-31.324027],[19.044555,-31.324206],[19.04476,-31.324382],[19.044866,-31.324266],[19.044774,-31.324157],[19.044603,-31.32397],[19.044485,-31.323806],[19.044427,-31.323638],[19.044459,-31.323534],[19.044562,-31.323478],[19.044727,-31.323443],[19.044853,-31.323491],[19.045001,-31.32361],[19.045032,-31.323696],[19.045189,-31.323776],[19.045358,-31.323989],[19.045427,-31.324212],[19.045551,-31.324468],[19.045576,-31.324643],[19.045519,-31.324767],[19.045613,-31.324886],[19.045807,-31.32486],[19.04596,-31.32496],[19.046086,-31.324988],[19.046215,-31.325071],[19.046354,-31.325165],[19.046501,-31.32532],[19.046534,-31.325396],[19.046464,-31.325461],[19.046389,-31.325512],[19.046267,-31.325498],[19.046084,-31.325379],[19.045873,-31.325196],[19.045736,-31.325095],[19.045616,-31.324971],[19.045602,-31.324865],[19.045513,-31.324759],[19.045425,-31.324787],[19.045257,-31.324651],[19.045156,-31.32448],[19.045087,-31.324374],[19.044948,-31.32435],[19.04487,-31.324267],[19.044759,-31.324388],[19.044907,-31.324507],[19.045092,-31.324686],[19.045233,-31.324768],[19.045433,-31.324933],[19.045657,-31.325081],[19.045931,-31.32538],[19.046212,-31.325666],[19.046357,-31.325831],[19.04633,-31.325947],[19.046183,-31.325955],[19.045926,-31.32583],[19.045683,-31.325668],[19.045392,-31.325621],[19.045108,-31.325546],[19.044947,-31.325518],[19.044725,-31.325446],[19.044488,-31.325503],[19.044335,-31.325406],[19.043078,-31.324407],[19.041562,-31.323212]]]}},{"type":"Feature","properties":{"name":"G8: Koringland"},"geometry":{"type":"Polygon","coordinates":[[[19.08087,-31.353903],[19.081704,-31.353147],[19.081567,-31.352763],[19.081746,-31.352504],[19.081758,-31.352393],[19.081792,-31.352235],[19.082179,-31.351868],[19.082364,-31.351869],[19.082459,-31.351815],[19.0825,-31.351679],[19.0825,-31.351524],[19.082439,-31.351403],[19.082546,-31.350831],[19.082937,-31.350673],[19.083047,-31.35043],[19.083076,-31.350223],[19.083192,-31.350064],[19.083111,-31.349916],[19.083006,-31.349698],[19.082943,-31.349485],[19.082937,-31.349307],[19.083018,-31.349144],[19.083157,-31.348946],[19.083221,-31.348842],[19.08336,-31.348758],[19.083563,-31.348634],[19.083713,-31.348619],[19.083904,-31.348594],[19.084397,-31.348937],[19.084815,-31.349122],[19.084997,-31.34922],[19.084858,-31.349249],[19.084505,-31.349243],[19.084397,-31.349317],[19.084456,-31.349465],[19.084543,-31.349616],[19.084839,-31.3497],[19.085176,-31.349747],[19.085371,-31.349806],[19.085476,-31.349819],[19.086441,-31.348882],[19.087504,-31.355326],[19.087305,-31.356056],[19.087676,-31.356542],[19.087737,-31.356852],[19.088677,-31.362166],[19.088582,-31.362313],[19.088093,-31.362474],[19.088037,-31.36253],[19.088061,-31.362604],[19.088185,-31.362658],[19.088288,-31.362727],[19.088405,-31.362844],[19.088809,-31.363097],[19.089123,-31.364803],[19.08911,-31.364976],[19.089017,-31.365157],[19.088862,-31.365272],[19.088589,-31.365397],[19.088329,-31.365522],[19.087934,-31.365679],[19.087698,-31.36572],[19.08738,-31.365696],[19.087091,-31.365689],[19.08681,-31.365696],[19.086598,-31.365783],[19.086419,-31.365779],[19.086309,-31.365672],[19.086232,-31.365435],[19.086342,-31.365157],[19.086456,-31.364987],[19.086623,-31.364893],[19.086753,-31.364886],[19.087229,-31.364674],[19.087474,-31.364653],[19.087702,-31.364611],[19.087897,-31.364483],[19.08793,-31.364333],[19.087869,-31.364135],[19.087844,-31.363902],[19.087071,-31.363669],[19.086847,-31.36361],[19.086607,-31.363628],[19.086227,-31.363885],[19.086004,-31.363991],[19.085847,-31.364005],[19.085598,-31.363968],[19.085333,-31.36425],[19.085165,-31.364343],[19.084877,-31.364394],[19.084715,-31.364347],[19.084617,-31.364417],[19.084536,-31.3645],[19.08323,-31.364736],[19.083154,-31.36487],[19.083019,-31.364926],[19.082764,-31.364907],[19.082558,-31.364833],[19.082552,-31.364639],[19.082645,-31.364454],[19.082948,-31.36407],[19.083116,-31.36382],[19.083257,-31.36351],[19.08349,-31.363191],[19.083555,-31.362959],[19.083723,-31.362723],[19.08394,-31.362538],[19.08414,-31.362186],[19.084612,-31.360993],[19.08472,-31.36096],[19.085007,-31.360248],[19.085154,-31.36003],[19.085419,-31.359933],[19.085869,-31.359776],[19.086227,-31.359438],[19.086303,-31.359322],[19.086368,-31.358628],[19.0864,-31.358526],[19.086698,-31.358272],[19.08679,-31.358216],[19.086823,-31.35811],[19.086742,-31.357679],[19.086893,-31.357365],[19.087029,-31.357198],[19.087235,-31.357027],[19.087609,-31.356897],[19.087722,-31.356855],[19.08769,-31.356545],[19.087267,-31.356027],[19.087007,-31.356087],[19.086926,-31.356022],[19.086812,-31.356064],[19.086649,-31.355925],[19.086422,-31.355833],[19.086118,-31.355726],[19.085869,-31.355763],[19.085116,-31.355731],[19.084883,-31.35581],[19.083674,-31.356263],[19.083371,-31.35643],[19.083056,-31.356564],[19.082585,-31.356712],[19.082038,-31.356786],[19.081279,-31.356925],[19.081127,-31.356842],[19.081008,-31.356666],[19.080867,-31.35661],[19.080515,-31.35661],[19.08006,-31.35642],[19.080065,-31.356101],[19.080157,-31.355791],[19.080488,-31.355476],[19.080807,-31.355143],[19.080943,-31.354879],[19.080867,-31.35469],[19.08077,-31.354606],[19.080818,-31.354412],[19.080986,-31.354264],[19.081057,-31.354111],[19.08097,-31.353968],[19.08087,-31.353903]]]}},{"type":"Feature","properties":{"name":"GA10: Langs Wingerd"},"geometry":{"type":"Polygon","coordinates":[[[19.050874,-31.350608],[19.054353,-31.350938],[19.054416,-31.350992],[19.054391,-31.351081],[19.05404,-31.351232],[19.053633,-31.351549],[19.053276,-31.351917],[19.05314,-31.352169],[19.053096,-31.352443],[19.053034,-31.352554],[19.052664,-31.352785],[19.052164,-31.353045],[19.05195,-31.353301],[19.051824,-31.353508],[19.051805,-31.353663],[19.051495,-31.353844],[19.051321,-31.353962],[19.051136,-31.354039],[19.050906,-31.354048],[19.050749,-31.353842],[19.050749,-31.353583],[19.050581,-31.353377],[19.050365,-31.353332],[19.050274,-31.353505],[19.050176,-31.353598],[19.049786,-31.353614],[19.049521,-31.353623],[19.04903,-31.353577],[19.048832,-31.353519],[19.048724,-31.353434],[19.048567,-31.353231],[19.048472,-31.352984],[19.048601,-31.352945],[19.048738,-31.352845],[19.048599,-31.352768],[19.048274,-31.352633],[19.047984,-31.352518],[19.050698,-31.352517],[19.050684,-31.350589],[19.050874,-31.350608]]]}},{"type":"Feature","properties":{"name":"B8: Tussenkamp"},"geometry":{"type":"Polygon","coordinates":[[[19.04387,-31.32081],[19.043997,-31.320733],[19.044576,-31.32022],[19.046323,-31.318574],[19.046222,-31.318496],[19.045983,-31.31822],[19.045983,-31.318061],[19.045866,-31.317984],[19.045766,-31.317843],[19.045558,-31.317675],[19.045399,-31.317576],[19.045091,-31.31753],[19.044858,-31.317476],[19.044608,-31.317394],[19.044438,-31.317258],[19.044273,-31.317154],[19.043981,-31.317077],[19.043737,-31.317022],[19.043514,-31.317027],[19.043466,-31.317108],[19.043334,-31.317081],[19.043307,-31.316972],[19.042935,-31.316918],[19.042898,-31.316999],[19.042797,-31.317022],[19.042718,-31.316909],[19.04258,-31.316904],[19.042399,-31.316882],[19.042282,-31.316832],[19.042219,-31.316904],[19.042091,-31.316904],[19.042069,-31.316855],[19.04214,-31.316823],[19.042127,-31.316769],[19.042044,-31.31678],[19.041936,-31.316783],[19.041854,-31.316805],[19.041779,-31.316831],[19.041722,-31.316838],[19.041668,-31.316855],[19.041597,-31.316891],[19.041466,-31.316906],[19.041325,-31.316934],[19.041221,-31.316959],[19.041105,-31.316972],[19.041035,-31.317003],[19.040951,-31.317012],[19.040863,-31.317039],[19.040797,-31.317049],[19.040733,-31.317068],[19.040669,-31.317078],[19.040613,-31.317111],[19.040564,-31.317144],[19.040513,-31.317194],[19.040453,-31.317212],[19.040396,-31.317225],[19.040255,-31.317281],[19.040218,-31.3173],[19.040179,-31.31736],[19.040153,-31.317427],[19.040126,-31.317513],[19.040091,-31.317569],[19.040069,-31.317645],[19.040054,-31.317689],[19.040012,-31.31775],[19.039842,-31.317799],[19.039716,-31.317805],[19.03962,-31.317849],[19.039546,-31.317854],[19.039491,-31.31791],[19.039443,-31.317952],[19.039333,-31.317971],[19.039253,-31.317979],[19.039166,-31.317981],[19.039067,-31.317948],[19.038274,-31.31812],[19.03821,-31.318154],[19.038199,-31.318199],[19.038199,-31.318243],[19.038151,-31.318298],[19.038087,-31.31833],[19.038008,-31.31833],[19.037947,-31.318338],[19.037864,-31.318393],[19.037818,-31.31844],[19.037741,-31.31848],[19.03758,-31.318657],[19.037567,-31.318715],[19.037587,-31.318771],[19.037611,-31.3188],[19.038521,-31.319286],[19.040039,-31.320093],[19.040469,-31.320318],[19.040538,-31.320365],[19.04054,-31.32032],[19.040459,-31.320251],[19.040401,-31.32017],[19.040437,-31.320108],[19.040548,-31.320104],[19.04051,-31.320041],[19.040362,-31.319959],[19.040312,-31.319858],[19.040381,-31.319849],[19.040282,-31.319719],[19.040174,-31.319683],[19.039944,-31.319604],[19.039845,-31.319602],[19.039817,-31.319505],[19.03978,-31.319438],[19.039924,-31.319435],[19.040108,-31.319505],[19.04017,-31.319588],[19.040255,-31.319644],[19.040286,-31.319721],[19.040376,-31.319847],[19.040431,-31.319889],[19.04051,-31.319939],[19.040609,-31.320028],[19.040518,-31.320037],[19.040552,-31.320099],[19.040641,-31.320137],[19.040686,-31.320205],[19.040726,-31.32027],[19.040706,-31.320324],[19.040554,-31.320324],[19.040546,-31.32037],[19.040634,-31.320405],[19.041023,-31.320614],[19.041198,-31.320623],[19.041299,-31.320651],[19.041386,-31.320716],[19.041528,-31.320697],[19.041582,-31.320837],[19.041633,-31.320911],[19.042063,-31.321136],[19.042401,-31.321324],[19.042784,-31.321529],[19.042923,-31.321581],[19.042965,-31.321592],[19.042962,-31.321549],[19.042882,-31.32152],[19.04284,-31.321472],[19.042891,-31.321446],[19.042962,-31.321457],[19.04304,-31.321448],[19.043096,-31.321465],[19.043077,-31.321515],[19.043024,-31.321541],[19.042963,-31.321549],[19.042966,-31.32159],[19.043036,-31.321594],[19.043132,-31.321532],[19.04338,-31.321304],[19.043522,-31.321183],[19.043551,-31.321106],[19.043531,-31.321022],[19.04311,-31.321027],[19.043023,-31.321239],[19.04291,-31.321143],[19.042889,-31.32095],[19.042878,-31.320846],[19.042691,-31.320919],[19.042728,-31.320988],[19.042705,-31.321018],[19.042609,-31.320945],[19.042682,-31.320907],[19.04268,-31.320865],[19.042573,-31.320853],[19.042575,-31.320772],[19.042663,-31.320752],[19.042689,-31.320916],[19.042872,-31.320832],[19.042696,-31.320729],[19.042488,-31.320798],[19.042502,-31.320845],[19.042374,-31.320853],[19.042269,-31.320891],[19.042142,-31.320906],[19.042065,-31.320954],[19.041963,-31.320954],[19.041828,-31.32091],[19.041763,-31.32083],[19.041747,-31.320749],[19.041811,-31.320706],[19.041898,-31.320729],[19.041905,-31.32077],[19.041982,-31.320841],[19.042052,-31.320817],[19.042182,-31.320778],[19.042299,-31.320746],[19.042428,-31.320744],[19.042472,-31.320772],[19.042488,-31.320792],[19.042699,-31.320728],[19.042571,-31.320649],[19.042434,-31.32052],[19.042201,-31.320569],[19.042136,-31.320623],[19.042022,-31.320592],[19.041968,-31.320655],[19.041883,-31.320647],[19.041845,-31.320692],[19.041794,-31.320682],[19.041752,-31.320668],[19.041593,-31.320679],[19.041666,-31.320539],[19.041741,-31.320487],[19.041834,-31.320406],[19.041981,-31.320286],[19.042065,-31.320138],[19.042203,-31.320031],[19.042206,-31.319924],[19.042238,-31.31983],[19.042143,-31.319692],[19.041976,-31.319542],[19.041872,-31.319367],[19.0418,-31.319178],[19.04178,-31.31901],[19.041693,-31.318875],[19.041702,-31.318791],[19.041817,-31.318809],[19.041872,-31.3189],[19.042177,-31.319057],[19.042269,-31.319202],[19.042483,-31.319394],[19.042647,-31.319439],[19.042707,-31.319517],[19.042572,-31.319577],[19.042468,-31.319606],[19.042365,-31.319636],[19.042284,-31.319793],[19.042281,-31.319944],[19.042308,-31.320036],[19.042299,-31.320228],[19.042332,-31.320406],[19.042446,-31.32051],[19.042617,-31.320593],[19.042743,-31.320635],[19.043026,-31.320774],[19.043107,-31.321027],[19.043526,-31.321014],[19.04355,-31.320869],[19.043607,-31.320797],[19.043704,-31.320781],[19.04387,-31.32081]]]}},{"type":"Feature","properties":{"name":"Pierre Begraafplaas 3"},"geometry":{"type":"Polygon","coordinates":[[[19.040371,-31.339183],[19.040561,-31.338969],[19.041332,-31.339125],[19.041387,-31.339405],[19.042216,-31.339436],[19.042301,-31.339262],[19.042124,-31.339249],[19.042135,-31.339029],[19.042471,-31.339042],[19.042696,-31.338902],[19.042756,-31.338834],[19.042442,-31.338811],[19.042373,-31.33876],[19.042559,-31.33855],[19.04373,-31.338635],[19.043721,-31.338811],[19.044214,-31.33883],[19.044267,-31.339095],[19.044205,-31.339192],[19.043665,-31.339172],[19.043373,-31.339353],[19.04347,-31.339425],[19.043965,-31.339444],[19.043931,-31.340091],[19.043382,-31.34007],[19.0432,-31.339934],[19.042549,-31.339887],[19.042518,-31.339732],[19.042282,-31.339766],[19.042315,-31.339931],[19.042185,-31.339983],[19.041304,-31.339919],[19.041167,-31.339724],[19.040896,-31.339714],[19.040371,-31.339183]]]}},{"type":"Feature","properties":{"name":"Pierre Begraafplaas 2"},"geometry":{"type":"Polygon","coordinates":[[[19.034541,-31.338792],[19.034337,-31.338745],[19.034116,-31.338444],[19.034351,-31.338208],[19.034193,-31.338092],[19.03585,-31.336528],[19.035982,-31.338018],[19.035948,-31.338282],[19.036037,-31.338461],[19.036488,-31.338504],[19.036565,-31.338331],[19.036598,-31.338077],[19.038929,-31.3383],[19.039159,-31.338613],[19.038944,-31.339093],[19.038337,-31.339117],[19.036838,-31.338878],[19.036199,-31.338728],[19.034541,-31.338792]]]}},{"type":"Feature","properties":{"name":"G9: Langland by Bloekoms"},"geometry":{"type":"Polygon","coordinates":[[[19.070623,-31.355814],[19.07036,-31.355769],[19.070209,-31.355625],[19.070221,-31.355433],[19.07035,-31.355177],[19.070161,-31.355087],[19.069594,-31.355368],[19.069279,-31.355471],[19.069078,-31.355323],[19.068846,-31.355288],[19.068586,-31.355356],[19.068427,-31.355272],[19.068291,-31.355212],[19.070313,-31.354219],[19.072565,-31.353138],[19.072722,-31.353129],[19.072812,-31.353007],[19.073397,-31.352708],[19.073577,-31.352679],[19.073942,-31.352746],[19.074139,-31.352691],[19.074151,-31.352457],[19.074338,-31.352268],[19.074639,-31.352128],[19.074752,-31.352118],[19.075122,-31.351934],[19.075277,-31.351819],[19.075532,-31.35184],[19.075638,-31.351937],[19.076196,-31.35175],[19.076524,-31.351455],[19.076652,-31.351317],[19.076793,-31.351258],[19.077244,-31.351466],[19.077514,-31.351608],[19.077872,-31.351662],[19.078131,-31.351886],[19.078342,-31.351864],[19.078562,-31.351921],[19.078888,-31.351995],[19.07911,-31.351985],[19.07928,-31.352089],[19.079506,-31.352065],[19.079606,-31.351947],[19.079778,-31.351932],[19.079911,-31.351971],[19.079969,-31.352166],[19.079792,-31.352354],[19.0795,-31.352654],[19.079131,-31.352847],[19.078805,-31.353196],[19.078297,-31.353608],[19.077311,-31.354205],[19.077032,-31.354321],[19.076582,-31.354415],[19.076154,-31.354443],[19.075858,-31.354201],[19.075448,-31.354172],[19.075094,-31.354287],[19.07479,-31.354144],[19.074545,-31.354126],[19.074389,-31.354021],[19.074128,-31.354033],[19.073832,-31.354215],[19.073658,-31.354394],[19.073186,-31.354549],[19.073588,-31.354811],[19.073362,-31.354963],[19.073218,-31.355208],[19.072994,-31.355273],[19.072751,-31.355588],[19.072457,-31.355917],[19.072216,-31.356039],[19.07267,-31.356168],[19.073237,-31.355983],[19.073878,-31.355725],[19.074309,-31.355597],[19.07468,-31.355368],[19.075059,-31.355047],[19.07517,-31.354931],[19.075931,-31.354729],[19.075529,-31.354743],[19.075455,-31.354617],[19.074987,-31.354687],[19.074697,-31.354747],[19.074415,-31.354675],[19.074199,-31.354551],[19.073582,-31.354812],[19.073188,-31.354546],[19.072838,-31.354625],[19.072648,-31.354866],[19.072547,-31.355061],[19.072368,-31.355267],[19.0722,-31.355409],[19.071595,-31.355494],[19.071316,-31.355472],[19.071022,-31.355646],[19.070793,-31.355794],[19.070623,-31.355814]]]}},{"type":"Feature","properties":{"name":"B3: Biekoes Hardekop"},"geometry":{"type":"Polygon","coordinates":[[[19.041874,-31.312969],[19.042144,-31.312936],[19.042335,-31.312868],[19.04257,-31.31273],[19.042727,-31.312614],[19.042882,-31.312437],[19.043001,-31.312264],[19.043,-31.312048],[19.042935,-31.31197],[19.042855,-31.311776],[19.042794,-31.311593],[19.042549,-31.311258],[19.042403,-31.311168],[19.042132,-31.311023],[19.041964,-31.311015],[19.041672,-31.311107],[19.041542,-31.311192],[19.041509,-31.31127],[19.041409,-31.311372],[19.041264,-31.311458],[19.041113,-31.311617],[19.041014,-31.311743],[19.040927,-31.311813],[19.040835,-31.31199],[19.040809,-31.312114],[19.040647,-31.312249],[19.040498,-31.312385],[19.040366,-31.312427],[19.040312,-31.312414],[19.040113,-31.312279],[19.039455,-31.311915],[19.038994,-31.311678],[19.038605,-31.311519],[19.038433,-31.311495],[19.038383,-31.311604],[19.03833,-31.311872],[19.038281,-31.312137],[19.038269,-31.312257],[19.03813,-31.312613],[19.03806,-31.312828],[19.037953,-31.313312],[19.037821,-31.313905],[19.037689,-31.314414],[19.037627,-31.314731],[19.037573,-31.315076],[19.037439,-31.315558],[19.037222,-31.316232],[19.037174,-31.316544],[19.036992,-31.317173],[19.036919,-31.317503],[19.03695,-31.317677],[19.03715,-31.317814],[19.037637,-31.317963],[19.037704,-31.318039],[19.037836,-31.31808],[19.037924,-31.318161],[19.038235,-31.318126],[19.039061,-31.317938],[19.039177,-31.317973],[19.039415,-31.317953],[19.039535,-31.317836],[19.039637,-31.31784],[19.039713,-31.317792],[19.039858,-31.317785],[19.039997,-31.317752],[19.040056,-31.317663],[19.039958,-31.317625],[19.039981,-31.317365],[19.040061,-31.317101],[19.040105,-31.316974],[19.040136,-31.31674],[19.040146,-31.316482],[19.040201,-31.316334],[19.040276,-31.316278],[19.040351,-31.316315],[19.040424,-31.316325],[19.040417,-31.316423],[19.040508,-31.316493],[19.040596,-31.31649],[19.040808,-31.316433],[19.040994,-31.316401],[19.041159,-31.316377],[19.041307,-31.316383],[19.041444,-31.316299],[19.041525,-31.316169],[19.041569,-31.316092],[19.0417,-31.315997],[19.041677,-31.315895],[19.041697,-31.315773],[19.041767,-31.31567],[19.041854,-31.315635],[19.041992,-31.315708],[19.042055,-31.315744],[19.042102,-31.31584],[19.042126,-31.31594],[19.042179,-31.316022],[19.04227,-31.316055],[19.042412,-31.316044],[19.042539,-31.316012],[19.042625,-31.315934],[19.04268,-31.315888],[19.042768,-31.315945],[19.042868,-31.316041],[19.042937,-31.316113],[19.043063,-31.316073],[19.043178,-31.315968],[19.043284,-31.31583],[19.043335,-31.315774],[19.043431,-31.315682],[19.043523,-31.315675],[19.04361,-31.315704],[19.043697,-31.315735],[19.043774,-31.315736],[19.04389,-31.315669],[19.043951,-31.315574],[19.044028,-31.315489],[19.044137,-31.315398],[19.044186,-31.315336],[19.04428,-31.315248],[19.04437,-31.315141],[19.044413,-31.315108],[19.044506,-31.314974],[19.044606,-31.314814],[19.044573,-31.31467],[19.04451,-31.314571],[19.044187,-31.314573],[19.043928,-31.314527],[19.043778,-31.314456],[19.043717,-31.314427],[19.043704,-31.314275],[19.04361,-31.314158],[19.043529,-31.313999],[19.04355,-31.313884],[19.043601,-31.313762],[19.043722,-31.31367],[19.043847,-31.313585],[19.043946,-31.313545],[19.044041,-31.313484],[19.044132,-31.313386],[19.044184,-31.313316],[19.044257,-31.313207],[19.04429,-31.31315],[19.044318,-31.312975],[19.044368,-31.312945],[19.044414,-31.312883],[19.044461,-31.312789],[19.044273,-31.312796],[19.043953,-31.31279],[19.043685,-31.3128],[19.043529,-31.312825],[19.043316,-31.312834],[19.043138,-31.312836],[19.042912,-31.312904],[19.042858,-31.312948],[19.042773,-31.312955],[19.042579,-31.313037],[19.042514,-31.31307],[19.042444,-31.313057],[19.04227,-31.313037],[19.042062,-31.313024],[19.041884,-31.313049],[19.041688,-31.313175],[19.041686,-31.313239],[19.041596,-31.313369],[19.041544,-31.313439],[19.041429,-31.313451],[19.041351,-31.313384],[19.041288,-31.313355],[19.041212,-31.313281],[19.041198,-31.313228],[19.041256,-31.313131],[19.04114,-31.31305],[19.041072,-31.31301],[19.041023,-31.312963],[19.040929,-31.312867],[19.040914,-31.312791],[19.040917,-31.31271],[19.040998,-31.312647],[19.041104,-31.312624],[19.041239,-31.312653],[19.041428,-31.312689],[19.041521,-31.312738],[19.041672,-31.312859],[19.04179,-31.312955],[19.041874,-31.312969]]]}},{"type":"Feature","properties":{"name":"C12: Langland"},"geometry":{"type":"Polygon","coordinates":[[[19.015598,-31.330331],[19.016422,-31.330533],[19.017154,-31.330898],[19.017993,-31.33123],[19.019464,-31.331438],[19.020006,-31.33177],[19.020303,-31.332187],[19.021508,-31.332435],[19.022994,-31.331647],[19.022987,-31.331425],[19.022812,-31.331288],[19.022575,-31.331432],[19.022141,-31.331594],[19.021622,-31.331679],[19.021096,-31.331523],[19.02041,-31.331445],[19.020204,-31.331073],[19.01983,-31.330722],[19.018679,-31.330416],[19.017543,-31.330311],[19.016887,-31.330214],[19.016552,-31.33007],[19.016613,-31.329614],[19.020974,-31.330448],[19.021691,-31.330507],[19.021592,-31.330038],[19.018999,-31.328058],[19.017825,-31.327889],[19.016152,-31.326993],[19.016187,-31.326614],[19.016128,-31.326405],[19.016169,-31.326221],[19.016513,-31.325835],[19.017143,-31.325837],[19.017948,-31.326555],[19.018141,-31.326983],[19.018643,-31.326893],[19.018229,-31.324875],[19.015691,-31.325319],[19.015629,-31.327281],[19.015598,-31.330331]]]}},{"type":"Feature","properties":{"name":"C8: Eerste Spilpunt"},"geometry":{"type":"Polygon","coordinates":[[[19.024586,-31.332078],[19.024406,-31.331952],[19.024259,-31.331736],[19.024422,-31.331239],[19.024349,-31.330945],[19.024136,-31.330428],[19.024062,-31.329855],[19.02425,-31.329071],[19.024586,-31.328449],[19.024922,-31.328016],[19.025388,-31.327848],[19.025945,-31.327617],[19.027525,-31.327568],[19.028581,-31.328099],[19.029293,-31.32954],[19.029228,-31.33026],[19.028761,-31.331183],[19.028254,-31.332127],[19.027353,-31.332484],[19.024971,-31.332169],[19.024586,-31.332078]]]}},{"type":"Feature","properties":{"name":"B10: Ramkamp"},"geometry":{"type":"Polygon","coordinates":[[[19.043781,-31.31194],[19.043867,-31.311901],[19.044047,-31.311836],[19.044215,-31.311912],[19.044369,-31.312035],[19.044556,-31.312088],[19.044769,-31.312074],[19.044973,-31.312091],[19.045409,-31.311901],[19.04555,-31.311724],[19.045833,-31.311544],[19.045987,-31.311371],[19.046112,-31.311149],[19.046161,-31.31102],[19.046295,-31.310975],[19.046361,-31.310877],[19.046361,-31.310748],[19.046269,-31.310647],[19.046075,-31.310625],[19.045944,-31.310562],[19.04594,-31.310442],[19.046035,-31.310293],[19.04617,-31.310187],[19.046288,-31.310153],[19.046377,-31.310142],[19.046367,-31.310088],[19.046167,-31.310004],[19.04615,-31.309951],[19.046291,-31.309822],[19.046426,-31.309774],[19.046669,-31.309774],[19.046915,-31.309702],[19.04701,-31.309688],[19.047109,-31.309746],[19.047043,-31.309864],[19.047079,-31.309957],[19.047105,-31.310055],[19.047109,-31.310105],[19.047112,-31.310307],[19.047,-31.310338],[19.047036,-31.3104],[19.047191,-31.310419],[19.047506,-31.310397],[19.047621,-31.310321],[19.047575,-31.310279],[19.047637,-31.310206],[19.047509,-31.310164],[19.047368,-31.310206],[19.047256,-31.310265],[19.047109,-31.310307],[19.047115,-31.310114],[19.047194,-31.310097],[19.047299,-31.310052],[19.047496,-31.309741],[19.047397,-31.309707],[19.047332,-31.309755],[19.047204,-31.309746],[19.047148,-31.309702],[19.047096,-31.309741],[19.04699,-31.309685],[19.047296,-31.309446],[19.047457,-31.309421],[19.047634,-31.309357],[19.047818,-31.309214],[19.047946,-31.309062],[19.048054,-31.30895],[19.048172,-31.308866],[19.0481,-31.308762],[19.047906,-31.308942],[19.047634,-31.30916],[19.047329,-31.309326],[19.047191,-31.309376],[19.046964,-31.309536],[19.046797,-31.309589],[19.046446,-31.309626],[19.046268,-31.309679],[19.046026,-31.309898],[19.045868,-31.309985],[19.04555,-31.309968],[19.045103,-31.309901],[19.044936,-31.309755],[19.044769,-31.309547],[19.044664,-31.309385],[19.044726,-31.309287],[19.045185,-31.308914],[19.045842,-31.308457],[19.045907,-31.308409],[19.046003,-31.308089],[19.046045,-31.30796],[19.04617,-31.30782],[19.046383,-31.30757],[19.046635,-31.307281],[19.046921,-31.307085],[19.04719,-31.306906],[19.047347,-31.306835],[19.047863,-31.306606],[19.048227,-31.306437],[19.048489,-31.30628],[19.04865,-31.30621],[19.048716,-31.306266],[19.048706,-31.306378],[19.048772,-31.306471],[19.048916,-31.306575],[19.049067,-31.306639],[19.049133,-31.306765],[19.049182,-31.306866],[19.049221,-31.307029],[19.049221,-31.307082],[19.049162,-31.30722],[19.049123,-31.307351],[19.04909,-31.307464],[19.049074,-31.307565],[19.04906,-31.307716],[19.049014,-31.307834],[19.048929,-31.307966],[19.048768,-31.308036],[19.048611,-31.308117],[19.048552,-31.308243],[19.048457,-31.308361],[19.048312,-31.308487],[19.048266,-31.308588],[19.048217,-31.308686],[19.048112,-31.30877],[19.048161,-31.308871],[19.048345,-31.308835],[19.048532,-31.308891],[19.048749,-31.308936],[19.048965,-31.30895],[19.049116,-31.309006],[19.049215,-31.309149],[19.049287,-31.30923],[19.049395,-31.309379],[19.049444,-31.30948],[19.049458,-31.309606],[19.049349,-31.309707],[19.049254,-31.309816],[19.04906,-31.30997],[19.048955,-31.310069],[19.048703,-31.310186],[19.04842,-31.310315],[19.048368,-31.31027],[19.048401,-31.310209],[19.048302,-31.310203],[19.048207,-31.31027],[19.048283,-31.310312],[19.048371,-31.310276],[19.048411,-31.310318],[19.04822,-31.310343],[19.048079,-31.31038],[19.047912,-31.310436],[19.047807,-31.310458],[19.047741,-31.310545],[19.047656,-31.310624],[19.047515,-31.310649],[19.047196,-31.310537],[19.046996,-31.310469],[19.046806,-31.310391],[19.046386,-31.310153],[19.046921,-31.310458],[19.047246,-31.310638],[19.048102,-31.311193],[19.048279,-31.311333],[19.048614,-31.311451],[19.048916,-31.311527],[19.049054,-31.311552],[19.049211,-31.311577],[19.04927,-31.311664],[19.04927,-31.311754],[19.047393,-31.312048],[19.046162,-31.312242],[19.044564,-31.312514],[19.043781,-31.31194]]]}},{"type":"Feature","properties":{"name":"B17: Donkiekamp"},"geometry":{"type":"Polygon","coordinates":[[[19.038839,-31.30986],[19.039347,-31.307601],[19.039491,-31.307422],[19.039657,-31.307337],[19.039697,-31.307258],[19.039706,-31.307168],[19.039585,-31.307138],[19.039491,-31.307207],[19.039693,-31.306357],[19.039747,-31.306153],[19.039847,-31.306167],[19.039858,-31.305979],[19.039752,-31.306123],[19.03979,-31.305872],[19.040006,-31.305652],[19.040073,-31.305431],[19.040124,-31.30532],[19.040285,-31.305322],[19.040361,-31.305127],[19.040435,-31.305155],[19.040376,-31.305311],[19.04034,-31.305443],[19.040452,-31.305592],[19.040562,-31.305438],[19.040562,-31.305306],[19.040436,-31.305144],[19.040336,-31.305106],[19.040255,-31.304996],[19.040186,-31.304806],[19.040282,-31.304669],[19.040414,-31.304614],[19.040616,-31.304568],[19.040765,-31.304461],[19.041298,-31.304407],[19.040926,-31.304622],[19.040769,-31.304612],[19.040603,-31.304721],[19.040926,-31.304622],[19.040769,-31.304852],[19.040536,-31.304864],[19.040485,-31.304946],[19.040572,-31.305005],[19.040628,-31.305004],[19.040649,-31.304969],[19.040688,-31.305042],[19.040648,-31.305065],[19.04063,-31.305095],[19.040638,-31.305157],[19.040685,-31.305209],[19.040775,-31.305226],[19.040815,-31.305164],[19.040788,-31.305109],[19.040743,-31.305068],[19.040693,-31.305046],[19.040675,-31.305012],[19.040713,-31.305],[19.040881,-31.305052],[19.040907,-31.304995],[19.041041,-31.304911],[19.04104,-31.30485],[19.041027,-31.304791],[19.040899,-31.304809],[19.040865,-31.304844],[19.040809,-31.304874],[19.040739,-31.304933],[19.040702,-31.304995],[19.040669,-31.305007],[19.040646,-31.304964],[19.040694,-31.304903],[19.040767,-31.30485],[19.040928,-31.304623],[19.041243,-31.304438],[19.041351,-31.304448],[19.041483,-31.304395],[19.041596,-31.304372],[19.041668,-31.304385],[19.041816,-31.304381],[19.041899,-31.304358],[19.042761,-31.304315],[19.042886,-31.30432],[19.042942,-31.304391],[19.042897,-31.304432],[19.042927,-31.30449],[19.042745,-31.304713],[19.042586,-31.304888],[19.042437,-31.305072],[19.042263,-31.305278],[19.042229,-31.305368],[19.042241,-31.305491],[19.041981,-31.305492],[19.04199,-31.305423],[19.041952,-31.305296],[19.041847,-31.305375],[19.041775,-31.305417],[19.041636,-31.305462],[19.041585,-31.305641],[19.04153,-31.305714],[19.041547,-31.305771],[19.04161,-31.305819],[19.041697,-31.305911],[19.041719,-31.305981],[19.041699,-31.306044],[19.04163,-31.306146],[19.041663,-31.306253],[19.041755,-31.306319],[19.041856,-31.30636],[19.041934,-31.306307],[19.042013,-31.306209],[19.042115,-31.306093],[19.041979,-31.305946],[19.041875,-31.3058],[19.041834,-31.305744],[19.041929,-31.305619],[19.041988,-31.305491],[19.042244,-31.305498],[19.042358,-31.305768],[19.04242,-31.305948],[19.042412,-31.306151],[19.042333,-31.306332],[19.042188,-31.306473],[19.04206,-31.306553],[19.041892,-31.306642],[19.041661,-31.306615],[19.041546,-31.306516],[19.041484,-31.306489],[19.041409,-31.306494],[19.04134,-31.306581],[19.041332,-31.30667],[19.041115,-31.306875],[19.040918,-31.307025],[19.040756,-31.307033],[19.040518,-31.30694],[19.040543,-31.306788],[19.040641,-31.306743],[19.040504,-31.306222],[19.040459,-31.305916],[19.040451,-31.305602],[19.040389,-31.30584],[19.040415,-31.306097],[19.04045,-31.306414],[19.040547,-31.306652],[19.040543,-31.306794],[19.040515,-31.306942],[19.040523,-31.30712],[19.040576,-31.30719],[19.040695,-31.307127],[19.04076,-31.307035],[19.04091,-31.307034],[19.04085,-31.307161],[19.040949,-31.307255],[19.041067,-31.307169],[19.041088,-31.307026],[19.04131,-31.306851],[19.041406,-31.306747],[19.041534,-31.306734],[19.041766,-31.307004],[19.041769,-31.307218],[19.041729,-31.30739],[19.041762,-31.307541],[19.041761,-31.307655],[19.041624,-31.307777],[19.041418,-31.307798],[19.041178,-31.307698],[19.041018,-31.307601],[19.040769,-31.307622],[19.040575,-31.307531],[19.040518,-31.30757],[19.040673,-31.307784],[19.040788,-31.307848],[19.040933,-31.307836],[19.041242,-31.308031],[19.041488,-31.308662],[19.04158,-31.308924],[19.041398,-31.308893],[19.041263,-31.308827],[19.041325,-31.308991],[19.041297,-31.309062],[19.041134,-31.308881],[19.041051,-31.308767],[19.041008,-31.308637],[19.040843,-31.308617],[19.040842,-31.30881],[19.041062,-31.308962],[19.041208,-31.309079],[19.041368,-31.309081],[19.041663,-31.309204],[19.041699,-31.308936],[19.04158,-31.308927],[19.041506,-31.308673],[19.042095,-31.308437],[19.042343,-31.308595],[19.042744,-31.308572],[19.042991,-31.30869],[19.043262,-31.308791],[19.043044,-31.308898],[19.042516,-31.309094],[19.042266,-31.309126],[19.041977,-31.309509],[19.04192,-31.309824],[19.041762,-31.310052],[19.041203,-31.310426],[19.041065,-31.310418],[19.038839,-31.30986]]]}},{"type":"Feature","properties":{"name":"C11: Bobjan"},"geometry":{"type":"Polygon","coordinates":[[[19.015537,-31.325394],[19.015418,-31.330162],[19.014522,-31.329994],[19.013842,-31.330027],[19.013486,-31.330192],[19.013037,-31.330225],[19.012419,-31.330344],[19.011942,-31.330215],[19.011525,-31.330186],[19.010991,-31.330001],[19.010612,-31.330088],[19.009543,-31.330289],[19.00812,-31.330021],[19.005645,-31.329505],[19.00556,-31.329089],[19.005522,-31.328825],[19.005437,-31.328634],[19.005491,-31.328383],[19.005599,-31.328118],[19.005761,-31.327973],[19.006411,-31.327815],[19.007254,-31.328092],[19.007486,-31.327702],[19.008151,-31.327702],[19.008707,-31.327517],[19.009055,-31.327438],[19.00914,-31.327319],[19.009829,-31.327068],[19.009968,-31.326943],[19.009883,-31.326784],[19.009929,-31.326395],[19.01347,-31.325688],[19.013656,-31.32582],[19.014019,-31.325945],[19.014514,-31.325833],[19.015148,-31.325529],[19.015226,-31.325391],[19.015537,-31.325394]]]}},{"type":"Feature","properties":{"name":"B16: Vaalland"},"geometry":{"type":"Polygon","coordinates":[[[19.050841,-31.312909],[19.051205,-31.311532],[19.053836,-31.31016],[19.052905,-31.311476],[19.05174,-31.312609],[19.055031,-31.309809],[19.057129,-31.313928],[19.056173,-31.313841],[19.05585,-31.313527],[19.055191,-31.31397],[19.054121,-31.31391],[19.052809,-31.313407],[19.052388,-31.312867],[19.051692,-31.312615],[19.051087,-31.312853],[19.050841,-31.312909]]]}},{"type":"Feature","properties":{"name":"Pierre Begrafplaas"},"geometry":{"type":"Polygon","coordinates":[[[19.034415,-31.337834],[19.034158,-31.338067],[19.034075,-31.3385],[19.034627,-31.338784],[19.035993,-31.338774],[19.036543,-31.338744],[19.03713,-31.338923],[19.037943,-31.339034],[19.037882,-31.339681],[19.036764,-31.339601],[19.036649,-31.339922],[19.036875,-31.340344],[19.037687,-31.340391],[19.038912,-31.340043],[19.038928,-31.339776],[19.037882,-31.339701],[19.03796,-31.339039],[19.038727,-31.33904],[19.039075,-31.338858],[19.040557,-31.338952],[19.040545,-31.338999],[19.040401,-31.339171],[19.040894,-31.33973],[19.041126,-31.339759],[19.041306,-31.33994],[19.042239,-31.339979],[19.042341,-31.339771],[19.042506,-31.339711],[19.042591,-31.339884],[19.043236,-31.339783],[19.043127,-31.339573],[19.04256,-31.339632],[19.042491,-31.339472],[19.04148,-31.339415],[19.041372,-31.339272],[19.04129,-31.339103],[19.040559,-31.338986],[19.042169,-31.339062],[19.042197,-31.339252],[19.043509,-31.339344],[19.043704,-31.339208],[19.044168,-31.339214],[19.044296,-31.339026],[19.044248,-31.338846],[19.043632,-31.338835],[19.043664,-31.3386],[19.042567,-31.338534],[19.042393,-31.338791],[19.042748,-31.338859],[19.042611,-31.339049],[19.042194,-31.339069],[19.039105,-31.338843],[19.039064,-31.338553],[19.038958,-31.33827],[19.036461,-31.338044],[19.036525,-31.338253],[19.036395,-31.338469],[19.036061,-31.338477],[19.035926,-31.338272],[19.036046,-31.338029],[19.034415,-31.337834]]]}},{"type":"Feature","properties":{"name":"KV By die Huis"},"geometry":{"type":"Polygon","coordinates":[[[19.021525,-31.317074],[19.019955,-31.31715],[19.019869,-31.31403],[19.020122,-31.313917],[19.020012,-31.312568],[19.021921,-31.3121],[19.0221,-31.311318],[19.022414,-31.31114],[19.022646,-31.311133],[19.023108,-31.310927],[19.023542,-31.311164],[19.023773,-31.31139],[19.02412,-31.31177],[19.024674,-31.312538],[19.024577,-31.312736],[19.024241,-31.312819],[19.023985,-31.312761],[19.022838,-31.313412],[19.022522,-31.313553],[19.022076,-31.313566],[19.021268,-31.313928],[19.021525,-31.317074]]]}},{"type":"Feature","properties":{"name":"KV 1"},"geometry":{"type":"Polygon","coordinates":[[[19.019903,-31.317144],[19.01758,-31.317237],[19.017367,-31.314795],[19.017227,-31.314821],[19.017358,-31.317224],[19.016297,-31.31732],[19.01601,-31.317199],[19.015961,-31.316636],[19.016051,-31.316268],[19.015872,-31.316021],[19.01579,-31.313716],[19.015524,-31.313528],[19.015652,-31.313776],[19.015559,-31.314158],[19.015667,-31.314536],[19.0157,-31.315153],[19.015632,-31.315432],[19.015396,-31.315524],[19.015014,-31.315055],[19.014792,-31.31442],[19.014614,-31.313657],[19.014044,-31.313685],[19.01268,-31.313925],[19.012497,-31.3135],[19.011292,-31.311543],[19.011282,-31.311393],[19.011561,-31.31071],[19.012162,-31.309975],[19.01446,-31.309453],[19.014864,-31.311183],[19.015499,-31.311065],[19.018697,-31.310312],[19.018807,-31.311878],[19.018115,-31.312517],[19.018093,-31.313104],[19.018232,-31.313828],[19.019617,-31.313773],[19.019903,-31.317144]]]}},{"type":"Feature","properties":{"name":"KromVlei hoek hoek"},"geometry":{"type":"Polygon","coordinates":[[[19.03727,-31.307271],[19.037632,-31.306536],[19.039267,-31.307612],[19.03893,-31.308995],[19.038588,-31.309169],[19.03822,-31.309584],[19.037433,-31.309927],[19.037194,-31.310413],[19.036651,-31.310427],[19.036677,-31.310051],[19.037262,-31.309153],[19.037314,-31.307335],[19.03727,-31.307271]]]}},{"type":"Feature","properties":{"name":"Pierre Los buchu"},"geometry":{"type":"Polygon","coordinates":[[[19.043474,-31.34683],[19.043862,-31.346923],[19.043911,-31.34707],[19.043566,-31.347529],[19.043508,-31.347782],[19.043122,-31.348214],[19.043044,-31.348555],[19.042784,-31.348931],[19.042405,-31.34884],[19.042341,-31.348649],[19.042471,-31.348273],[19.042736,-31.348051],[19.042837,-31.347607],[19.043006,-31.34756],[19.043188,-31.347356],[19.043164,-31.347177],[19.043474,-31.34683]]]}},{"type":"Feature","properties":{"name":"Pierre Boorgat"},"geometry":{"type":"Polygon","coordinates":[[[19.045975,-31.348439],[19.045916,-31.348474],[19.045883,-31.349218],[19.045753,-31.350006],[19.044908,-31.349854],[19.044493,-31.349562],[19.044593,-31.34943],[19.045056,-31.348825],[19.045504,-31.348188],[19.046566,-31.344907],[19.046906,-31.344647],[19.047549,-31.344762],[19.047938,-31.344863],[19.04781,-31.345228],[19.047237,-31.34687],[19.046928,-31.347056],[19.046377,-31.348197],[19.045975,-31.348439]]]}},{"type":"Feature","properties":{"name":"Pierre By die Stoor"},"geometry":{"type":"Polygon","coordinates":[[[19.059652,-31.343516],[19.059601,-31.343313],[19.059253,-31.34316],[19.058988,-31.342769],[19.059491,-31.342874],[19.059744,-31.342901],[19.060392,-31.342896],[19.060515,-31.343069],[19.059938,-31.346194],[19.059516,-31.346148],[19.059585,-31.345526],[19.058314,-31.345793],[19.057742,-31.345983],[19.057995,-31.346622],[19.058333,-31.346901],[19.059591,-31.348077],[19.059258,-31.349872],[19.056074,-31.349528],[19.0554,-31.349955],[19.054854,-31.349959],[19.052943,-31.34912],[19.053562,-31.347957],[19.0531,-31.347525],[19.053359,-31.345561],[19.053563,-31.344452],[19.053939,-31.344258],[19.054324,-31.34409],[19.054548,-31.343866],[19.054973,-31.34376],[19.055447,-31.343812],[19.055681,-31.343969],[19.055875,-31.344151],[19.056048,-31.344226],[19.056396,-31.344202],[19.056761,-31.344362],[19.056812,-31.344491],[19.057671,-31.344831],[19.057771,-31.344806],[19.057799,-31.344558],[19.05812,-31.344555],[19.058718,-31.344716],[19.058934,-31.344501],[19.059237,-31.344368],[19.059617,-31.343783],[19.059652,-31.343516]]]}},{"type":"Feature","properties":{"name":"Pierre Langs Ons"},"geometry":{"type":"Polygon","coordinates":[[[19.054846,-31.350889],[19.05477,-31.350841],[19.054724,-31.350874],[19.055544,-31.350051],[19.056185,-31.349592],[19.059059,-31.349949],[19.059228,-31.350027],[19.058603,-31.353431],[19.05563,-31.353136],[19.056039,-31.351017],[19.054846,-31.350889]]]}},{"type":"Feature","properties":{"name":"Pierre Op die Bult"},"geometry":{"type":"Polygon","coordinates":[[[19.034387,-31.340808],[19.034591,-31.34056],[19.035055,-31.340646],[19.035499,-31.340636],[19.036349,-31.341052],[19.036684,-31.341158],[19.03728,-31.34101],[19.037512,-31.341381],[19.037408,-31.341793],[19.038729,-31.342063],[19.03894,-31.341967],[19.039342,-31.341993],[19.039814,-31.341778],[19.04149,-31.342599],[19.041816,-31.343515],[19.04222,-31.343713],[19.042401,-31.344003],[19.04257,-31.344714],[19.041614,-31.345149],[19.04114,-31.345724],[19.041656,-31.346131],[19.041558,-31.346907],[19.039568,-31.348966],[19.034387,-31.340808]]]}},{"type":"Feature","properties":{"name":"Pierre Wild kamp"},"geometry":{"type":"Polygon","coordinates":[[[19.048305,-31.345015],[19.047925,-31.344558],[19.047863,-31.344603],[19.047364,-31.344002],[19.047897,-31.343616],[19.048004,-31.343741],[19.048092,-31.343696],[19.048146,-31.343692],[19.048325,-31.343899],[19.048393,-31.343996],[19.04843,-31.3441],[19.048372,-31.34413],[19.048303,-31.344135],[19.048261,-31.34418],[19.048383,-31.344354],[19.048372,-31.344499],[19.048515,-31.344907],[19.048305,-31.345015]]]}},{"type":"Feature","properties":{"name":"sketch-67"},"geometry":{"type":"Polygon","coordinates":[[[19.120761,-31.369745],[19.121845,-31.369716],[19.121876,-31.370578],[19.120792,-31.370607],[19.120761,-31.369745]]]}},{"type":"Feature","properties":{"name":"Pierre Begraafplaas 3"},"geometry":{"type":"Polygon","coordinates":[[[19.040371,-31.339183],[19.040561,-31.338969],[19.041332,-31.339125],[19.041387,-31.339405],[19.042216,-31.339436],[19.042301,-31.339262],[19.042124,-31.339249],[19.042135,-31.339029],[19.042471,-31.339042],[19.042696,-31.338902],[19.042756,-31.338834],[19.042442,-31.338811],[19.042373,-31.33876],[19.042559,-31.33855],[19.04373,-31.338635],[19.043721,-31.338811],[19.044214,-31.33883],[19.044267,-31.339095],[19.044205,-31.339192],[19.043665,-31.339172],[19.043373,-31.339353],[19.04347,-31.339425],[19.043965,-31.339444],[19.043931,-31.340091],[19.043382,-31.34007],[19.0432,-31.339934],[19.042549,-31.339887],[19.042518,-31.339732],[19.042282,-31.339766],[19.042315,-31.339931],[19.042185,-31.339983],[19.041304,-31.339919],[19.041167,-31.339724],[19.040896,-31.339714],[19.040371,-31.339183]]]}},{"type":"Feature","properties":{"name":"Klipriver Middel"},"geometry":{"type":"Polygon","coordinates":[[[19.059717,-31.347555],[19.059742,-31.347449],[19.059944,-31.347456],[19.060197,-31.347355],[19.060454,-31.347399],[19.060804,-31.347344],[19.061558,-31.347472],[19.061656,-31.347049],[19.062671,-31.346754],[19.062842,-31.346574],[19.063037,-31.346448],[19.063594,-31.346396],[19.06383,-31.346131],[19.064727,-31.34587],[19.065157,-31.345546],[19.065571,-31.345381],[19.066493,-31.344788],[19.066868,-31.344678],[19.067157,-31.344665],[19.067195,-31.344922],[19.067356,-31.345128],[19.067417,-31.34575],[19.067352,-31.346425],[19.067507,-31.346778],[19.067397,-31.347252],[19.06763,-31.347399],[19.067631,-31.347417],[19.067893,-31.347512],[19.06837,-31.348936],[19.0682,-31.34996],[19.067775,-31.349999],[19.067411,-31.350076],[19.067054,-31.349987],[19.066398,-31.349962],[19.065792,-31.34981],[19.065773,-31.349472],[19.065604,-31.34954],[19.065619,-31.34983],[19.065281,-31.350614],[19.064594,-31.351387],[19.063901,-31.35142],[19.063505,-31.351578],[19.06312,-31.351225],[19.062822,-31.352504],[19.062785,-31.353237],[19.06184,-31.353614],[19.060481,-31.35401],[19.058612,-31.353692],[19.059717,-31.347555]]]}},{"type":"Feature","properties":{"name":"Pierre Voor die Stoor"},"geometry":{"type":"Polygon","coordinates":[[[19.052874,-31.349161],[19.054912,-31.350017],[19.05502,-31.350381],[19.054631,-31.35088],[19.052898,-31.350731],[19.052392,-31.350596],[19.052435,-31.350033],[19.052676,-31.349905],[19.052874,-31.349161]]]}},{"type":"Feature","properties":{"name":"Klippe Rivier Bo"},"geometry":{"type":"Polygon","coordinates":[[[19.060558,-31.343335],[19.060956,-31.342805],[19.062074,-31.342781],[19.062243,-31.341413],[19.06276,-31.341159],[19.066922,-31.342219],[19.066838,-31.343204],[19.066492,-31.343358],[19.066126,-31.343348],[19.065289,-31.343857],[19.064792,-31.344181],[19.064535,-31.34407],[19.064473,-31.344152],[19.064456,-31.34429],[19.064311,-31.344441],[19.064181,-31.344614],[19.063977,-31.34479],[19.063627,-31.344813],[19.063417,-31.344881],[19.063376,-31.345214],[19.063522,-31.345278],[19.063303,-31.345764],[19.062991,-31.345951],[19.062824,-31.346076],[19.062166,-31.346222],[19.061905,-31.34624],[19.061646,-31.346233],[19.061505,-31.346128],[19.061356,-31.34615],[19.061261,-31.34631],[19.061124,-31.346412],[19.060897,-31.346356],[19.060769,-31.346205],[19.060625,-31.346142],[19.060279,-31.346195],[19.059934,-31.346218],[19.060558,-31.343335]]]}},{"type":"Feature","properties":{"name":"Klippe Rivier Onder"},"geometry":{"type":"Polygon","coordinates":[[[19.058169,-31.360072],[19.057558,-31.359091],[19.058386,-31.354604],[19.058582,-31.353851],[19.059007,-31.353744],[19.060291,-31.354019],[19.06282,-31.353382],[19.062866,-31.352798],[19.063156,-31.352421],[19.065283,-31.351944],[19.066405,-31.353869],[19.06729,-31.355596],[19.066633,-31.355956],[19.058169,-31.360072]]]}},{"type":"Feature","properties":{"name":"Pierre Begraafplaas 1"},"geometry":{"type":"Polygon","coordinates":[[[19.036913,-31.339649],[19.037266,-31.339626],[19.03807,-31.339755],[19.038265,-31.339699],[19.038858,-31.339742],[19.03894,-31.339952],[19.038829,-31.340114],[19.038378,-31.340244],[19.037865,-31.340327],[19.037633,-31.340394],[19.037283,-31.340267],[19.036982,-31.340354],[19.036781,-31.339841],[19.036913,-31.339649]]]}},{"type":"Feature","properties":{"name":"Pierre Treinspoor"},"geometry":{"type":"Polygon","coordinates":[[[19.040467,-31.349334],[19.040794,-31.349097],[19.041145,-31.34902],[19.041371,-31.348971],[19.041725,-31.348991],[19.042087,-31.349149],[19.042221,-31.34928],[19.042335,-31.349391],[19.042187,-31.349575],[19.040467,-31.349334]]]}},{"type":"Feature","properties":{"name":"Pierre Klippe hoek"},"geometry":{"type":"Polygon","coordinates":[[[19.069891,-31.343007],[19.070324,-31.343039],[19.071707,-31.343425],[19.071691,-31.343533],[19.071531,-31.343648],[19.071446,-31.343805],[19.071689,-31.343919],[19.071661,-31.344115],[19.071715,-31.344237],[19.071144,-31.344424],[19.070345,-31.344313],[19.070094,-31.343948],[19.070171,-31.343414],[19.069891,-31.343007]]]}},{"type":"Feature","properties":{"name":"Kromvlei Rooibos"},"geometry":{"type":"Polygon","coordinates":[[[19.015938,-31.317422],[19.021525,-31.317055],[19.021235,-31.313928],[19.02206,-31.313782],[19.022964,-31.313311],[19.024652,-31.312672],[19.024523,-31.311847],[19.024579,-31.311443],[19.027948,-31.310519],[19.02768,-31.310829],[19.027534,-31.311355],[19.027444,-31.312876],[19.0271,-31.313013],[19.027563,-31.313961],[19.032105,-31.313942],[19.032348,-31.310003],[19.03447,-31.310016],[19.036453,-31.310441],[19.037195,-31.310326],[19.037463,-31.309876],[19.038248,-31.309587],[19.039008,-31.3088],[19.039269,-31.307719],[19.039164,-31.307434],[19.03923,-31.307198],[19.038981,-31.307101],[19.038849,-31.307385],[19.038334,-31.307273],[19.037979,-31.30688],[19.038147,-31.306553],[19.038712,-31.304606],[19.035465,-31.304789],[19.031381,-31.305036],[19.029076,-31.305188],[19.028112,-31.305165],[19.020722,-31.305631],[19.023209,-31.310906],[19.021972,-31.311538],[19.021948,-31.312121],[19.020024,-31.312556],[19.018926,-31.311944],[19.018652,-31.310381],[19.01554,-31.31103],[19.015439,-31.308914],[19.01425,-31.309521],[19.012152,-31.309811],[19.011384,-31.310668],[19.011175,-31.311427],[19.012619,-31.313956],[19.014119,-31.313602],[19.014869,-31.314457],[19.015496,-31.31579],[19.015938,-31.317422]]]}},{"type":"Feature","properties":{"name":"Klippe Rivier Bo"},"geometry":{"type":"Polygon","coordinates":[[[19.060558,-31.343335],[19.060956,-31.342805],[19.062074,-31.342781],[19.062243,-31.341413],[19.06276,-31.341159],[19.066922,-31.342219],[19.066838,-31.343204],[19.066492,-31.343358],[19.066126,-31.343348],[19.065289,-31.343857],[19.064792,-31.344181],[19.064535,-31.34407],[19.064473,-31.344152],[19.064456,-31.34429],[19.064311,-31.344441],[19.064181,-31.344614],[19.063977,-31.34479],[19.063627,-31.344813],[19.063417,-31.344881],[19.063376,-31.345214],[19.063522,-31.345278],[19.063303,-31.345764],[19.062991,-31.345951],[19.062824,-31.346076],[19.062166,-31.346222],[19.061905,-31.34624],[19.061646,-31.346233],[19.061505,-31.346128],[19.061356,-31.34615],[19.061261,-31.34631],[19.061124,-31.346412],[19.060897,-31.346356],[19.060769,-31.346205],[19.060625,-31.346142],[19.060279,-31.346195],[19.059934,-31.346218],[19.060558,-31.343335]]]}},{"type":"Feature","properties":{"name":"CL Cloudskraal"},"geometry":{"type":"Polygon","coordinates":[[[19.001797,-31.322413],[19.002695,-31.322879],[19.010164,-31.318215],[19.015986,-31.317398],[19.037228,-31.316297],[19.034135,-31.32947],[19.031138,-31.337073],[19.031747,-31.337655],[19.032875,-31.338923],[19.031669,-31.339301],[19.031765,-31.339551],[19.031979,-31.339376],[19.032242,-31.339721],[19.031268,-31.340286],[19.031348,-31.340513],[19.014899,-31.342232],[19.013496,-31.331226],[19.001525,-31.328656],[19.000075,-31.33331],[18.984651,-31.351435],[18.982908,-31.350596],[19.001797,-31.322413]]]}},{"type":"Feature","properties":{"name":"CL Biekoes"},"geometry":{"type":"Polygon","coordinates":[[[19.040012,-31.304412],[19.047117,-31.303991],[19.061126,-31.313355],[19.053526,-31.319113],[19.055454,-31.322062],[19.044075,-31.33027],[19.0601,-31.339787],[19.031747,-31.337655],[19.031137,-31.337072],[19.034135,-31.32947],[19.037228,-31.316297],[19.040012,-31.304412]]]}},{"type":"Feature","properties":{"name":"KV Nat Tuis"},"geometry":{"type":"Polygon","coordinates":[[[19.026807,-31.310735],[19.025652,-31.310089],[19.025382,-31.309578],[19.025342,-31.308531],[19.025811,-31.307986],[19.028148,-31.30817],[19.028678,-31.308701],[19.028584,-31.309448],[19.027677,-31.310503],[19.026807,-31.310735]]]}},{"type":"Feature","properties":{"name":"Klipriver Middel"},"geometry":{"type":"Polygon","coordinates":[[[19.059717,-31.347555],[19.059742,-31.347449],[19.059944,-31.347456],[19.060197,-31.347355],[19.060454,-31.347399],[19.060804,-31.347344],[19.061558,-31.347472],[19.061656,-31.347049],[19.062671,-31.346754],[19.062842,-31.346574],[19.063037,-31.346448],[19.063594,-31.346396],[19.06383,-31.346131],[19.064727,-31.34587],[19.065157,-31.345546],[19.065571,-31.345381],[19.066493,-31.344788],[19.066868,-31.344678],[19.067157,-31.344665],[19.067195,-31.344922],[19.067356,-31.345128],[19.067417,-31.34575],[19.067352,-31.346425],[19.067507,-31.346778],[19.067397,-31.347252],[19.06763,-31.347399],[19.067631,-31.347417],[19.067893,-31.347512],[19.06837,-31.348936],[19.0682,-31.34996],[19.067775,-31.349999],[19.067411,-31.350076],[19.067054,-31.349987],[19.066398,-31.349962],[19.065792,-31.34981],[19.065773,-31.349472],[19.065604,-31.34954],[19.065619,-31.34983],[19.065281,-31.350614],[19.064594,-31.351387],[19.063901,-31.35142],[19.063505,-31.351578],[19.06312,-31.351225],[19.062822,-31.352504],[19.062785,-31.353237],[19.06184,-31.353614],[19.060481,-31.35401],[19.058612,-31.353692],[19.059717,-31.347555]]]}},{"type":"Feature","properties":{"name":"Klippe Rivier Onder"},"geometry":{"type":"Polygon","coordinates":[[[19.058169,-31.360072],[19.057558,-31.359091],[19.058386,-31.354604],[19.058582,-31.353851],[19.059007,-31.353744],[19.060291,-31.354019],[19.06282,-31.353382],[19.062866,-31.352798],[19.063156,-31.352421],[19.065283,-31.351944],[19.066405,-31.353869],[19.06729,-31.355596],[19.066633,-31.355956],[19.058169,-31.360072]]]}},{"type":"Feature","properties":{"name":"Kromvlei Wingerd"},"geometry":{"type":"Polygon","coordinates":[[[19.032164,-31.314042],[19.032347,-31.310008],[19.033838,-31.309976],[19.036211,-31.310464],[19.037141,-31.310495],[19.037704,-31.310909],[19.037659,-31.311923],[19.034601,-31.311821],[19.034465,-31.313878],[19.032164,-31.314042]]]}},{"type":"Feature","properties":{"name":"Pierre Begraafplaas 1"},"geometry":{"type":"Polygon","coordinates":[[[19.036913,-31.339649],[19.037266,-31.339626],[19.03807,-31.339755],[19.038265,-31.339699],[19.038858,-31.339742],[19.03894,-31.339952],[19.038829,-31.340114],[19.038378,-31.340244],[19.037865,-31.340327],[19.037633,-31.340394],[19.037283,-31.340267],[19.036982,-31.340354],[19.036781,-31.339841],[19.036913,-31.339649]]]}},{"type":"Feature","properties":{"name":"CL Kromvlei Karoo"},"geometry":{"type":"Polygon","coordinates":[[[18.96642,-31.284473],[19.013017,-31.305673],[19.001911,-31.322242],[18.947928,-31.299035],[18.96642,-31.284473]]]}},{"type":"Feature","properties":{"name":"Pierre Klippe hoek"},"geometry":{"type":"Polygon","coordinates":[[[19.069891,-31.343007],[19.070324,-31.343039],[19.071707,-31.343425],[19.071691,-31.343533],[19.071531,-31.343648],[19.071446,-31.343805],[19.071689,-31.343919],[19.071661,-31.344115],[19.071715,-31.344237],[19.071144,-31.344424],[19.070345,-31.344313],[19.070094,-31.343948],[19.070171,-31.343414],[19.069891,-31.343007]]]}},{"type":"Feature","properties":{"name":"CL Straatklip"},"geometry":{"type":"Polygon","coordinates":[[[19.0601,-31.339787],[19.044075,-31.33027],[19.055454,-31.322062],[19.062424,-31.332727],[19.061649,-31.336928],[19.061107,-31.339862],[19.0601,-31.339787]]]}},{"type":"Feature","properties":{"name":"KV Nat boks"},"geometry":{"type":"Polygon","coordinates":[[[19.02491,-31.307411],[19.024525,-31.305384],[19.028128,-31.305119],[19.028045,-31.30741],[19.02491,-31.307411]]]}},{"type":"Feature","properties":{"name":"KV klein by wingerd"},"geometry":{"type":"Polygon","coordinates":[[[19.02963,-31.310118],[19.03128,-31.309012],[19.03205,-31.308777],[19.033708,-31.30961],[19.033667,-31.309959],[19.032312,-31.309952],[19.030995,-31.309945],[19.02963,-31.310118]]]}},{"type":"Feature","properties":{"name":"Pierre Op die Bult"},"geometry":{"type":"Polygon","coordinates":[[[19.034387,-31.340808],[19.034591,-31.34056],[19.035055,-31.340646],[19.035499,-31.340636],[19.036349,-31.341052],[19.036684,-31.341158],[19.03728,-31.34101],[19.037512,-31.341381],[19.037408,-31.341793],[19.038729,-31.342063],[19.03894,-31.341967],[19.039342,-31.341993],[19.039814,-31.341778],[19.04149,-31.342599],[19.041816,-31.343515],[19.04222,-31.343713],[19.042401,-31.344003],[19.04257,-31.344714],[19.041614,-31.345149],[19.04114,-31.345724],[19.041656,-31.346131],[19.041558,-31.346907],[19.039568,-31.348966],[19.034387,-31.340808]]]}},{"type":"Feature","properties":{"name":"Pierre Voor die Stoor"},"geometry":{"type":"Polygon","coordinates":[[[19.052874,-31.349161],[19.054912,-31.350017],[19.05502,-31.350381],[19.054631,-31.35088],[19.052898,-31.350731],[19.052392,-31.350596],[19.052435,-31.350033],[19.052676,-31.349905],[19.052874,-31.349161]]]}},{"type":"Feature","properties":{"name":"Pierre Los buchu"},"geometry":{"type":"Polygon","coordinates":[[[19.043474,-31.34683],[19.043862,-31.346923],[19.043911,-31.34707],[19.043566,-31.347529],[19.043508,-31.347782],[19.043122,-31.348214],[19.043044,-31.348555],[19.042784,-31.348931],[19.042405,-31.34884],[19.042341,-31.348649],[19.042471,-31.348273],[19.042736,-31.348051],[19.042837,-31.347607],[19.043006,-31.34756],[19.043188,-31.347356],[19.043164,-31.347177],[19.043474,-31.34683]]]}},{"type":"Feature","properties":{"name":"CL -Winterplaas"},"geometry":{"type":"Polygon","coordinates":[[[19.001911,-31.322242],[18.982995,-31.35045],[18.962189,-31.338172],[18.947636,-31.35242],[18.948716,-31.362953],[18.944779,-31.363577],[18.917673,-31.322579],[18.92606,-31.316054],[18.947928,-31.299035],[19.001911,-31.322242]]]}},{"type":"Feature","properties":{"name":"Kromvlei Driehoek"},"geometry":{"type":"Polygon","coordinates":[[[19.025928,-31.273111],[19.013017,-31.305673],[19.004945,-31.296807],[19.025928,-31.273111]]]}},{"type":"Feature","properties":{"name":"CL Garsland Dam"},"geometry":{"type":"Polygon","coordinates":[[[19.039652,-31.34922],[19.047778,-31.350357],[19.047971,-31.350373],[19.043678,-31.355653],[19.039652,-31.34922]]]}},{"type":"Feature","properties":{"name":"Kromvlei"},"geometry":{"type":"Polygon","coordinates":[[[19.015986,-31.317398],[19.010164,-31.318215],[19.002695,-31.322879],[19.001797,-31.322413],[19.001911,-31.322242],[19.013017,-31.305673],[19.040012,-31.304412],[19.037228,-31.316297],[19.015986,-31.317398]]]}},{"type":"Feature","properties":{"name":"CL Garsland"},"geometry":{"type":"Polygon","coordinates":[[[19.056028,-31.351071],[19.055611,-31.353237],[19.058603,-31.353431],[19.058386,-31.354604],[19.057843,-31.357546],[19.043678,-31.355653],[19.047971,-31.350373],[19.056028,-31.351071]]]}},{"type":"Feature","properties":{"name":"Pierre Boorgat"},"geometry":{"type":"Polygon","coordinates":[[[19.045975,-31.348439],[19.045916,-31.348474],[19.045883,-31.349218],[19.045753,-31.350006],[19.044908,-31.349854],[19.044493,-31.349562],[19.044593,-31.34943],[19.045056,-31.348825],[19.045504,-31.348188],[19.046566,-31.344907],[19.046906,-31.344647],[19.047549,-31.344762],[19.047938,-31.344863],[19.04781,-31.345228],[19.047237,-31.34687],[19.046928,-31.347056],[19.046377,-31.348197],[19.045975,-31.348439]]]}},{"type":"Feature","properties":{"name":"Klippe Rivier 645/(19/18/6)"},"geometry":{"type":"Polygon","coordinates":[[[19.057299,-31.360495],[19.060951,-31.340709],[19.08517,-31.346729],[19.085212,-31.34692],[19.057299,-31.360495]]]}},{"type":"Feature","properties":{"name":"Claudskraal 645 (6/7/8/9)"},"geometry":{"type":"Polygon","coordinates":[[[19.058603,-31.353431],[19.055611,-31.353237],[19.056028,-31.351071],[19.047778,-31.350357],[19.039652,-31.34922],[19.034027,-31.340233],[19.033242,-31.339335],[19.031747,-31.337655],[19.061107,-31.339862],[19.059888,-31.346188],[19.058603,-31.353431]]]}},{"type":"Feature","properties":{"name":"Kromvlei agter Wingerd"},"geometry":{"type":"Polygon","coordinates":[[[19.034601,-31.311821],[19.037928,-31.311985],[19.038161,-31.312155],[19.037151,-31.316301],[19.029976,-31.316661],[19.029895,-31.315484],[19.035665,-31.314745],[19.035608,-31.313905],[19.034588,-31.3139],[19.034463,-31.313894],[19.034601,-31.311821]]]}},{"type":"Feature","properties":{"name":"KromVlei hoek hoek"},"geometry":{"type":"Polygon","coordinates":[[[19.03727,-31.307271],[19.037632,-31.306536],[19.039267,-31.307612],[19.03893,-31.308995],[19.038588,-31.309169],[19.03822,-31.309584],[19.037433,-31.309927],[19.037194,-31.310413],[19.036651,-31.310427],[19.036677,-31.310051],[19.037262,-31.309153],[19.037314,-31.307335],[19.03727,-31.307271]]]}},{"type":"Feature","properties":{"name":"CL Glenridge"},"geometry":{"type":"Polygon","coordinates":[[[19.085212,-31.34692],[19.085333,-31.347464],[19.083645,-31.348979],[19.066716,-31.370974],[19.063788,-31.371063],[19.060942,-31.371144],[19.05639,-31.371163],[19.054743,-31.37117],[19.047367,-31.371197],[19.042907,-31.371214],[19.041655,-31.371243],[19.041162,-31.371245],[19.038981,-31.371252],[19.038512,-31.370263],[19.057299,-31.360495],[19.085212,-31.34692]]]}},{"type":"Feature","properties":{"name":"Kromvlei voor wingerd"},"geometry":{"type":"Polygon","coordinates":[[[19.032332,-31.310008],[19.032234,-31.311771],[19.032112,-31.313974],[19.030858,-31.314186],[19.030013,-31.314152],[19.027563,-31.313969],[19.0272,-31.313418],[19.027442,-31.312946],[19.027515,-31.312394],[19.027656,-31.311326],[19.027989,-31.310518],[19.028795,-31.310335],[19.0306,-31.310108],[19.032325,-31.310007],[19.032332,-31.310008]]]}},{"type":"Feature","properties":{"name":"KV Nat Sirkel"},"geometry":{"type":"Polygon","coordinates":[[[19.032103,-31.307847],[19.03116,-31.308102],[19.03,-31.308348],[19.029612,-31.306331],[19.030195,-31.305749],[19.030389,-31.305521],[19.030414,-31.305062],[19.031304,-31.305024],[19.032156,-31.305679],[19.032711,-31.306106],[19.032677,-31.306707],[19.032103,-31.307847]]]}},{"type":"Feature","properties":{"name":"Pierre Langs Ons"},"geometry":{"type":"Polygon","coordinates":[[[19.054846,-31.350889],[19.05477,-31.350841],[19.054724,-31.350874],[19.055544,-31.350051],[19.056185,-31.349592],[19.059059,-31.349949],[19.059228,-31.350027],[19.058603,-31.353431],[19.05563,-31.353136],[19.056039,-31.351017],[19.054846,-31.350889]]]}},{"type":"Feature","properties":{"name":"Pierre Wild kamp"},"geometry":{"type":"Polygon","coordinates":[[[19.048305,-31.345015],[19.047925,-31.344558],[19.047863,-31.344603],[19.047364,-31.344002],[19.047897,-31.343616],[19.048004,-31.343741],[19.048092,-31.343696],[19.048146,-31.343692],[19.048325,-31.343899],[19.048393,-31.343996],[19.04843,-31.3441],[19.048372,-31.34413],[19.048303,-31.344135],[19.048261,-31.34418],[19.048383,-31.344354],[19.048372,-31.344499],[19.048515,-31.344907],[19.048305,-31.345015]]]}},{"type":"Feature","properties":{"name":"CL Kerk Glenridge"},"geometry":{"type":"Polygon","coordinates":[[[19.07697,-31.370694],[19.07476,-31.370756],[19.074759,-31.370729],[19.069209,-31.370898],[19.066716,-31.370974],[19.083645,-31.348979],[19.085333,-31.347464],[19.085381,-31.34768],[19.086321,-31.347734],[19.086461,-31.348574],[19.089223,-31.365139],[19.087324,-31.370378],[19.07697,-31.370694]]]}},{"type":"Feature","properties":{"name":"Kromvlei Hoek"},"geometry":{"type":"Polygon","coordinates":[[[19.032983,-31.308142],[19.033089,-31.307313],[19.033477,-31.306258],[19.034441,-31.3054],[19.034457,-31.304823],[19.035404,-31.304799],[19.035802,-31.305168],[19.035798,-31.30533],[19.036101,-31.305552],[19.03609,-31.305946],[19.036843,-31.306642],[19.037314,-31.307335],[19.037262,-31.309153],[19.036677,-31.310051],[19.034255,-31.309071],[19.032983,-31.308142]]]}},{"type":"Feature","properties":{"name":"GA6: Buchu"},"geometry":{"type":"Polygon","coordinates":[[[19.047108,-31.351917],[19.047379,-31.352313],[19.047891,-31.352331],[19.047867,-31.351528],[19.047847,-31.350335],[19.047282,-31.350249],[19.047068,-31.351824],[19.047108,-31.351917]]]}},{"type":"Feature","properties":{"name":"Buchu Bo"},"geometry":{"type":"Polygon","coordinates":[[[19.024751,-31.338147],[19.025878,-31.337906],[19.026842,-31.33806],[19.027202,-31.338013],[19.027382,-31.338401],[19.025048,-31.338842],[19.024915,-31.338755],[19.024876,-31.338541],[19.024751,-31.338147]]]}},{"type":"Feature","properties":{"name":"G3: Bakenkamp"},"geometry":{"type":"Polygon","coordinates":[[[19.056768,-31.360987],[19.056681,-31.361486],[19.056713,-31.361625],[19.056642,-31.361846],[19.056487,-31.36302],[19.055415,-31.363791],[19.055401,-31.36407],[19.055314,-31.364365],[19.055248,-31.364761],[19.055263,-31.365034],[19.055089,-31.365243],[19.055039,-31.365368],[19.054608,-31.368001],[19.054581,-31.368401],[19.055993,-31.370432],[19.056248,-31.370578],[19.056506,-31.370622],[19.056903,-31.370767],[19.057241,-31.370798],[19.057487,-31.370663],[19.057681,-31.370525],[19.057965,-31.37028],[19.058232,-31.370221],[19.058567,-31.370433],[19.058966,-31.370884],[19.059284,-31.371112],[19.059793,-31.371155],[19.060708,-31.371079],[19.060937,-31.361795],[19.060708,-31.361513],[19.060187,-31.361154],[19.059653,-31.361067],[19.056768,-31.360987]]]}},{"type":"Feature","properties":{"name":"C5: Pomparea"},"geometry":{"type":"Polygon","coordinates":[[[19.022051,-31.321355],[19.020096,-31.321918],[19.019181,-31.32269],[19.017715,-31.323066],[19.01835,-31.324839],[19.018741,-31.326905],[19.019877,-31.327906],[19.021379,-31.328292],[19.021623,-31.328271],[19.021757,-31.328584],[19.022966,-31.32823],[19.023675,-31.32824],[19.024029,-31.328188],[19.02431,-31.328188],[19.025214,-31.327802],[19.022747,-31.323107],[19.022051,-31.321355]]]}},{"type":"Feature","properties":{"name":"GA9: Opland"},"geometry":{"type":"Polygon","coordinates":[[[19.051699,-31.354138],[19.052357,-31.353635],[19.053553,-31.352271],[19.054076,-31.352262],[19.054041,-31.352058],[19.054674,-31.351691],[19.055267,-31.351029],[19.05587,-31.351042],[19.055527,-31.3531],[19.054865,-31.353166],[19.054157,-31.353601],[19.053159,-31.354566],[19.051863,-31.35425],[19.051699,-31.354138]]]}},{"type":"Feature","properties":{"name":"Gaste huise"},"geometry":{"type":"Polygon","coordinates":[[[19.02907,-31.339167],[19.03041,-31.338945],[19.030023,-31.338019],[19.028766,-31.33825],[19.02907,-31.339171],[19.02907,-31.339167]]]}},{"type":"Feature","properties":{"name":"Garsland Tea Court"},"geometry":{"type":"Polygon","coordinates":[[[19.051205,-31.347914],[19.051453,-31.347042],[19.051884,-31.347132],[19.05183,-31.347381],[19.052845,-31.347607],[19.052663,-31.348132],[19.051668,-31.347905],[19.051632,-31.348004],[19.051205,-31.347914]]]}},{"type":"Feature","properties":{"name":"Pierre Bult"},"geometry":{"type":"Polygon","coordinates":[[[19.034453,-31.340501],[19.03646,-31.340963],[19.037494,-31.341104],[19.037384,-31.341812],[19.038825,-31.342174],[19.039648,-31.341739],[19.040918,-31.342259],[19.041929,-31.342981],[19.042795,-31.343213],[19.042763,-31.344072],[19.042626,-31.34485],[19.041626,-31.345271],[19.041117,-31.34565],[19.04148,-31.346358],[19.041084,-31.347812],[19.039686,-31.349253],[19.036484,-31.344278],[19.034746,-31.341307],[19.034522,-31.34097],[19.034453,-31.340501]]]}},{"type":"Feature","properties":{"name":"Pierre Claudskraal 645"},"geometry":{"type":"Polygon","coordinates":[[[19.039713,-31.349301],[19.047348,-31.350226],[19.055972,-31.351033],[19.055603,-31.353166],[19.058635,-31.353399],[19.060973,-31.340745],[19.061076,-31.339808],[19.038964,-31.338255],[19.03249,-31.337733],[19.036169,-31.343768],[19.039713,-31.349301]]]}},{"type":"Feature","properties":{"name":"KromVlei Krans"},"geometry":{"type":"Polygon","coordinates":[[[19.008869,-31.303637],[19.009464,-31.30212],[19.006213,-31.298536],[19.003292,-31.295316],[19.002553,-31.296025],[19.002942,-31.296772],[19.001838,-31.297116],[19.001408,-31.297449],[19.002465,-31.298391],[19.002807,-31.299091],[19.002508,-31.299683],[19.003373,-31.300232],[19.003239,-31.300632],[19.004957,-31.301758],[19.005455,-31.302204],[19.006275,-31.302537],[19.006264,-31.303068],[19.006937,-31.303153],[19.006486,-31.303575],[19.007041,-31.304168],[19.007444,-31.305139],[19.007911,-31.305012],[19.007825,-31.304579],[19.008217,-31.304189],[19.008728,-31.303932],[19.008869,-31.303637]]]}},{"type":"Feature","properties":{"name":"kromvlei Rooibos 2"},"geometry":{"type":"Polygon","coordinates":[[[19.031694,-31.315268],[19.035667,-31.314741],[19.03555,-31.313907],[19.034533,-31.313941],[19.034679,-31.31184],[19.038066,-31.312002],[19.038172,-31.312248],[19.037184,-31.316343],[19.031762,-31.316572],[19.031694,-31.315268]]]}},{"type":"Feature","properties":{"name":"Kromvlei Wingerd"},"geometry":{"type":"Polygon","coordinates":[[[19.034445,-31.313805],[19.034666,-31.311805],[19.037718,-31.311923],[19.037748,-31.310906],[19.037151,-31.310504],[19.036122,-31.310504],[19.033743,-31.309975],[19.032369,-31.310006],[19.032131,-31.313971],[19.033261,-31.313958],[19.034445,-31.313805]]]}},{"type":"Feature","properties":{"name":"B12: Langs Tuin"},"geometry":{"type":"Polygon","coordinates":[[[19.037445,-31.324224],[19.037282,-31.324192],[19.037363,-31.324025],[19.037568,-31.32374],[19.03789,-31.323195],[19.037563,-31.323367],[19.03724,-31.322971],[19.037136,-31.323262],[19.036925,-31.323483],[19.036607,-31.32374],[19.03676,-31.323994],[19.037039,-31.324332],[19.037422,-31.324363],[19.036366,-31.324491],[19.035727,-31.324491],[19.035569,-31.32434],[19.035119,-31.324335],[19.035521,-31.322813],[19.036032,-31.322948],[19.036034,-31.322586],[19.035634,-31.322348],[19.036086,-31.320345],[19.036352,-31.319821],[19.036355,-31.319385],[19.036616,-31.318408],[19.039618,-31.319955],[19.039134,-31.319972],[19.038337,-31.319747],[19.037884,-31.31993],[19.037976,-31.320613],[19.03754,-31.320954],[19.036761,-31.321267],[19.036409,-31.321456],[19.037138,-31.322303],[19.036312,-31.322318],[19.036403,-31.322911],[19.036804,-31.322756],[19.037017,-31.322927],[19.037229,-31.322948],[19.0371,-31.322612],[19.037207,-31.322393],[19.036439,-31.321475],[19.036774,-31.321287],[19.037214,-31.321793],[19.037126,-31.321593],[19.037308,-31.321257],[19.03775,-31.321056],[19.038079,-31.321255],[19.037879,-31.319925],[19.038356,-31.319751],[19.038761,-31.319883],[19.039351,-31.320282],[19.039882,-31.320616],[19.040166,-31.321064],[19.040276,-31.321594],[19.040272,-31.321824],[19.040658,-31.322307],[19.04073,-31.322685],[19.040636,-31.322947],[19.040871,-31.323473],[19.040351,-31.323683],[19.0401,-31.324028],[19.039562,-31.323192],[19.039193,-31.323006],[19.038808,-31.322934],[19.038115,-31.322789],[19.038193,-31.32223],[19.038076,-31.322308],[19.037826,-31.322373],[19.038076,-31.322794],[19.037921,-31.323167],[19.038113,-31.32286],[19.038205,-31.322934],[19.038281,-31.323076],[19.038434,-31.323141],[19.038628,-31.32318],[19.038817,-31.323249],[19.039056,-31.323203],[19.039264,-31.323148],[19.039488,-31.323189],[19.039693,-31.323448],[19.03985,-31.323688],[19.03975,-31.323827],[19.039418,-31.323927],[19.039213,-31.324007],[19.038944,-31.324165],[19.038682,-31.324321],[19.038497,-31.324364],[19.038182,-31.324348],[19.037918,-31.324399],[19.037631,-31.32433],[19.037445,-31.324224]]]}},{"type":"Feature","properties":{"name":"G11: Peerboomkamp"},"geometry":{"type":"Polygon","coordinates":[[[19.066102,-31.35639],[19.06659,-31.35731],[19.067275,-31.359285],[19.067437,-31.359382],[19.067674,-31.359443],[19.06788,-31.359622],[19.068478,-31.361665],[19.068524,-31.361844],[19.070514,-31.36097],[19.070513,-31.360791],[19.070642,-31.360571],[19.070371,-31.359705],[19.070201,-31.359361],[19.06996,-31.359185],[19.069546,-31.358724],[19.069618,-31.35865],[19.069662,-31.35783],[19.069502,-31.357617],[19.069498,-31.35737],[19.06871,-31.35683],[19.068621,-31.356496],[19.068427,-31.35629],[19.068351,-31.356057],[19.06843,-31.355747],[19.06828,-31.355444],[19.068208,-31.355301],[19.067152,-31.355771],[19.066133,-31.356259],[19.066102,-31.35639]]]}},{"type":"Feature","properties":{"name":"G14: By Resevoir"},"geometry":{"type":"Polygon","coordinates":[[[19.065129,-31.36332],[19.064561,-31.362334],[19.064495,-31.36212],[19.06458,-31.361748],[19.064619,-31.36156],[19.06425,-31.361586],[19.064183,-31.361476],[19.067485,-31.35949],[19.067635,-31.359506],[19.067868,-31.3597],[19.068409,-31.361671],[19.068404,-31.361862],[19.066867,-31.362496],[19.0665,-31.362539],[19.06624,-31.362804],[19.066295,-31.362406],[19.066544,-31.362338],[19.066835,-31.362279],[19.067177,-31.362134],[19.0676,-31.361867],[19.067744,-31.361427],[19.067491,-31.361229],[19.067299,-31.361089],[19.06709,-31.361159],[19.066819,-31.361153],[19.066519,-31.360959],[19.065974,-31.361104],[19.065768,-31.361312],[19.065652,-31.361478],[19.065613,-31.361897],[19.065707,-31.362121],[19.065846,-31.362271],[19.06614,-31.362292],[19.0663,-31.362388],[19.066216,-31.362886],[19.065129,-31.36332]]]}},{"type":"Feature","properties":{"name":"G7a: Alex se kamp A"},"geometry":{"type":"Polygon","coordinates":[[[19.080877,-31.370303],[19.080598,-31.370132],[19.080407,-31.36976],[19.080392,-31.369606],[19.080392,-31.369485],[19.0805,-31.369426],[19.08073,-31.369401],[19.081263,-31.369363],[19.081434,-31.369313],[19.081806,-31.36943],[19.082099,-31.369514],[19.082324,-31.369543],[19.082407,-31.369434],[19.082412,-31.369293],[19.082295,-31.369242],[19.08208,-31.369288],[19.081806,-31.369351],[19.08162,-31.369334],[19.081532,-31.369209],[19.081395,-31.369159],[19.081302,-31.369063],[19.081356,-31.368988],[19.081483,-31.368946],[19.08164,-31.369],[19.081693,-31.369121],[19.081918,-31.369176],[19.08209,-31.369096],[19.082222,-31.368942],[19.082266,-31.368766],[19.082407,-31.36867],[19.082603,-31.368591],[19.082808,-31.368482],[19.083004,-31.368491],[19.08317,-31.368541],[19.083488,-31.368666],[19.08365,-31.368691],[19.083909,-31.368695],[19.084016,-31.368754],[19.084193,-31.368875],[19.084315,-31.368908],[19.084461,-31.368908],[19.084686,-31.368796],[19.084867,-31.3688],[19.085039,-31.368649],[19.085171,-31.36852],[19.085327,-31.368516],[19.085528,-31.368516],[19.085699,-31.36842],[19.085806,-31.368361],[19.085973,-31.368386],[19.086071,-31.368507],[19.0861,-31.36872],[19.086207,-31.369251],[19.086286,-31.369376],[19.086295,-31.369472],[19.086442,-31.36948],[19.086501,-31.369589],[19.086638,-31.369631],[19.086731,-31.36971],[19.086721,-31.369923],[19.086638,-31.370086],[19.086472,-31.370203],[19.086203,-31.370178],[19.085821,-31.370211],[19.08564,-31.370169],[19.085185,-31.370228],[19.084114,-31.370253],[19.08342,-31.370295],[19.082231,-31.370286],[19.0816,-31.370311],[19.081605,-31.370228],[19.081395,-31.370278],[19.080877,-31.370303]]]}},{"type":"Feature","properties":{"name":"B5: Straatklip"},"geometry":{"type":"Polygon","coordinates":[[[19.0431,-31.338428],[19.043226,-31.338489],[19.043927,-31.338528],[19.044154,-31.338482],[19.044283,-31.338443],[19.044467,-31.338377],[19.044536,-31.3384],[19.044964,-31.338086],[19.044929,-31.338049],[19.045001,-31.337946],[19.044892,-31.337745],[19.044993,-31.337486],[19.044982,-31.33737],[19.044796,-31.33738],[19.044366,-31.337471],[19.044052,-31.337363],[19.04394,-31.337268],[19.043661,-31.337245],[19.043539,-31.337197],[19.043539,-31.337096],[19.043635,-31.336988],[19.04382,-31.336884],[19.044259,-31.336671],[19.044377,-31.336678],[19.044578,-31.336633],[19.044733,-31.336581],[19.044912,-31.33652],[19.045083,-31.336458],[19.045174,-31.336348],[19.045209,-31.336516],[19.045421,-31.336611],[19.045591,-31.336585],[19.04586,-31.336592],[19.046067,-31.336467],[19.04619,-31.336438],[19.046347,-31.336551],[19.046338,-31.336701],[19.046441,-31.336883],[19.046528,-31.337021],[19.046692,-31.337148],[19.046901,-31.337303],[19.047017,-31.337349],[19.047109,-31.337346],[19.047585,-31.3371],[19.047707,-31.33704],[19.047818,-31.336963],[19.04793,-31.336939],[19.048048,-31.336969],[19.048104,-31.337057],[19.048107,-31.337144],[19.04805,-31.337221],[19.04805,-31.337435],[19.048032,-31.337605],[19.048013,-31.3377],[19.048035,-31.33784],[19.048124,-31.337972],[19.048251,-31.338087],[19.048411,-31.338166],[19.048468,-31.338327],[19.048681,-31.338265],[19.049022,-31.33801],[19.049274,-31.337719],[19.049375,-31.337512],[19.049511,-31.337308],[19.049633,-31.337232],[19.049773,-31.337111],[19.049753,-31.336971],[19.049652,-31.336881],[19.049506,-31.336827],[19.049286,-31.336935],[19.049035,-31.337034],[19.04886,-31.337088],[19.048663,-31.337098],[19.048631,-31.337046],[19.048646,-31.336973],[19.048914,-31.336751],[19.048982,-31.336728],[19.049072,-31.336712],[19.049201,-31.336577],[19.04929,-31.336484],[19.049395,-31.336447],[19.04929,-31.336415],[19.049205,-31.336497],[19.049089,-31.336607],[19.048969,-31.336618],[19.048897,-31.336587],[19.048611,-31.33663],[19.04843,-31.336676],[19.048377,-31.336689],[19.048323,-31.336663],[19.048318,-31.336611],[19.048434,-31.336559],[19.048622,-31.336542],[19.048779,-31.336518],[19.048871,-31.336475],[19.048958,-31.33641],[19.049102,-31.336344],[19.049432,-31.336443],[19.049615,-31.336451],[19.049735,-31.336402],[19.049945,-31.336326],[19.05,-31.336249],[19.050576,-31.336035],[19.050683,-31.336011],[19.051019,-31.335863],[19.051096,-31.335789],[19.051111,-31.335645],[19.051141,-31.335313],[19.050827,-31.335474],[19.050521,-31.335502],[19.050251,-31.335534],[19.049585,-31.335776],[19.04915,-31.335748],[19.048742,-31.335781],[19.04865,-31.335776],[19.048456,-31.335831],[19.048384,-31.335882],[19.047897,-31.336007],[19.047521,-31.336191],[19.047192,-31.336292],[19.046858,-31.336475],[19.046406,-31.336525],[19.046356,-31.336542],[19.04619,-31.336428],[19.046061,-31.336456],[19.045851,-31.336579],[19.045591,-31.336572],[19.045425,-31.3366],[19.045216,-31.336505],[19.045179,-31.336341],[19.045153,-31.336257],[19.044982,-31.336126],[19.044845,-31.336014],[19.044397,-31.33583],[19.044063,-31.33596],[19.043862,-31.336057],[19.043657,-31.336141],[19.043432,-31.336184],[19.043061,-31.33626],[19.04255,-31.336447],[19.042388,-31.336514],[19.042131,-31.33663],[19.041936,-31.336725],[19.041803,-31.336788],[19.040856,-31.33699],[19.041749,-31.336736],[19.042105,-31.336579],[19.042386,-31.336488],[19.042624,-31.336359],[19.042705,-31.336247],[19.042696,-31.336113],[19.042644,-31.335986],[19.042478,-31.335908],[19.042358,-31.335908],[19.042109,-31.335971],[19.041701,-31.335975],[19.041303,-31.336063],[19.04112,-31.33607],[19.041017,-31.336031],[19.040884,-31.335936],[19.040583,-31.335809],[19.040286,-31.33583],[19.039994,-31.335792],[19.039629,-31.335939],[19.039346,-31.336086],[19.039174,-31.335727],[19.038954,-31.335586],[19.038823,-31.335315],[19.03883,-31.335315],[19.038947,-31.335603],[19.039181,-31.335744],[19.039374,-31.336074],[19.039415,-31.336181],[19.03934,-31.336262],[19.039346,-31.336387],[19.039427,-31.336517],[19.039255,-31.336712],[19.039129,-31.336797],[19.038995,-31.33696],[19.038922,-31.337074],[19.038813,-31.337206],[19.038792,-31.337308],[19.038934,-31.337419],[19.039125,-31.337464],[19.03936,-31.337597],[19.039512,-31.337647],[19.039776,-31.337675],[19.039988,-31.337739],[19.040351,-31.337665],[19.040449,-31.337621],[19.040834,-31.337659],[19.041148,-31.33784],[19.041214,-31.338119],[19.041251,-31.338244],[19.041305,-31.338273],[19.041437,-31.338282],[19.04157,-31.338364],[19.041796,-31.338337],[19.042127,-31.338393],[19.042349,-31.338387],[19.04255,-31.338358],[19.042686,-31.338272],[19.042818,-31.338116],[19.043073,-31.338024],[19.043213,-31.337967],[19.043586,-31.33778],[19.043847,-31.337648],[19.044269,-31.337652],[19.044259,-31.337738],[19.044133,-31.337875],[19.043908,-31.338],[19.043679,-31.338067],[19.043468,-31.338095],[19.043312,-31.338093],[19.043256,-31.338119],[19.043294,-31.338211],[19.043414,-31.338296],[19.043604,-31.338306],[19.043783,-31.338332],[19.043989,-31.338394],[19.044046,-31.338431],[19.043497,-31.338398],[19.043095,-31.338396],[19.0431,-31.338428]]]}},{"type":"Feature","properties":{"name":"B4: Sementdamkamp"},"geometry":{"type":"Polygon","coordinates":[[[19.044677,-31.320305],[19.046414,-31.318695],[19.046548,-31.318709],[19.047041,-31.318975],[19.047579,-31.319195],[19.047806,-31.319278],[19.048183,-31.319768],[19.048376,-31.319753],[19.04855,-31.319621],[19.048898,-31.319505],[19.049267,-31.319348],[19.049612,-31.319295],[19.04979,-31.319296],[19.051032,-31.321267],[19.050912,-31.321481],[19.050791,-31.321754],[19.050871,-31.321973],[19.050999,-31.322328],[19.051048,-31.322557],[19.050995,-31.322734],[19.051094,-31.322946],[19.050941,-31.323082],[19.050759,-31.323128],[19.050628,-31.323052],[19.050516,-31.322871],[19.050317,-31.322837],[19.050159,-31.322609],[19.050045,-31.322438],[19.049777,-31.322338],[19.049481,-31.322351],[19.049313,-31.322312],[19.049002,-31.322415],[19.048876,-31.322535],[19.048794,-31.322717],[19.048814,-31.322921],[19.048994,-31.323104],[19.049123,-31.323189],[19.04917,-31.323427],[19.049143,-31.323687],[19.048981,-31.323767],[19.048717,-31.323746],[19.048559,-31.323758],[19.048432,-31.323907],[19.048324,-31.323835],[19.048104,-31.323817],[19.04794,-31.323808],[19.047773,-31.323838],[19.044677,-31.320305]]]}},{"type":"Feature","properties":{"name":"G15: Garskamp"},"geometry":{"type":"Polygon","coordinates":[[[19.068675,-31.361893],[19.069833,-31.362779],[19.070627,-31.36302],[19.070668,-31.363423],[19.071072,-31.363745],[19.071395,-31.364055],[19.072297,-31.36471],[19.073307,-31.36394],[19.073576,-31.36363],[19.073886,-31.363469],[19.074169,-31.363158],[19.074721,-31.363043],[19.074182,-31.362859],[19.073334,-31.36302],[19.073038,-31.363227],[19.07227,-31.36371],[19.071287,-31.36394],[19.071072,-31.363756],[19.071434,-31.363792],[19.071896,-31.363719],[19.072363,-31.363554],[19.072893,-31.36314],[19.073365,-31.3626],[19.073599,-31.362528],[19.0749,-31.362402],[19.075235,-31.3625],[19.075411,-31.362514],[19.075614,-31.362458],[19.075751,-31.362313],[19.076152,-31.361591],[19.076218,-31.361249],[19.076026,-31.361071],[19.076026,-31.360953],[19.075773,-31.360644],[19.076108,-31.360555],[19.076712,-31.360832],[19.07697,-31.361338],[19.076954,-31.361507],[19.076833,-31.361614],[19.076591,-31.361708],[19.076503,-31.36183],[19.076591,-31.361957],[19.076772,-31.362018],[19.076899,-31.362003],[19.07708,-31.361802],[19.077332,-31.36175],[19.077549,-31.361545],[19.077673,-31.361315],[19.078067,-31.361232],[19.078525,-31.360951],[19.07901,-31.360661],[19.079199,-31.36056],[19.07915,-31.360233],[19.079102,-31.359901],[19.079053,-31.359662],[19.078908,-31.359446],[19.078875,-31.359142],[19.078525,-31.358654],[19.078272,-31.358856],[19.077959,-31.358645],[19.078178,-31.35828],[19.07819,-31.358029],[19.078876,-31.357433],[19.078931,-31.357266],[19.078863,-31.356999],[19.079237,-31.356659],[19.079353,-31.356544],[19.079678,-31.356508],[19.079806,-31.356461],[19.079708,-31.35599],[19.079623,-31.355781],[19.079237,-31.355723],[19.078918,-31.355828],[19.078625,-31.355985],[19.077486,-31.35701],[19.07729,-31.357229],[19.077137,-31.357292],[19.077002,-31.357522],[19.077045,-31.357867],[19.076928,-31.358265],[19.076977,-31.358395],[19.076824,-31.358704],[19.076824,-31.359028],[19.076636,-31.359642],[19.076518,-31.359972],[19.076289,-31.360236],[19.075995,-31.360406],[19.075693,-31.360578],[19.075521,-31.360516],[19.075292,-31.36022],[19.075406,-31.359955],[19.075437,-31.359818],[19.075395,-31.359727],[19.075223,-31.35959],[19.075219,-31.359391],[19.075162,-31.359274],[19.075005,-31.359163],[19.074872,-31.359225],[19.074738,-31.359345],[19.074511,-31.359393],[19.073546,-31.359779],[19.073496,-31.359959],[19.0733,-31.360086],[19.07325,-31.36019],[19.073282,-31.36032],[19.073055,-31.36074],[19.07303,-31.36088],[19.072905,-31.360952],[19.072937,-31.361044],[19.07282,-31.361074],[19.072741,-31.361226],[19.072784,-31.361317],[19.072515,-31.361651],[19.072338,-31.361698],[19.072228,-31.361846],[19.072084,-31.361774],[19.071924,-31.361445],[19.071987,-31.361196],[19.071899,-31.361048],[19.071759,-31.360944],[19.071582,-31.360926],[19.071337,-31.360969],[19.071193,-31.361113],[19.071163,-31.361258],[19.071117,-31.361359],[19.071125,-31.361611],[19.071066,-31.361752],[19.070956,-31.361821],[19.070834,-31.361795],[19.070377,-31.361175],[19.070158,-31.361214],[19.069663,-31.361413],[19.069528,-31.361604],[19.068963,-31.361736],[19.068752,-31.361817],[19.068675,-31.361893]]]}},{"type":"Feature","properties":{"name":"G13: Teen Pierre"},"geometry":{"type":"Polygon","coordinates":[[[19.058069,-31.360241],[19.058752,-31.36038],[19.060247,-31.360456],[19.060995,-31.360135],[19.061315,-31.360148],[19.061651,-31.360106],[19.061912,-31.360091],[19.062361,-31.360195],[19.062512,-31.360406],[19.062598,-31.360527],[19.064121,-31.361395],[19.067328,-31.359542],[19.067153,-31.359468],[19.067204,-31.359295],[19.066588,-31.357346],[19.066009,-31.356337],[19.058069,-31.360241]]]}},{"type":"Feature","properties":{"name":"G10: Losland"},"geometry":{"type":"Polygon","coordinates":[[[19.069985,-31.357145],[19.070117,-31.356895],[19.07025,-31.356812],[19.070801,-31.356526],[19.071006,-31.356493],[19.071965,-31.35633],[19.072205,-31.356452],[19.072786,-31.356418],[19.073155,-31.356205],[19.073863,-31.355936],[19.074766,-31.355696],[19.075388,-31.355256],[19.07558,-31.35496],[19.076129,-31.354862],[19.07666,-31.354608],[19.077366,-31.354472],[19.077767,-31.354178],[19.078309,-31.353867],[19.078787,-31.353725],[19.079009,-31.353431],[19.079546,-31.353283],[19.08006,-31.353133],[19.080303,-31.353173],[19.080277,-31.353308],[19.079792,-31.353446],[19.079063,-31.35364],[19.078842,-31.353791],[19.078694,-31.354103],[19.078468,-31.3543],[19.078243,-31.354614],[19.0778,-31.354742],[19.077302,-31.355363],[19.076404,-31.355644],[19.075984,-31.355614],[19.075527,-31.355833],[19.07521,-31.355857],[19.075185,-31.355946],[19.075358,-31.356159],[19.075248,-31.356392],[19.07516,-31.356653],[19.075432,-31.356894],[19.075458,-31.357079],[19.075503,-31.3574],[19.075781,-31.35733],[19.075872,-31.356886],[19.076196,-31.356615],[19.076541,-31.356662],[19.076931,-31.356801],[19.076935,-31.357136],[19.07656,-31.35734],[19.075825,-31.357555],[19.07544,-31.35777],[19.075299,-31.35799],[19.07508,-31.358197],[19.074714,-31.358273],[19.074142,-31.358312],[19.073755,-31.358558],[19.073234,-31.358475],[19.074186,-31.35768],[19.074148,-31.357455],[19.073895,-31.357268],[19.073595,-31.356989],[19.073201,-31.356949],[19.07285,-31.357024],[19.072343,-31.356965],[19.072275,-31.3572],[19.072537,-31.357254],[19.072632,-31.357455],[19.072448,-31.357664],[19.072262,-31.357654],[19.071653,-31.358001],[19.071382,-31.357877],[19.071009,-31.35775],[19.070846,-31.357423],[19.070401,-31.357186],[19.069985,-31.357145]]]}},{"type":"Feature","properties":{"name":"G2b: Flaminkvlei B"},"geometry":{"type":"Polygon","coordinates":[[[19.054762,-31.365849],[19.055031,-31.363983],[19.055104,-31.363778],[19.055285,-31.363599],[19.056246,-31.362954],[19.056386,-31.36279],[19.056556,-31.360905],[19.056246,-31.361113],[19.056157,-31.361346],[19.055596,-31.361636],[19.05519,-31.361706],[19.05485,-31.361945],[19.053676,-31.362545],[19.053042,-31.363353],[19.05273,-31.363452],[19.052347,-31.363429],[19.051643,-31.363749],[19.050743,-31.364396],[19.050493,-31.36489],[19.050235,-31.36575],[19.05011,-31.366359],[19.050894,-31.366717],[19.051242,-31.366717],[19.052089,-31.366473],[19.052463,-31.366176],[19.052944,-31.365978],[19.054094,-31.365811],[19.054762,-31.365849]]]}},{"type":"Feature","properties":{"name":"GA6: Ramkamp"},"geometry":{"type":"Polygon","coordinates":[[[19.048217,-31.353476],[19.049978,-31.355198],[19.050367,-31.3547],[19.051205,-31.354233],[19.048217,-31.353476]]]}},{"type":"Feature","properties":{"name":"G7c: Alex se kamp C"},"geometry":{"type":"Polygon","coordinates":[[[19.074227,-31.366355],[19.074359,-31.366157],[19.074691,-31.365868],[19.075198,-31.365873],[19.07543,-31.365777],[19.075737,-31.365691],[19.075969,-31.365691],[19.076295,-31.365632],[19.076432,-31.365627],[19.07652,-31.365536],[19.076746,-31.365558],[19.07704,-31.365681],[19.077241,-31.365841],[19.07741,-31.36605],[19.077591,-31.366119],[19.077729,-31.366205],[19.077566,-31.366322],[19.07746,-31.36651],[19.077266,-31.366718],[19.077065,-31.36697],[19.076846,-31.367226],[19.076564,-31.367328],[19.076454,-31.367473],[19.077193,-31.367933],[19.077576,-31.368105],[19.077901,-31.367965],[19.078283,-31.367998],[19.078916,-31.368019],[19.07943,-31.368115],[19.079668,-31.3685],[19.079599,-31.368639],[19.07927,-31.368697],[19.079183,-31.369109],[19.078901,-31.369328],[19.078418,-31.369419],[19.078111,-31.369591],[19.077804,-31.369564],[19.077454,-31.369692],[19.077134,-31.369649],[19.076871,-31.369548],[19.076652,-31.369462],[19.076733,-31.36927],[19.076815,-31.369013],[19.077134,-31.368949],[19.077516,-31.368863],[19.07761,-31.368622],[19.077616,-31.36835],[19.077372,-31.368344],[19.077059,-31.36859],[19.077009,-31.368446],[19.077482,-31.368137],[19.07714,-31.367959],[19.076432,-31.367505],[19.076125,-31.367692],[19.074227,-31.366355]]]}},{"type":"Feature","properties":{"name":"C3: Pleisterbosrug"},"geometry":{"type":"Polygon","coordinates":[[[19.0283,-31.332172],[19.029113,-31.330792],[19.029338,-31.33029],[19.029402,-31.329504],[19.028653,-31.32806],[19.028846,-31.3269],[19.029145,-31.326461],[19.029723,-31.32594],[19.030493,-31.325593],[19.031157,-31.325447],[19.031317,-31.324953],[19.031691,-31.324761],[19.032173,-31.324615],[19.032815,-31.324652],[19.033531,-31.324588],[19.033596,-31.324825],[19.033414,-31.325584],[19.033478,-31.32594],[19.034526,-31.326224],[19.033884,-31.328736],[19.033189,-31.33061],[19.032708,-31.330774],[19.029231,-31.33188],[19.0283,-31.332172]]]}},{"type":"Feature","properties":{"name":"G2a: Flaminkvlei A"},"geometry":{"type":"Polygon","coordinates":[[[19.04802,-31.371135],[19.047913,-31.370998],[19.047967,-31.370435],[19.049161,-31.36892],[19.049642,-31.367939],[19.049927,-31.367223],[19.050079,-31.367033],[19.050346,-31.366949],[19.050863,-31.366934],[19.051237,-31.36679],[19.052129,-31.366485],[19.052503,-31.366181],[19.052984,-31.365998],[19.053858,-31.365861],[19.054785,-31.365861],[19.054437,-31.36841],[19.0563,-31.371157],[19.05286,-31.371112],[19.04802,-31.371135]]]}},{"type":"Feature","properties":{"name":"GA5:Bultkamp"},"geometry":{"type":"Polygon","coordinates":[[[19.044978,-31.349994],[19.044933,-31.351252],[19.045579,-31.351324],[19.045592,-31.350905],[19.045861,-31.35107],[19.045818,-31.351226],[19.046111,-31.351644],[19.046697,-31.351678],[19.047092,-31.351601],[19.047275,-31.350245],[19.046766,-31.35018],[19.046658,-31.350292],[19.046588,-31.350593],[19.046145,-31.35065],[19.046076,-31.350721],[19.046091,-31.350936],[19.046055,-31.351077],[19.045992,-31.351003],[19.045931,-31.35097],[19.046018,-31.350175],[19.045483,-31.35],[19.044978,-31.349994]]]}},{"type":"Feature","properties":{"name":"G1: Driehoekkamp"},"geometry":{"type":"Polygon","coordinates":[[[19.038591,-31.370297],[19.039598,-31.369794],[19.039812,-31.369726],[19.040498,-31.369825],[19.040703,-31.369779],[19.041157,-31.369467],[19.041219,-31.369292],[19.041371,-31.369148],[19.041424,-31.36895],[19.041549,-31.368813],[19.042128,-31.368547],[19.042395,-31.368555],[19.042609,-31.368623],[19.042716,-31.368441],[19.04301,-31.368235],[19.043224,-31.36806],[19.043536,-31.367969],[19.044088,-31.367916],[19.044988,-31.367208],[19.045006,-31.366972],[19.045602,-31.366623],[19.04587,-31.366539],[19.046021,-31.366372],[19.046743,-31.366029],[19.046957,-31.365999],[19.047152,-31.366098],[19.047259,-31.36628],[19.047179,-31.366508],[19.046903,-31.366813],[19.046351,-31.367284],[19.04636,-31.367543],[19.046128,-31.367832],[19.046386,-31.368068],[19.046413,-31.36825],[19.046164,-31.368342],[19.045887,-31.368357],[19.045255,-31.368866],[19.044756,-31.369452],[19.044587,-31.369756],[19.044435,-31.37035],[19.044409,-31.370669],[19.044551,-31.371126],[19.041567,-31.371217],[19.040881,-31.371072],[19.039173,-31.371056],[19.039045,-31.370887],[19.038799,-31.370833],[19.038591,-31.370297]]]}},{"type":"Feature","properties":{"name":"C16: Begraafplaas"},"geometry":{"type":"Polygon","coordinates":[[[19.021912,-31.340672],[19.021634,-31.339596],[19.0216,-31.339437],[19.024917,-31.338922],[19.025713,-31.338814],[19.026117,-31.338911],[19.026442,-31.339556],[19.026621,-31.339636],[19.028843,-31.339228],[19.029036,-31.339279],[19.029221,-31.339454],[19.029188,-31.339789],[19.029341,-31.340112],[19.029188,-31.340197],[19.027855,-31.340485],[19.027092,-31.340485],[19.02619,-31.340327],[19.025759,-31.34018],[19.024804,-31.340282],[19.024366,-31.340253],[19.024147,-31.340168],[19.023968,-31.340015],[19.022503,-31.339998],[19.022164,-31.34061],[19.021912,-31.340672]]]}},{"type":"Feature","properties":{"name":"GA3:Lamkamp"},"geometry":{"type":"Polygon","coordinates":[[[19.046414,-31.355949],[19.046367,-31.355834],[19.046933,-31.355759],[19.047034,-31.355682],[19.047232,-31.355684],[19.047643,-31.35546],[19.048178,-31.355483],[19.048188,-31.355572],[19.048383,-31.355592],[19.048868,-31.355647],[19.048942,-31.355564],[19.048982,-31.355503],[19.050036,-31.355344],[19.051029,-31.356288],[19.050852,-31.356547],[19.049903,-31.356385],[19.048842,-31.356271],[19.0477,-31.35613],[19.046414,-31.355949]]]}},{"type":"Feature","properties":{"name":"C10: Nuweland op Krans"},"geometry":{"type":"Polygon","coordinates":[[[19.007319,-31.327988],[19.006457,-31.327797],[19.006559,-31.327347],[19.00638,-31.326726],[19.006443,-31.326577],[19.006419,-31.326416],[19.006457,-31.325919],[19.006549,-31.325125],[19.006583,-31.325038],[19.006603,-31.324902],[19.006685,-31.324774],[19.006942,-31.324678],[19.007109,-31.324672],[19.008186,-31.324476],[19.008414,-31.324405],[19.008564,-31.324488],[19.009615,-31.326015],[19.009683,-31.326292],[19.009586,-31.326461],[19.009442,-31.326665],[19.009255,-31.326855],[19.008889,-31.327134],[19.008203,-31.32755],[19.007513,-31.327461],[19.007319,-31.327988]]]}},{"type":"Feature","properties":{"name":"G4: Leeukamp"},"geometry":{"type":"Polygon","coordinates":[[[19.065118,-31.363402],[19.065031,-31.363413],[19.066349,-31.362851],[19.066444,-31.362801],[19.06655,-31.362698],[19.066709,-31.362736],[19.066889,-31.362824],[19.066994,-31.370921],[19.065887,-31.370929],[19.063198,-31.371017],[19.062714,-31.370974],[19.062634,-31.37102],[19.062318,-31.371009],[19.062183,-31.370984],[19.061991,-31.371052],[19.060952,-31.371103],[19.06121,-31.36124],[19.061411,-31.36125],[19.061735,-31.361005],[19.06237,-31.361227],[19.062987,-31.361764],[19.063863,-31.36189],[19.064088,-31.362154],[19.064495,-31.362396],[19.065126,-31.363359],[19.065118,-31.363402]]]}},{"type":"Feature","properties":{"name":"C4: Ou Klawerkamp"},"geometry":{"type":"Polygon","coordinates":[[[19.02154,-31.319909],[19.019336,-31.320326],[19.019006,-31.320591],[19.018689,-31.320791],[19.018316,-31.320991],[19.018278,-31.321181],[19.017137,-31.321408],[19.017638,-31.322983],[19.019076,-31.322642],[19.01995,-31.321852],[19.022034,-31.321213],[19.022155,-31.321186],[19.022795,-31.32301],[19.024264,-31.322685],[19.024391,-31.322501],[19.02244,-31.3194],[19.022313,-31.318799],[19.020527,-31.318859],[19.021363,-31.319481],[19.021553,-31.319627],[19.021686,-31.319871],[19.02154,-31.319909]]]}},{"type":"Feature","properties":{"name":"C18: Boegoebult"},"geometry":{"type":"Polygon","coordinates":[[[19.022519,-31.339247],[19.02466,-31.338875],[19.024841,-31.338772],[19.024828,-31.338536],[19.024666,-31.338116],[19.024545,-31.337789],[19.024713,-31.33703],[19.024552,-31.336202],[19.024155,-31.335553],[19.023569,-31.33507],[19.022708,-31.334811],[19.022217,-31.334719],[19.021611,-31.334708],[19.020642,-31.334984],[19.019942,-31.335547],[19.019168,-31.336546],[19.019087,-31.337224],[19.019208,-31.338201],[19.019922,-31.339167],[19.020137,-31.339385],[19.020447,-31.3395],[19.022519,-31.339247]]]}},{"type":"Feature","properties":{"name":"C7: Withope"},"geometry":{"type":"Polygon","coordinates":[[[19.028049,-31.324353],[19.031867,-31.324541],[19.033441,-31.31879],[19.031365,-31.318381],[19.031433,-31.3177],[19.031229,-31.31667],[19.030247,-31.316745],[19.029916,-31.316745],[19.029654,-31.316869],[19.029352,-31.317592],[19.029323,-31.317999],[19.029099,-31.318622],[19.028963,-31.319195],[19.028681,-31.31956],[19.028652,-31.320383],[19.02874,-31.32108],[19.028788,-31.321579],[19.028973,-31.322019],[19.028545,-31.322177],[19.028283,-31.3226],[19.028059,-31.323107],[19.027923,-31.323747],[19.028049,-31.324353]]]}},{"type":"Feature","properties":{"name":"C19: Heelagter"},"geometry":{"type":"Polygon","coordinates":[[[19.018902,-31.335688],[19.014316,-31.337609],[19.014972,-31.342482],[19.022123,-31.341632],[19.021533,-31.339473],[19.020295,-31.339599],[19.019145,-31.338157],[19.018902,-31.335688]]]}},{"type":"Feature","properties":{"name":"GA2: Lusern kamp"},"geometry":{"type":"Polygon","coordinates":[[[19.041692,-31.352296],[19.041723,-31.352158],[19.041842,-31.35207],[19.042014,-31.352043],[19.042236,-31.352172],[19.042506,-31.352321],[19.042662,-31.352402],[19.04291,-31.352716],[19.04296,-31.352761],[19.043907,-31.353151],[19.044076,-31.353201],[19.044145,-31.353316],[19.044036,-31.35347],[19.043978,-31.353723],[19.043775,-31.353939],[19.043598,-31.354003],[19.043402,-31.353984],[19.043254,-31.353957],[19.043204,-31.353838],[19.043016,-31.353775],[19.042871,-31.353804],[19.042752,-31.353924],[19.042345,-31.353407],[19.041993,-31.352718],[19.041692,-31.352296]]]}},{"type":"Feature","properties":{"name":"GA8: Skaapkamp"},"geometry":{"type":"Polygon","coordinates":[[[19.050131,-31.355301],[19.050379,-31.354821],[19.050784,-31.354518],[19.051542,-31.354223],[19.053163,-31.35455],[19.053323,-31.355468],[19.052608,-31.356798],[19.05154,-31.356681],[19.050131,-31.355301]]]}},{"type":"Feature","properties":{"name":"G6: Roosklawerkamp"},"geometry":{"type":"Polygon","coordinates":[[[19.06701,-31.362801],[19.067112,-31.362527],[19.068469,-31.361948],[19.068664,-31.361916],[19.06977,-31.362833],[19.069822,-31.362975],[19.069784,-31.363126],[19.069673,-31.363202],[19.069519,-31.363237],[19.069589,-31.363412],[19.069687,-31.363535],[19.069849,-31.363662],[19.070049,-31.363721],[19.070412,-31.363761],[19.070644,-31.363852],[19.070862,-31.36394],[19.071118,-31.363963],[19.071313,-31.364043],[19.072112,-31.364686],[19.072182,-31.364828],[19.07181,-31.365023],[19.071731,-31.365201],[19.071504,-31.365388],[19.071053,-31.365622],[19.070598,-31.365852],[19.06998,-31.366086],[19.069715,-31.366158],[19.069515,-31.366376],[19.069543,-31.366733],[19.070203,-31.366598],[19.070728,-31.366451],[19.071085,-31.36638],[19.071922,-31.365975],[19.072342,-31.365622],[19.072807,-31.365689],[19.072937,-31.365971],[19.073007,-31.366074],[19.073123,-31.366102],[19.073471,-31.366074],[19.073841,-31.366008],[19.074087,-31.366214],[19.074361,-31.366448],[19.076067,-31.367631],[19.076155,-31.367916],[19.075872,-31.368178],[19.075351,-31.368357],[19.075403,-31.368874],[19.076067,-31.368976],[19.076283,-31.369041],[19.076408,-31.369353],[19.076343,-31.369557],[19.076109,-31.369646],[19.076032,-31.369998],[19.075832,-31.370283],[19.075468,-31.370254],[19.075149,-31.370373],[19.074893,-31.370355],[19.074487,-31.370471],[19.073851,-31.370493],[19.073411,-31.3705],[19.072903,-31.370378],[19.072607,-31.3705],[19.07187,-31.370544],[19.070491,-31.3705],[19.070042,-31.370659],[19.069284,-31.370431],[19.068856,-31.370375],[19.06855,-31.370585],[19.06828,-31.370661],[19.067839,-31.370689],[19.067458,-31.370752],[19.067253,-31.370907],[19.067188,-31.370847],[19.067197,-31.367011],[19.069484,-31.366765],[19.069456,-31.366399],[19.069237,-31.366479],[19.067732,-31.366634],[19.067151,-31.366519],[19.066988,-31.362904],[19.06701,-31.362801]]]}},{"type":"Feature","properties":{"name":"Almond Orchard"},"geometry":{"type":"Polygon","coordinates":[[[19.026444,-31.338661],[19.026687,-31.339564],[19.029028,-31.339189],[19.02871,-31.338274],[19.026444,-31.338661]]]}},{"type":"Feature","properties":{"name":"C1: Teen Kromvlei"},"geometry":{"type":"Polygon","coordinates":[[[19.016072,-31.317609],[19.016762,-31.320288],[19.017164,-31.32134],[19.01824,-31.321165],[19.018297,-31.320976],[19.018732,-31.320751],[19.01934,-31.320288],[19.021475,-31.31986],[19.021311,-31.31965],[19.020317,-31.318906],[19.020448,-31.318829],[19.022173,-31.31871],[19.021803,-31.318205],[19.021647,-31.317153],[19.017665,-31.317391],[19.017139,-31.317426],[19.016302,-31.317475],[19.016072,-31.317609]]]}},{"type":"Feature","properties":{"name":"C13: Uilklip"},"geometry":{"type":"Polygon","coordinates":[[[19.013539,-31.331352],[19.0138,-31.332374],[19.014069,-31.33577],[19.014314,-31.336346],[19.01765,-31.335367],[19.019024,-31.334792],[19.020228,-31.334274],[19.02049,-31.334065],[19.020877,-31.332921],[19.019925,-31.33269],[19.019108,-31.332115],[19.016386,-31.330841],[19.015687,-31.330891],[19.014634,-31.331201],[19.013918,-31.331215],[19.013539,-31.331352]]]}},{"type":"Feature","properties":{"name":"C17: Onderdam"},"geometry":{"type":"Polygon","coordinates":[[[19.027296,-31.33797],[19.027473,-31.338288],[19.02771,-31.338324],[19.029773,-31.337972],[19.030016,-31.337902],[19.029996,-31.337897],[19.029655,-31.337174],[19.029009,-31.336615],[19.028112,-31.336061],[19.027626,-31.335581],[19.027409,-31.335126],[19.027056,-31.334914],[19.025274,-31.334718],[19.024508,-31.335123],[19.024132,-31.335464],[19.024539,-31.33612],[19.024735,-31.336755],[19.024711,-31.337364],[19.02457,-31.337752],[19.024719,-31.3381],[19.025827,-31.33783],[19.026543,-31.337967],[19.026913,-31.338],[19.027296,-31.33797]]]}},{"type":"Feature","properties":{"name":"C2: Cloudskraal Hardekop"},"geometry":{"type":"Polygon","coordinates":[[[19.031383,-31.316696],[19.036371,-31.316389],[19.036595,-31.317119],[19.036554,-31.317454],[19.036285,-31.317619],[19.035863,-31.317733],[19.034716,-31.318026],[19.034085,-31.317962],[19.03385,-31.318837],[19.034892,-31.319061],[19.036201,-31.319462],[19.03521,-31.323231],[19.033485,-31.323308],[19.032284,-31.323205],[19.033456,-31.318799],[19.033842,-31.318841],[19.034085,-31.317975],[19.03395,-31.317734],[19.031743,-31.317742],[19.03151,-31.317618],[19.031383,-31.316696]]]}},{"type":"Feature","properties":{"name":"B2: Spilpuntkamp"},"geometry":{"type":"Polygon","coordinates":[[[19.035937,-31.331785],[19.035906,-31.3322],[19.035986,-31.332594],[19.036084,-31.333512],[19.036914,-31.334284],[19.037547,-31.334646],[19.038585,-31.334882],[19.038825,-31.334804],[19.039753,-31.334704],[19.040054,-31.334594],[19.0407,-31.333832],[19.041204,-31.33315],[19.041148,-31.33293],[19.041074,-31.332142],[19.038204,-31.330153],[19.038014,-31.330126],[19.037879,-31.330194],[19.037448,-31.33053],[19.037319,-31.330735],[19.037129,-31.330761],[19.036662,-31.331082],[19.036305,-31.331376],[19.035986,-31.33168],[19.035937,-31.331785]]]}},{"type":"Feature","properties":{"name":"GA7: Uikamp"},"geometry":{"type":"Polygon","coordinates":[[[19.052627,-31.356826],[19.057753,-31.357511],[19.058579,-31.353465],[19.055518,-31.353196],[19.054631,-31.35332],[19.054157,-31.35358],[19.053805,-31.353922],[19.053125,-31.354544],[19.053319,-31.355447],[19.052627,-31.356826]]]}},{"type":"Feature","properties":{"name":"GA.1 :Dam besproeing"},"geometry":{"type":"Polygon","coordinates":[[[19.040233,-31.349353],[19.040235,-31.349886],[19.040494,-31.349872],[19.040576,-31.350087],[19.04056,-31.350231],[19.040584,-31.350326],[19.04133,-31.350093],[19.04148,-31.350042],[19.04165,-31.350048],[19.041787,-31.34989],[19.041803,-31.349782],[19.041782,-31.349674],[19.041708,-31.349552],[19.040886,-31.349441],[19.040444,-31.349387],[19.040233,-31.349353]]]}},{"type":"Feature","properties":{"name":"C9: Groenvlei"},"geometry":{"type":"Polygon","coordinates":[[[19.009941,-31.326337],[19.013488,-31.325628],[19.012549,-31.324826],[19.012309,-31.324369],[19.012254,-31.323689],[19.012145,-31.323465],[19.012189,-31.323222],[19.012178,-31.322505],[19.012669,-31.321777],[19.01292,-31.321665],[19.013586,-31.321218],[19.014112,-31.321008],[19.014944,-31.321114],[19.01495,-31.321465],[19.015431,-31.321647],[19.015758,-31.322812],[19.015747,-31.324416],[19.015835,-31.324762],[19.015799,-31.325016],[19.015865,-31.325219],[19.018152,-31.324823],[19.01596,-31.317668],[19.015698,-31.31748],[19.015366,-31.317561],[19.014979,-31.317769],[19.014754,-31.317916],[19.014213,-31.318216],[19.013981,-31.318368],[19.013957,-31.318541],[19.014243,-31.31914],[19.013761,-31.319221],[19.013506,-31.319302],[19.013238,-31.319307],[19.012935,-31.319333],[19.012454,-31.319434],[19.012329,-31.319536],[19.012406,-31.319825],[19.012674,-31.319962],[19.013131,-31.320155],[19.013327,-31.320429],[19.013363,-31.320708],[19.012804,-31.321272],[19.012424,-31.321079],[19.011961,-31.320876],[19.011824,-31.321033],[19.011239,-31.322001],[19.010705,-31.322346],[19.010301,-31.322831],[19.009853,-31.325404],[19.009755,-31.326178],[19.009941,-31.326337]]]}},{"type":"Feature","properties":{"name":"B7: Laaibankkamp"},"geometry":{"type":"Polygon","coordinates":[[[19.033375,-31.330637],[19.033882,-31.329349],[19.034044,-31.328944],[19.034063,-31.328611],[19.034596,-31.326691],[19.035089,-31.324487],[19.035476,-31.324444],[19.035589,-31.324636],[19.03725,-31.324625],[19.037862,-31.325074],[19.03586,-31.326713],[19.036985,-31.32766],[19.036576,-31.32772],[19.036188,-31.327538],[19.035739,-31.327261],[19.035401,-31.326824],[19.035451,-31.326407],[19.035639,-31.32613],[19.035277,-31.325917],[19.034814,-31.325842],[19.034565,-31.326695],[19.035164,-31.326952],[19.035401,-31.327112],[19.035439,-31.327474],[19.035649,-31.327707],[19.03585,-31.327923],[19.036162,-31.328073],[19.03635,-31.328106],[19.036545,-31.328106],[19.036844,-31.328306],[19.036824,-31.328539],[19.036642,-31.328789],[19.036396,-31.329066],[19.036246,-31.329405],[19.036175,-31.329555],[19.033609,-31.330637],[19.033375,-31.330637]]]}},{"type":"Feature","properties":{"name":"G12: Klipland"},"geometry":{"type":"Polygon","coordinates":[[[19.070226,-31.358547],[19.070429,-31.358442],[19.070694,-31.358377],[19.070871,-31.358436],[19.071312,-31.358494],[19.071593,-31.35846],[19.072085,-31.358495],[19.072414,-31.358587],[19.072509,-31.35866],[19.072724,-31.358625],[19.073033,-31.358718],[19.07284,-31.35877],[19.072807,-31.358836],[19.072868,-31.358934],[19.072916,-31.359064],[19.072739,-31.359181],[19.072553,-31.35932],[19.072814,-31.359358],[19.072734,-31.359174],[19.072917,-31.359071],[19.072967,-31.359148],[19.073311,-31.358832],[19.073423,-31.358802],[19.073626,-31.3587],[19.073804,-31.358776],[19.073455,-31.358901],[19.073348,-31.358977],[19.073163,-31.359124],[19.073216,-31.359225],[19.072991,-31.359248],[19.072983,-31.359535],[19.073063,-31.359725],[19.07325,-31.359628],[19.072995,-31.359248],[19.07322,-31.359225],[19.07336,-31.3594],[19.073447,-31.359721],[19.072663,-31.360052],[19.07254,-31.359562],[19.072492,-31.3594],[19.072231,-31.359538],[19.071981,-31.3598],[19.071907,-31.359912],[19.07165,-31.359803],[19.071814,-31.359645],[19.071796,-31.359491],[19.071647,-31.359528],[19.071442,-31.359719],[19.071475,-31.359892],[19.071666,-31.359798],[19.071911,-31.359912],[19.07185,-31.360065],[19.072001,-31.360081],[19.072607,-31.359856],[19.072668,-31.360056],[19.071786,-31.360402],[19.071692,-31.360375],[19.0716,-31.360471],[19.071495,-31.360169],[19.071603,-31.360139],[19.071586,-31.360035],[19.071475,-31.360076],[19.0716,-31.360475],[19.071418,-31.360575],[19.071376,-31.360642],[19.071278,-31.360654],[19.070855,-31.36082],[19.070226,-31.358547]]]}},{"type":"Feature","properties":{"name":"Biekhoes Wingerd"},"geometry":{"type":"Polygon","coordinates":[[[19.03786,-31.325144],[19.040799,-31.327746],[19.038969,-31.329326],[19.035985,-31.326684],[19.03786,-31.325144]]]}},{"type":"Feature","properties":{"name":"Chenin Blanc"},"geometry":{"type":"Polygon","coordinates":[[[19.047881,-31.351554],[19.049258,-31.351557],[19.049237,-31.350451],[19.050621,-31.350565],[19.050671,-31.352488],[19.047934,-31.352463],[19.047881,-31.351554]]]}},{"type":"Feature","properties":{"name":"B2: Damkamp"},"geometry":{"type":"Polygon","coordinates":[[[19.038804,-31.329415],[19.038799,-31.329603],[19.038751,-31.329695],[19.038412,-31.329824],[19.0381,-31.330068],[19.041085,-31.332112],[19.04126,-31.333393],[19.045301,-31.331256],[19.043506,-31.32993],[19.041408,-31.331032],[19.042579,-31.330375],[19.043514,-31.329941],[19.043844,-31.330046],[19.045205,-31.329001],[19.045672,-31.328625],[19.046264,-31.328402],[19.046384,-31.327936],[19.04619,-31.327848],[19.045749,-31.327857],[19.04541,-31.327628],[19.045222,-31.327361],[19.045227,-31.327223],[19.044958,-31.326994],[19.044555,-31.326897],[19.044415,-31.326902],[19.044162,-31.326713],[19.043791,-31.32669],[19.043549,-31.326699],[19.043129,-31.326318],[19.043789,-31.326506],[19.044696,-31.326788],[19.045088,-31.326899],[19.045604,-31.327533],[19.046222,-31.327745],[19.046717,-31.327545],[19.047047,-31.327768],[19.047212,-31.327627],[19.046697,-31.32731],[19.046724,-31.326958],[19.044133,-31.325326],[19.041521,-31.323212],[19.041617,-31.3234],[19.041514,-31.323558],[19.041645,-31.323682],[19.04161,-31.323811],[19.041741,-31.323987],[19.042153,-31.324239],[19.042476,-31.324656],[19.043012,-31.32495],[19.043122,-31.325883],[19.043315,-31.326083],[19.043124,-31.326306],[19.042699,-31.326432],[19.042366,-31.326491],[19.041903,-31.326537],[19.04151,-31.326611],[19.041424,-31.326854],[19.041322,-31.327277],[19.040859,-31.327305],[19.040628,-31.327392],[19.038767,-31.325798],[19.039138,-31.325848],[19.039299,-31.325641],[19.039116,-31.325334],[19.0386,-31.325202],[19.038112,-31.325185],[19.037665,-31.324856],[19.039713,-31.324374],[19.040022,-31.324322],[19.040242,-31.324686],[19.040585,-31.324704],[19.041247,-31.325035],[19.041489,-31.325205],[19.041473,-31.325623],[19.04137,-31.326018],[19.041408,-31.326308],[19.041424,-31.326634],[19.041408,-31.326822],[19.041322,-31.327282],[19.041118,-31.327525],[19.040811,-31.327755],[19.03895,-31.329327],[19.038804,-31.329415]]]}},{"type":"Feature","properties":{"name":"B1: Eersteland"},"geometry":{"type":"Polygon","coordinates":[[[19.038592,-31.335056],[19.038495,-31.334929],[19.03757,-31.334725],[19.036913,-31.334387],[19.036055,-31.33354],[19.035794,-31.331864],[19.035466,-31.329933],[19.033601,-31.330698],[19.033317,-31.330838],[19.033138,-31.33116],[19.032686,-31.332341],[19.032484,-31.332923],[19.032491,-31.333205],[19.032534,-31.333397],[19.032656,-31.333504],[19.032731,-31.333674],[19.03298,-31.33385],[19.033174,-31.33403],[19.033166,-31.334172],[19.033073,-31.334241],[19.03311,-31.334374],[19.032573,-31.334353],[19.032498,-31.334589],[19.032727,-31.334872],[19.03276,-31.335124],[19.033287,-31.335555],[19.033385,-31.335776],[19.033633,-31.336099],[19.03454,-31.336417],[19.035055,-31.336645],[19.034981,-31.337239],[19.035652,-31.337449],[19.03539,-31.33585],[19.03539,-31.335765],[19.035344,-31.335705],[19.035411,-31.335648],[19.035504,-31.335668],[19.035522,-31.335738],[19.035542,-31.33581],[19.035612,-31.335915],[19.035656,-31.335972],[19.03579,-31.335984],[19.03586,-31.335957],[19.03588,-31.335887],[19.035927,-31.335797],[19.036053,-31.335778],[19.036166,-31.335815],[19.036295,-31.335802],[19.036423,-31.335715],[19.036516,-31.335698],[19.036598,-31.335648],[19.036677,-31.335521],[19.036726,-31.335406],[19.036747,-31.335334],[19.036831,-31.335217],[19.036913,-31.335167],[19.037103,-31.335187],[19.037205,-31.335187],[19.037351,-31.335082],[19.037432,-31.335058],[19.037555,-31.33509],[19.038479,-31.335058],[19.038592,-31.335056]]]}},{"type":"Feature","properties":{"name":"C6: Links van Vlei"},"geometry":{"type":"Polygon","coordinates":[[[19.022857,-31.323118],[19.025287,-31.327718],[19.025971,-31.32751],[19.027632,-31.327489],[19.028633,-31.327979],[19.028792,-31.326905],[19.028022,-31.326592],[19.027033,-31.326999],[19.026349,-31.326759],[19.02536,-31.324975],[19.025116,-31.324902],[19.02453,-31.324328],[19.023943,-31.322846],[19.022857,-31.323118]]]}}]}