listing_type,title,price,bedrooms,bathrooms,floor_size_m2,address,suburb,area,listing_url,agent_name,agent_contact,description,listed_date,image_url,estimated_monthly_rent,estimated_annual_rent,estimated_gross_yield,yield_above_threshold,distressed_flags,real_monthly_rent,real_annual_rent,rent_source,monthly_rates,monthly_insurance,monthly_maintenance,monthly_management,monthly_levy,noi,cap_rate,real_gross_yield,grm,rent_to_price_pct,oer,transfer_duty,refurb_estimate,all_in_cost,bond_amount,monthly_bond,monthly_cash_flow,annual_cash_flow,cash_on_cash_pre_refi,dscr,ber,income_implied_value,value_gap_pct,price_per_m2,suburb_median_price_per_m2,price_per_m2_vs_median,revalued_price,new_bond,equity_extracted,cash_left_in_deal,post_refi_monthly_cash_flow,equity_multiple_5yr,value_yr3,value_yr5,value_yr10,capital_gain_yr5,bond_balance_yr5,equity_yr5,equity_growth_yr5,total_cf_5yr,total_return_yr5,roe_yr5,annualised_return_yr5,yield_on_cost,rental_supply_count,sale_supply_count,rental_to_sale_ratio,rent_spread,price_dispersion,catalyst_score,suburb_quality_score,safety_score,capital_appreciation_score,distressed_bonus,cap_rate_score,coc_score,dscr_score,value_gap_score,affordability_score,brrrr_efficiency_score,rental_supply_score,composite_score,rank
sale,2 Bedroom Apartment,975000,2,1,61 m²,333 Main Road,Lemoenkloof,Paarl,https://www.property24.com/for-sale/lemoenkloof/paarl/western-cape/8607/116508391,,,"Situated on the 11th floor, this spacious 2-bedroom, 2-bathroom apartment offers a prime ...",,https://images.prop24.com/233852929/Ensure264x153,9500,114000,11.69,True,,19750.0,237000.0,rental_suburb,313.0,609.0,1219.0,0.0,1200,177949.0,0.1825,24.31,4.11,2.03,0.1692,0.0,100000,316500.0,780000.0,8051.0,6778.0,81336.0,0.257,1.84,0.5768,1977212.0,102.79,15984.0,13320.0,20.0,1977212.0,1581769.0,801769.0,-485269.0,-1498.0,2.75,1161241.0,1304770.0,1746077.0,264531.0,708349.0,596421.0,401421.0,507841.0,772372.0,2.4404,0.2803,0.5622,1,5,0.4,0.0,0.5023,25.7,86.0,51.0,60.9,0,100,100,100,100,90.2,100,90,65.8,1
sale,1 Bedroom Apartment,760000,1,1,41 m²,88 Lustigan Road,Paarl South,Paarl,https://www.property24.com/for-sale/paarl-south/paarl/western-cape/8623/116481312,,,Discover a prime investment opportunity in the heart of Paarl with this modern 1-bedroom ...,,https://images.prop24.com/341773167/Ensure264x153,7000,84000,11.05,True,,13250.0,159000.0,rental_suburb,205.0,475.0,950.0,0.0,1200,112318.0,0.1478,20.92,4.78,1.74,0.2136,0.0,80000,253500.0,608000.0,6276.0,3084.0,37009.0,0.146,1.49,0.6872,1247975.0,64.21,18537.0,8723.0,112.51,1247975.0,998380.0,390380.0,-136880.0,-945.0,1.71,905172.0,1017051.0,1361044.0,206199.0,552149.0,464903.0,312903.0,248411.0,454610.0,1.7933,0.2281,0.4431,2,72,0.07,0.19,0.4308,20.8,62.0,51.0,47.4,0,98.5,58.4,98.8,100,92.4,100,80,56.7,2
sale,1 Bedroom Apartment,830000,1,1,33 m²,1 Lustigan Road,Paarl South,Paarl,https://www.property24.com/for-sale/paarl-south/paarl/western-cape/8623/116864529,,,"NEW DEVELOPMENT | PAARL SOUTH 
NO TRANSFER COSTS 
JUST LAUNCHED – Brand-New ...",,https://images.prop24.com/341773167/Ensure264x153,7000,84000,10.12,True,,13250.0,159000.0,rental_suburb,240.0,519.0,1038.0,0.0,1200,110322.0,0.1329,19.16,5.22,1.6,0.2261,0.0,100000,287500.0,664000.0,6854.0,2340.0,28078.0,0.0977,1.34,0.7434,1225804.0,47.69,25152.0,8723.0,188.34,1225804.0,980643.0,316643.0,-29143.0,-929.0,1.25,988543.0,1110727.0,1486404.0,225191.0,603005.0,507723.0,341723.0,202482.0,427672.0,1.4876,0.1999,0.3837,2,72,0.07,0.19,0.4308,20.8,62.0,51.0,47.4,0,88.6,39.1,77.3,100,91.7,100,80,54.6,3
sale,2 Bedroom Apartment,840000,2,1,43 m²,Paarl South,Paarl South,Paarl,https://www.property24.com/for-sale/paarl-south/paarl/western-cape/8623/116585087,,,"Exclusive Sole Mandate

Perfectly positioned in the sought-after area of Paarl South, this neat and functional 2-bedroom apartment ...",,https://images.prop24.com/320150639/Ensure264x153,9500,114000,13.57,True,mandate,11925.0,143100.0,rental_suburb,245.0,525.0,1050.0,0.0,1200,95409.0,0.1136,17.04,5.87,1.42,0.2533,0.0,100000,289500.0,672000.0,6936.0,1014.0,12174.0,0.0421,1.15,0.8349,1060103.0,26.2,19535.0,8723.0,123.95,1060103.0,848083.0,176083.0,113417.0,-803.0,0.73,1000453.0,1124109.0,1504312.0,227904.0,610270.0,513840.0,345840.0,114280.0,342184.0,1.182,0.1689,0.3296,2,72,0.07,0.35,0.4308,20.8,62.0,51.0,47.4,30,75.7,16.8,49.5,87.3,91.6,60.8,80,50.8,4
sale,3 Bedroom Apartment,1470000,3,2,80 m²,Paarl South,Paarl South,Paarl,https://www.property24.com/for-sale/paarl-south/paarl/western-cape/8623/114952114,,,"3 bedroom apartment with beautiful mountain views
Bergendal Country villas is a safe and secure complex with easy access to all the ...",,https://images.prop24.com/317418390/Ensure264x153,9500,114000,7.76,False,as-is,17000.0,204000.0,rental_suburb,561.0,919.0,1838.0,0.0,1200,133479.0,0.0908,13.88,7.21,1.16,0.2657,7800.0,50000,373300.0,1176000.0,12139.0,-1015.0,-12184.0,-0.0326,0.92,0.9797,1483098.0,0.89,18375.0,8723.0,110.65,1764000.0,1411200.0,235200.0,138100.0,-3443.0,0.39,1750794.0,1967192.0,2632546.0,398832.0,1067972.0,899220.0,605220.0,13610.0,412442.0,1.1049,0.1605,0.3576,1,72,0.07,0.0,0.4308,20.8,62.0,51.0,47.4,100,60.5,0.0,16.6,3.0,85.3,63.0,90,47.4,5
sale,3 Bedroom Townhouse,2650000,3,2,152 m²,5 Optenhorst Street,Lemoenkloof,Paarl,https://www.property24.com/for-sale/lemoenkloof/paarl/western-cape/8607/116795233,,,"Situated in one of Paarl’s most sought-after neighbourhoods, Lemoenkloof, this ...",,https://images.prop24.com/233852929/Ensure264x153,9500,114000,4.3,False,,7000.0,84000.0,rental_area_q1,1151.0,1656.0,3312.0,0.0,1200,-10558.0,-0.004,3.17,31.55,0.26,1.0457,79200.0,50000,680700.0,2120000.0,21882.0,-22762.0,-273146.0,-0.4013,-0.04,4.1717,-117307.0,-104.43,17434.0,13320.0,30.89,3180000.0,2544000.0,424000.0,256700.0,-27139.0,-1.78,3156192.0,3546298.0,4745746.0,718983.0,1925255.0,1621042.0,1091042.0,-1376786.0,-657803.0,-0.9664,-0.4926,-0.0155,0,5,0.4,,0.5023,25.7,86.0,51.0,60.9,0,-2.7,0.0,0.0,0.0,73.5,62.3,100,45.4,6
sale,3 Bedroom House,2800000,3,1,252 m²,14 Swartvlei Street,Lemoenkloof,Paarl,https://www.property24.com/for-sale/lemoenkloof/paarl/western-cape/8607/116984340?plId=2351989&plt=4,,,"Step into timeless charm with this character-filled semi-detached home, where classic features and inviting living spaces create a truly special atmosphere. Beautiful wooden floors ...",,https://images.prop24.com/233856395/Ensure528x153,9500,114000,4.07,False,,7000.0,84000.0,rental_area_q1,1226.0,1750.0,3500.0,0.0,1200,-14833.0,-0.0053,3.0,33.33,0.25,1.0966,91200.0,50000,722700.0,2240000.0,23121.0,-24357.0,-292286.0,-0.4044,-0.05,4.3996,-164816.0,-105.89,11111.0,13320.0,-16.58,3360000.0,2688000.0,448000.0,274700.0,-28981.0,-1.8,3334845.0,3747032.0,5014374.0,759680.0,2034232.0,1712799.0,1152799.0,-1475207.0,-715527.0,-0.9901,-0.6025,-0.0205,0,5,0.4,,0.5023,25.7,86.0,51.0,60.9,0,-3.5,0.0,0.0,0.0,72.0,62.0,100,45.3,7
sale,3 Bedroom House,2800000,3,1,252 m²,14 Swartvlei Street,Lemoenkloof,Paarl,https://www.property24.com/for-sale/lemoenkloof/paarl/western-cape/8607/117003900?plId=2351989&plt=4,,,"Step into timeless charm with this character-filled semi-detached home, where classic features and inviting living spaces create a truly special atmosphere. Beautiful wooden floors ...",,https://images.prop24.com/233856395/Ensure528x153,9500,114000,4.07,False,,7000.0,84000.0,rental_area_q1,1226.0,1750.0,3500.0,0.0,1200,-14833.0,-0.0053,3.0,33.33,0.25,1.0966,91200.0,50000,722700.0,2240000.0,23121.0,-24357.0,-292286.0,-0.4044,-0.05,4.3996,-164816.0,-105.89,11111.0,13320.0,-16.58,3360000.0,2688000.0,448000.0,274700.0,-28981.0,-1.8,3334845.0,3747032.0,5014374.0,759680.0,2034232.0,1712799.0,1152799.0,-1475207.0,-715527.0,-0.9901,-0.6025,-0.0205,0,5,0.4,,0.5023,25.7,86.0,51.0,60.9,0,-3.5,0.0,0.0,0.0,72.0,62.0,100,45.3,8
sale,2 Bedroom Apartment,1300000,2,1,85 m²,Paarl Central,Paarl Central,Paarl,https://www.property24.com/for-sale/paarl-central/paarl/western-cape/8631/117020071,,,"-SOLE MANDATE- Conveniently located close to Akademia, this property combines space, practicality, and lovely mountain views.

The ...",,https://images.prop24.com/41199432/Ensure264x153,9500,114000,8.77,True,mandate,11350.0,136200.0,rental_suburb,475.0,812.0,1625.0,0.0,1200,75949.0,0.0584,10.48,9.54,0.87,0.3624,2700.0,50000,334200.0,1040000.0,10735.0,-4406.0,-52868.0,-0.1582,0.59,1.3082,843875.0,-35.09,15294.0,13409.0,14.06,1560000.0,1248000.0,208000.0,126200.0,-6553.0,-0.35,1548321.0,1739693.0,2328102.0,352709.0,944465.0,795228.0,535228.0,-222973.0,129736.0,0.3882,0.0678,0.2273,4,14,0.36,0.47,0.5287,31.5,70.0,51.0,54.7,30,38.9,0.0,0.0,0.0,87.0,62.2,60,45.2,9
sale,1 Bedroom Apartment,780000,1,1,40 m²,Esterville,Esterville,Paarl,https://www.property24.com/for-sale/esterville/paarl/western-cape/16386/116950305,,,"Sole Mandate.
The apartment is an ideal choice for a student at Akademia Paarl campus. 
The central location provides easy access to ...",,https://images.prop24.com/310646377/Ensure264x153,7000,84000,10.77,True,mandate,7800.0,93600.0,rental_area_q1,215.0,488.0,975.0,0.0,1200,51580.0,0.0661,12.0,8.33,1.0,0.3689,0.0,80000,257500.0,624000.0,6441.0,-2143.0,-25711.0,-0.0998,0.67,1.1947,573107.0,-26.52,19500.0,10540.0,85.02,936000.0,748800.0,124800.0,132700.0,-3431.0,-0.14,928992.0,1043816.0,1396861.0,211625.0,566679.0,477137.0,321137.0,-100515.0,111111.0,0.4315,0.0744,0.2003,0,7,0.14,,0.5377,33.8,60.0,51.0,50.3,30,44.1,0.0,0.0,0.0,92.2,48.5,100,45.1,10
sale,2 Bedroom Apartment,970000,2,1,,Paarl Central,Paarl Central,Paarl,https://www.property24.com/for-sale/paarl-central/paarl/western-cape/8631/116903149,,,"Modern 2 Bedroom apartment with open-plan living area.
The kitchen is fitted with cupboards, a hob, an under-counter oven, an ...",,https://images.prop24.com/329299895/Ensure264x153,9500,114000,11.75,True,,11350.0,136200.0,rental_suburb,310.0,606.0,1212.0,0.0,1200,85356.0,0.088,14.04,7.12,1.17,0.2933,0.0,100000,315500.0,776000.0,8010.0,-897.0,-10762.0,-0.0341,0.89,0.999,948395.0,-2.23,,13409.0,,1164000.0,931200.0,155200.0,160300.0,-2499.0,0.26,1155286.0,1298079.0,1737122.0,263175.0,704716.0,593363.0,399363.0,-6447.0,256728.0,0.8137,0.1265,0.2705,4,14,0.36,0.47,0.5287,31.5,70.0,51.0,54.7,0,58.7,0.0,12.6,0.0,90.3,49.2,60,44.9,11
sale,1 Bedroom Apartment,650000,1,1,37 m²,Esterville,Esterville,Paarl,https://www.property24.com/for-sale/esterville/paarl/western-cape/16386/116755053,,,This modern ground-floor apartment in Paarl Central offers the ideal blend of comfort and convenience for a busy lifestyle. With shops ...,,https://images.prop24.com/339745226/Ensure264x153,7000,84000,12.92,True,,7800.0,93600.0,rental_area_q1,150.0,406.0,812.0,0.0,1200,55285.0,0.0851,14.4,6.94,1.2,0.3293,0.0,80000,231500.0,520000.0,5367.0,-760.0,-9123.0,-0.0394,0.86,1.0175,614282.0,-5.5,17568.0,10540.0,66.68,780000.0,624000.0,104000.0,127500.0,-1834.0,0.19,774160.0,869847.0,1164051.0,176354.0,472232.0,397614.0,267614.0,-15217.0,161138.0,0.6961,0.1114,0.2388,0,7,0.14,,0.5377,33.8,60.0,51.0,50.3,0,56.7,0.0,8.3,0.0,93.5,44.9,100,44.6,12
sale,1 Bedroom Apartment,2200000,1,1,54 m²,"30 Omnipark Building, 156 C/o Main and Zion",Paarl Central,Paarl,https://www.property24.com/for-sale/paarl-central/paarl/western-cape/8631/116986871,,,"Exclusive Sole Mandate -

This stylish one bedroom, one bathroom apartment is fully ...",,https://images.prop24.com/373504379/Ensure264x153,7000,84000,3.82,False,mandate,7540.0,90480.0,rental_suburb,926.0,1375.0,2750.0,0.0,1200,8231.0,0.0037,4.11,24.31,0.34,0.829,45786.0,50000,557286.0,1760000.0,18167.0,-17481.0,-209767.0,-0.3764,0.04,3.2384,91460.0,-95.84,40741.0,13409.0,203.83,2640000.0,2112000.0,352000.0,205286.0,-21114.0,-1.63,2620235.0,2944096.0,3939865.0,596891.0,1598325.0,1345771.0,905771.0,-1048251.0,-451360.0,-0.8099,-0.2826,0.0148,1,14,0.36,0.0,0.5287,31.5,70.0,51.0,54.7,30,2.5,0.0,0.0,0.0,78.0,63.2,90,44.5,13
sale,2 Bedroom House,1950000,2,1,282 m²,Paarl Central,Paarl Central,Paarl,https://www.property24.com/for-sale/paarl-central/paarl/western-cape/8631/116962169,,,"Exclusive Sole Mandate in Central Paarl
This solidly built two-bedroom home is full of potential and provides the perfect canvas for ...",,https://images.prop24.com/72874115/Ensure264x153,9500,114000,5.85,False,mandate,11350.0,136200.0,rental_suburb,801.0,1219.0,2438.0,0.0,1200,57420.0,0.0294,6.98,14.32,0.58,0.4984,30786.0,50000,492286.0,1560000.0,16102.0,-11317.0,-135805.0,-0.2759,0.3,1.9171,638002.0,-67.28,6915.0,13409.0,-48.43,2340000.0,1872000.0,312000.0,180286.0,-14538.0,-1.03,2322481.0,2609540.0,3492153.0,529063.0,1416697.0,1192843.0,802843.0,-649463.0,-120400.0,-0.2446,-0.0546,0.1166,4,14,0.36,0.47,0.5287,31.5,70.0,51.0,54.7,30,19.6,0.0,0.0,0.0,80.5,63.4,60,44.0,14
sale,2 Bedroom House,1950000,2,1,282 m²,Paarl Central,Paarl Central,Paarl,https://www.property24.com/for-sale/paarl-central/paarl/western-cape/8631/116962975,,,"Exclusive Sole Mandate in Central Paarl
This solidly built two-bedroom home is full of potential and provides the perfect canvas for ...",,https://images.prop24.com/72874115/Ensure264x153,9500,114000,5.85,False,mandate,11350.0,136200.0,rental_suburb,801.0,1219.0,2438.0,0.0,1200,57420.0,0.0294,6.98,14.32,0.58,0.4984,30786.0,50000,492286.0,1560000.0,16102.0,-11317.0,-135805.0,-0.2759,0.3,1.9171,638002.0,-67.28,6915.0,13409.0,-48.43,2340000.0,1872000.0,312000.0,180286.0,-14538.0,-1.03,2322481.0,2609540.0,3492153.0,529063.0,1416697.0,1192843.0,802843.0,-649463.0,-120400.0,-0.2446,-0.0546,0.1166,4,14,0.36,0.47,0.5287,31.5,70.0,51.0,54.7,30,19.6,0.0,0.0,0.0,80.5,63.4,60,44.0,15
sale,1 Bedroom Apartment,640000,1,1,34 m²,"14 Ss La Rochelle, 2b Aurora Street",Denneburg,Paarl,https://www.property24.com/for-sale/denneburg/paarl/western-cape/8597/116779081,,,"Single bedroom on the first floor available at the La Rochelle Complex. 
Please note ...",,https://images.prop24.com/103291119/Ensure264x153,7000,84000,13.12,True,,7680.0,92160.0,rental_area_q1,145.0,400.0,800.0,0.0,1200,54246.0,0.0848,14.4,6.94,1.2,0.3314,0.0,80000,229500.0,512000.0,5285.0,-764.0,-9172.0,-0.04,0.86,1.0195,602729.0,-5.82,18824.0,6852.0,174.7,768000.0,614400.0,102400.0,127100.0,-1821.0,0.18,762250.0,856464.0,1146143.0,173641.0,464967.0,391497.0,263497.0,-16049.0,157592.0,0.6867,0.1102,0.2364,0,4,0.0,,0.4408,27.4,64.0,51.0,50.4,0,56.5,0.0,7.9,0.0,93.6,44.6,100,43.9,16
sale,2 Bedroom Apartment,1250000,2,1,52 m²,Paarl Central,Paarl Central,Paarl,https://www.property24.com/for-sale/paarl-central/paarl/western-cape/8631/116560588,,,Exclusive Mandate:  This well-positioned two-bedroom apartment with a very spacious garage is located in the sought-after southern part ...,,https://images.prop24.com/206466645/Ensure264x153,9500,114000,9.12,True,,11350.0,136200.0,rental_suburb,450.0,781.0,1562.0,0.0,1200,77374.0,0.0619,10.9,9.18,0.91,0.3519,1200.0,50000,322700.0,1000000.0,10322.0,-3874.0,-46489.0,-0.1441,0.62,1.2613,859712.0,-31.22,24038.0,13409.0,79.27,1500000.0,1200000.0,200000.0,122700.0,-5938.0,-0.27,1488770.0,1672782.0,2238560.0,339143.0,908139.0,764643.0,514643.0,-190166.0,148977.0,0.4617,0.0789,0.2398,4,14,0.36,0.47,0.5287,31.5,70.0,51.0,54.7,0,41.3,0.0,0.0,0.0,87.5,62.0,60,43.9,17
sale,1 Bedroom Apartment,720000,1,1,,Esterville,Esterville,Paarl,https://www.property24.com/for-sale/esterville/paarl/western-cape/16386/116950111,,,"Don’t miss this opportunity!
Perfectly situated in the heart of Paarl Central, this apartment offers unbeatable convenience — just a ...",,https://images.prop24.com/190959453/Ensure264x153,7000,84000,11.67,True,,7800.0,93600.0,rental_area_q1,185.0,450.0,900.0,0.0,1200,53290.0,0.074,13.0,7.69,1.08,0.3507,0.0,80000,245500.0,576000.0,5945.0,-1505.0,-18055.0,-0.0735,0.75,1.1129,592111.0,-17.76,,10540.0,,864000.0,691200.0,115200.0,130300.0,-2694.0,0.0,857532.0,963522.0,1289410.0,195346.0,523088.0,440434.0,296434.0,-61146.0,134200.0,0.5466,0.0911,0.2171,0,7,0.14,,0.5377,33.8,60.0,51.0,50.3,0,49.3,0.0,0.0,0.0,92.8,46.9,100,43.8,18
sale,3 Bedroom House,4995000,3,2,375 m²,Vrede Estate,Lemoenkloof,Paarl,https://www.property24.com/for-sale/lemoenkloof/paarl/western-cape/8607/116558530,,,"Discover the perfect family home in the coveted Vrede Estate, ideally located near ...",,https://images.prop24.com/329299895/Ensure264x153,9500,114000,2.28,False,,7000.0,84000.0,rental_area_q1,2325.0,3122.0,6244.0,0.0,1200,-77403.0,-0.0155,1.68,59.46,0.14,1.8415,326806.0,50000,1397306.0,3996000.0,41246.0,-47697.0,-572358.0,-0.4096,-0.16,7.7338,-860034.0,-117.22,13320.0,13320.0,0.0,5994000.0,4795200.0,799200.0,598106.0,-55946.0,-1.88,5949125.0,6684437.0,8945284.0,1355215.0,3628925.0,3055512.0,2056512.0,-2915431.0,-1560216.0,-1.1166,0.0,-0.0554,0,5,0.4,,0.5023,25.7,86.0,51.0,60.9,0,-10.3,0.0,0.0,0.0,50.0,57.2,100,43.6,19
sale,3 Bedroom Apartment,2200000,3,2,103 m²,Paarl Central,Paarl Central,Paarl,https://www.property24.com/for-sale/paarl-central/paarl/western-cape/8631/116995018,,,"Spacious and well-maintained 3-bedroom apartment offering comfort, convenience, and modern living. This beautiful home features a ...",,https://images.prop24.com/375226892/Crop600x400,9500,114000,5.18,False,,7000.0,84000.0,rental_area_q1,926.0,1375.0,2750.0,0.0,1200,2270.0,0.001,3.82,26.19,0.32,0.893,45786.0,50000,557286.0,1760000.0,18167.0,-17977.0,-215728.0,-0.3871,0.01,3.4882,25220.0,-98.85,21359.0,13409.0,59.29,2640000.0,2112000.0,352000.0,205286.0,-21611.0,-1.69,2620235.0,2944096.0,3939865.0,596891.0,1598325.0,1345771.0,905771.0,-1081524.0,-484632.0,-0.8696,-0.3347,0.0041,0,14,0.36,,0.5287,31.5,70.0,51.0,54.7,0,0.7,0.0,0.0,0.0,78.0,63.2,100,43.4,20
sale,2 Bedroom Apartment,950000,2,1,,Paarl South,Paarl South,Paarl,https://www.property24.com/for-sale/paarl-south/paarl/western-cape/8623/116866907,,,Looking for a smart buy in a prime location? This neat and low-maintenance 2-bedroom apartment in popular Paarl South ticks all the ...,,https://images.prop24.com/320150639/Ensure264x153,9500,114000,12.0,True,,11925.0,143100.0,rental_suburb,300.0,594.0,1188.0,0.0,1200,92274.0,0.0971,15.06,6.64,1.26,0.2752,0.0,100000,311500.0,760000.0,7845.0,-155.0,-1862.0,-0.006,0.98,0.933,1025263.0,7.92,,8723.0,,1140000.0,912000.0,152000.0,159500.0,-1724.0,0.42,1131465.0,1271314.0,1701305.0,257749.0,690186.0,581128.0,391128.0,42105.0,299853.0,0.9626,0.1444,0.2962,2,72,0.07,0.35,0.4308,20.8,62.0,51.0,47.4,0,64.8,0.0,25.7,26.4,90.5,48.8,80,43.3,21
sale,2 Bedroom Apartment,950000,2,1,,Paarl South,Paarl South,Paarl,https://www.property24.com/for-sale/paarl-south/paarl/western-cape/8623/116951945,,,Looking for a smart buy in a prime location? This neat and low-maintenance 2-bedroom apartment in popular Paarl South ticks all the ...,,https://images.prop24.com/320150639/Ensure264x153,9500,114000,12.0,True,,11925.0,143100.0,rental_suburb,300.0,594.0,1188.0,0.0,1200,92274.0,0.0971,15.06,6.64,1.26,0.2752,0.0,100000,311500.0,760000.0,7845.0,-155.0,-1862.0,-0.006,0.98,0.933,1025263.0,7.92,,8723.0,,1140000.0,912000.0,152000.0,159500.0,-1724.0,0.42,1131465.0,1271314.0,1701305.0,257749.0,690186.0,581128.0,391128.0,42105.0,299853.0,0.9626,0.1444,0.2962,2,72,0.07,0.35,0.4308,20.8,62.0,51.0,47.4,0,64.8,0.0,25.7,26.4,90.5,48.8,80,43.3,22
sale,2 Bedroom Apartment,970000,2,1,,Esterville,Esterville,Paarl,https://www.property24.com/for-sale/esterville/paarl/western-cape/16386/116908774,,,"Exclusive!
Modern and convenient 2-Bedroom Apartment
Features:
•        Two spacious bedrooms with built-in cupboards
•        ...",,https://images.prop24.com/190959453/Ensure264x153,9500,114000,11.75,True,,8500.0,102000.0,rental_area_q1,310.0,606.0,1212.0,0.0,1200,53892.0,0.0556,10.52,9.51,0.88,0.3917,0.0,100000,315500.0,776000.0,8010.0,-3519.0,-42226.0,-0.1338,0.56,1.334,598795.0,-38.27,,10540.0,,1164000.0,931200.0,155200.0,160300.0,-5121.0,-0.33,1155286.0,1298079.0,1737122.0,263175.0,704716.0,593363.0,399363.0,-182050.0,81125.0,0.2571,0.0468,0.1708,0,7,0.14,,0.5377,33.8,60.0,51.0,50.3,0,37.0,0.0,0.0,0.0,90.3,49.2,100,43.2,23
sale,2 Bedroom Apartment,970000,2,1,,Esterville,Esterville,Paarl,https://www.property24.com/for-sale/esterville/paarl/western-cape/16386/116896590,,,"Exclusive!
Modern and convenient 2-Bedroom Apartment
Features:
•        Two spacious bedrooms with built-in cupboards
•        ...",,https://images.prop24.com/190959453/Ensure264x153,9500,114000,11.75,True,,8500.0,102000.0,rental_area_q1,310.0,606.0,1212.0,0.0,1200,53892.0,0.0556,10.52,9.51,0.88,0.3917,0.0,100000,315500.0,776000.0,8010.0,-3519.0,-42226.0,-0.1338,0.56,1.334,598795.0,-38.27,,10540.0,,1164000.0,931200.0,155200.0,160300.0,-5121.0,-0.33,1155286.0,1298079.0,1737122.0,263175.0,704716.0,593363.0,399363.0,-182050.0,81125.0,0.2571,0.0468,0.1708,0,7,0.14,,0.5377,33.8,60.0,51.0,50.3,0,37.0,0.0,0.0,0.0,90.3,49.2,100,43.2,24
sale,3 Bedroom House,2600000,3,1,542 m²,Paarl Central,Paarl Central,Paarl,https://www.property24.com/for-sale/paarl-central/paarl/western-cape/8631/116584492,,,"Joint Mandate -
This charming 3 bedroom, 1 bathroom home is the ideal opportunity for first time buyers or investors looking for a ...",,https://images.prop24.com/218124093/Ensure264x153,9500,114000,4.38,False,,7000.0,84000.0,rental_area_q1,1126.0,1625.0,3250.0,0.0,1200,-9132.0,-0.0035,3.23,30.95,0.27,1.0287,75200.0,50000,666700.0,2080000.0,21470.0,-22231.0,-266767.0,-0.4001,-0.04,4.0958,-101471.0,-103.9,4797.0,13409.0,-64.23,3120000.0,2496000.0,416000.0,250700.0,-26524.0,-1.78,3096642.0,3479387.0,4656204.0,705417.0,1888930.0,1590457.0,1070457.0,-1343979.0,-638562.0,-0.9578,-0.469,-0.0137,0,14,0.36,,0.5287,31.5,70.0,51.0,54.7,0,-2.3,0.0,0.0,0.0,74.0,62.4,100,43.0,25
sale,2 Bedroom Apartment,780000,2,1,,Dalsig,Dalsig,Malmesbury,https://www.property24.com/for-sale/dalsig/malmesbury/western-cape/7897/116564444,,,"Step into modern living with this spacious 2-bedroom apartment in a secure complex, perfectly positioned near town for ultimate ...",,https://images.prop24.com/367436917/Crop600x400,7500,90000,11.54,True,,12000.0,144000.0,rental_suburb,400,488.0,975.0,0.0,1200,95730.0,0.1227,18.46,5.42,1.54,0.2552,0.0,80000,257500.0,624000.0,6441.0,1537.0,18440.0,0.0716,1.24,0.7919,911714.0,16.89,,15672.0,,936000.0,748800.0,124800.0,132700.0,248.0,0.87,928992.0,1043816.0,1396861.0,211625.0,566679.0,477137.0,321137.0,145768.0,357394.0,1.3879,0.1902,0.3718,4,9,0.44,0.12,0.2015,0.0,56.0,73.0,42.6,0,81.8,28.6,62.7,56.3,92.2,48.5,60,43.0,26
sale,3 Bedroom House,2750000,3,2,616 m²,Paarl Central,Paarl Central,Paarl,https://www.property24.com/for-sale/paarl-central/paarl/western-cape/8631/116989118,,,"S O L E    M A N D A T E

We proudly present this neat as a pin family home in Paarl - close to the hospital and shops.
It is fitted ...",,https://images.prop24.com/275940058/Ensure264x153,9500,114000,4.15,False,,7000.0,84000.0,rental_area_q1,1201.0,1719.0,3438.0,0.0,1200,-13408.0,-0.0049,3.05,32.74,0.25,1.0796,87200.0,50000,708700.0,2200000.0,22708.0,-23825.0,-285906.0,-0.4034,-0.05,4.3236,-148980.0,-105.42,4464.0,13409.0,-66.71,3300000.0,2640000.0,440000.0,268700.0,-28367.0,-1.8,3275294.0,3680120.0,4924831.0,746114.0,1997907.0,1682214.0,1132214.0,-1442400.0,-696285.0,-0.9825,-0.5547,-0.0189,0,14,0.36,,0.5287,31.5,70.0,51.0,54.7,0,-3.3,0.0,0.0,0.0,72.5,62.1,100,42.9,27
sale,3 Bedroom House,2750000,3,1,629 m²,Paarl Central,Paarl Central,Paarl,https://www.property24.com/for-sale/paarl-central/paarl/western-cape/8631/116802489,,,"Exclusively Marketed by Fouchee Properties

This charming heritage home offers the perfect balance of character, comfort, and ...",,https://images.prop24.com/275940058/Ensure264x153,9500,114000,4.15,False,,7000.0,84000.0,rental_area_q1,1201.0,1719.0,3438.0,0.0,1200,-13408.0,-0.0049,3.05,32.74,0.25,1.0796,87200.0,50000,708700.0,2200000.0,22708.0,-23825.0,-285906.0,-0.4034,-0.05,4.3236,-148980.0,-105.42,4372.0,13409.0,-67.4,3300000.0,2640000.0,440000.0,268700.0,-28367.0,-1.8,3275294.0,3680120.0,4924831.0,746114.0,1997907.0,1682214.0,1132214.0,-1442400.0,-696285.0,-0.9825,-0.5547,-0.0189,0,14,0.36,,0.5287,31.5,70.0,51.0,54.7,0,-3.3,0.0,0.0,0.0,72.5,62.1,100,42.9,28
sale,3 Bedroom Townhouse,2950000,3,2,220 m²,Paarl Central,Paarl Central,Paarl,https://www.property24.com/for-sale/paarl-central/paarl/western-cape/8631/117020924,,,"Step into this opportunity in the heart of the beautiful Paarl.

Whether you are looking for the perfect investment property or ...",,https://images.prop24.com/206466645/Ensure264x153,9500,114000,3.86,False,,7000.0,84000.0,rental_area_q1,1301.0,1844.0,3688.0,0.0,1200,-19109.0,-0.0065,2.85,35.12,0.24,1.1475,103200.0,50000,764700.0,2360000.0,24360.0,-25952.0,-311425.0,-0.4073,-0.07,4.6274,-212326.0,-107.2,13409.0,13409.0,0.0,3540000.0,2832000.0,472000.0,292700.0,-30824.0,-1.82,3513497.0,3947765.0,5283001.0,800377.0,2143209.0,1804557.0,1214557.0,-1573627.0,-773250.0,-1.0112,0.0,-0.025,0,14,0.36,,0.5287,31.5,70.0,51.0,54.7,0,-4.3,0.0,0.0,0.0,70.5,61.7,100,42.7,29
sale,3 Bedroom House,2100000,3,2,598 m²,10 Loop Street,Esterville,Paarl,https://www.property24.com/for-sale/esterville/paarl/western-cape/16386/116183347,,,"Sole Mandate.
This warm and inviting home, situated in the heart of Esterville, is now ...",,https://images.prop24.com/371765557/Crop600x400,9500,114000,5.43,False,mandate,7000.0,84000.0,rental_suburb,876.0,1312.0,2625.0,0.0,1200,5120.0,0.0024,4.0,25.0,0.33,0.859,39786.0,50000,531286.0,1680000.0,17341.0,-16914.0,-202969.0,-0.382,0.02,3.3363,56893.0,-97.29,3512.0,10540.0,-66.68,2520000.0,2016000.0,336000.0,195286.0,-20382.0,-1.66,2501134.0,2810274.0,3760780.0,569760.0,1525674.0,1284600.0,864600.0,-1015910.0,-446150.0,-0.8398,-0.3066,0.0096,1,7,0.14,0.0,0.5377,33.8,60.0,51.0,50.3,30,1.6,0.0,0.0,0.0,79.0,63.2,90,42.6,30
sale,3 Bedroom House,2100000,3,2,598 m²,10 Loop Street,Esterville,Paarl,https://www.property24.com/for-sale/esterville/paarl/western-cape/16386/117001668,,,"Sole Mandate.
This warm and inviting home, situated in the heart of Esterville, is now ...",,https://images.prop24.com/233852929/Ensure264x153,9500,114000,5.43,False,mandate,7000.0,84000.0,rental_suburb,876.0,1312.0,2625.0,0.0,1200,5120.0,0.0024,4.0,25.0,0.33,0.859,39786.0,50000,531286.0,1680000.0,17341.0,-16914.0,-202969.0,-0.382,0.02,3.3363,56893.0,-97.29,3512.0,10540.0,-66.68,2520000.0,2016000.0,336000.0,195286.0,-20382.0,-1.66,2501134.0,2810274.0,3760780.0,569760.0,1525674.0,1284600.0,864600.0,-1015910.0,-446150.0,-0.8398,-0.3066,0.0096,1,7,0.14,0.0,0.5377,33.8,60.0,51.0,50.3,30,1.6,0.0,0.0,0.0,79.0,63.2,90,42.6,31
sale,2 Bedroom Apartment,1250000,2,1,61 m²,Paarl North,Paarl North,Paarl,https://www.property24.com/for-sale/paarl-north/paarl/western-cape/8612/116864034,,,"A secure and conveniently located apartment in Paarl North, close to schools, shops and churches and clinics. 
The north facing living ...",,https://images.prop24.com/242461081/Ensure264x153,9500,114000,9.12,True,,8500.0,102000.0,rental_area_q1,450.0,781.0,1562.0,0.0,1200,45910.0,0.0367,8.16,12.25,0.68,0.4699,1200.0,50000,322700.0,1000000.0,10322.0,-6496.0,-77953.0,-0.2416,0.37,1.6842,510112.0,-59.19,20492.0,7644.0,168.07,1500000.0,1200000.0,200000.0,122700.0,-8560.0,-0.85,1488770.0,1672782.0,2238560.0,339143.0,908139.0,764643.0,514643.0,-365769.0,-26626.0,-0.0825,-0.0171,0.1423,0,33,0.03,,0.3498,21.8,70.0,51.0,51.7,0,24.5,0.0,0.0,0.0,87.5,62.0,100,42.5,32
sale,2 Bedroom House,2350000,2,1,90 m²,Paarl North,Paarl North,Paarl,https://www.property24.com/for-sale/paarl-north/paarl/western-cape/8612/116898864,,,"Exclusive Sole Mandate. 

This meticulously maintained sectional title residence provides the benefits of secure estate living, ideal ...",,https://images.prop24.com/363879363/Ensure264x153,9500,114000,4.85,False,mandate,8500.0,102000.0,rental_area_q1,1001.0,1469.0,2938.0,0.0,1200,14554.0,0.0062,4.34,23.04,0.36,0.7773,55200.0,50000,596700.0,1880000.0,19405.0,-18192.0,-218308.0,-0.3659,0.06,3.0603,161711.0,-93.12,26111.0,7644.0,241.58,2820000.0,2256000.0,376000.0,220700.0,-22073.0,-1.57,2798888.0,3144830.0,4208492.0,637589.0,1707302.0,1437528.0,967528.0,-1087521.0,-449933.0,-0.754,-0.2446,0.0244,0,33,0.03,,0.3498,21.8,70.0,51.0,51.7,30,4.1,0.0,0.0,0.0,76.5,63.0,100,42.5,33
sale,3 Bedroom House,5500000,3,2,896 m²,Courtrai,Courtrai,Paarl,https://www.property24.com/for-sale/courtrai/paarl/western-cape/8594/116993757,,,"Nestled in a family-friendly neighborhood with easy access to national roads, this spacious 3-bedroom home offers the perfect blend of ...",,https://images.prop24.com/251717957/Ensure264x153,9500,114000,2.07,False,,7000.0,84000.0,rental_area_q1,2577.0,3438.0,6875.0,0.0,1200,-91798.0,-0.0167,1.53,65.48,0.13,2.0128,382356.0,50000,1553856.0,4400000.0,45416.0,-53066.0,-636794.0,-0.4098,-0.17,8.5009,-1019981.0,-118.55,6138.0,6524.0,-5.91,6600000.0,5280000.0,880000.0,673856.0,-62149.0,-1.89,6550588.0,7360241.0,9849662.0,1492229.0,3995813.0,3364428.0,2264428.0,-3246781.0,-1754552.0,-1.1292,0.0,-0.0591,0,2,0.0,,0.0,30.9,76.0,51.0,57.5,0,-11.1,0.0,0.0,0.0,45.0,56.6,100,42.2,34
sale,3 Bedroom House,5500000,3,3,796 m²,Courtrai,Courtrai,Paarl,https://www.property24.com/for-sale/courtrai/paarl/western-cape/8594/115358254,,,An invitation to make this your dream home! Situated in ever popular Courtrai against the mountain with stunning views you can still ...,,https://images.prop24.com/206466645/Ensure264x153,9500,114000,2.07,False,,7000.0,84000.0,rental_area_q1,2577.0,3438.0,6875.0,0.0,1200,-91798.0,-0.0167,1.53,65.48,0.13,2.0128,382356.0,50000,1553856.0,4400000.0,45416.0,-53066.0,-636794.0,-0.4098,-0.17,8.5009,-1019981.0,-118.55,6910.0,6524.0,5.91,6600000.0,5280000.0,880000.0,673856.0,-62149.0,-1.89,6550588.0,7360241.0,9849662.0,1492229.0,3995813.0,3364428.0,2264428.0,-3246781.0,-1754552.0,-1.1292,0.0,-0.0591,0,2,0.0,,0.0,30.9,76.0,51.0,57.5,0,-11.1,0.0,0.0,0.0,45.0,56.6,100,42.2,35
sale,2 Bedroom Apartment,1490000,2,1,63 m²,565 Main Rd,Paarl North,Paarl,https://www.property24.com/for-sale/paarl-north/paarl/western-cape/8612/116503595,,,"Villa Granito Complex

Find your sanctuary in this 2nd floor, modern, open-plan, light ...",,,9500,114000,7.65,False,,8500.0,102000.0,rental_area_q1,571.0,931.0,1862.0,0.0,1200,39069.0,0.0262,6.85,14.61,0.57,0.537,8400.0,50000,377900.0,1192000.0,12304.0,-9048.0,-108575.0,-0.2873,0.26,1.9845,434097.0,-70.87,23651.0,7644.0,209.4,1788000.0,1430400.0,238400.0,139500.0,-11509.0,-1.1,1774614.0,1993956.0,2668363.0,404258.0,1082502.0,911454.0,613454.0,-523242.0,-118984.0,-0.3149,-0.0728,0.1034,0,33,0.03,,0.3498,21.8,70.0,51.0,51.7,0,17.5,0.0,0.0,0.0,85.1,63.1,100,42.1,36
sale,2 Bedroom Apartment,2195000,2,1,61 m²,Paarl Central,Paarl Central,Paarl,https://www.property24.com/for-sale/paarl-central/paarl/western-cape/8631/115853882,,,"This contemporary 2-bedroom, 1-bathroom apartment in Southern Paarl offers the perfect blend of comfort, style, and convenience.  Ideal ...",,https://images.prop24.com/206466645/Ensure264x153,9500,114000,5.19,False,,11350.0,136200.0,rental_suburb,923.0,1372.0,2744.0,0.0,1200,50436.0,0.023,6.21,16.12,0.52,0.5497,45486.0,50000,555986.0,1756000.0,18125.0,-13922.0,-167066.0,-0.3005,0.23,2.1466,560404.0,-74.47,35984.0,13409.0,168.35,2634000.0,2107200.0,351200.0,204786.0,-17547.0,-1.18,2614280.0,2937405.0,3930911.0,595535.0,1594693.0,1342712.0,903712.0,-810217.0,-214682.0,-0.3861,-0.093,0.0907,4,14,0.36,0.47,0.5287,31.5,70.0,51.0,54.7,0,15.3,0.0,0.0,0.0,78.0,63.2,60,42.1,37
sale,3 Bedroom House,2950000,3,2,520 m²,7 Michael Street,Paarl North,Paarl,https://www.property24.com/for-sale/paarl-north/paarl/western-cape/8612/116893566,,,"SOLE MANDATE

Are you looking for a home in a safe and popular area?  Then this ...",,https://images.prop24.com/275940058/Ensure264x153,9500,114000,3.86,False,mandate,7000.0,84000.0,rental_area_q1,1301.0,1844.0,3688.0,0.0,1200,-19109.0,-0.0065,2.85,35.12,0.24,1.1475,103200.0,50000,764700.0,2360000.0,24360.0,-25952.0,-311425.0,-0.4073,-0.07,4.6274,-212326.0,-107.2,5673.0,7644.0,-25.78,3540000.0,2832000.0,472000.0,292700.0,-30824.0,-1.82,3513497.0,3947765.0,5283001.0,800377.0,2143209.0,1804557.0,1214557.0,-1573627.0,-773250.0,-1.0112,0.0,-0.025,0,33,0.03,,0.3498,21.8,70.0,51.0,51.7,30,-4.3,0.0,0.0,0.0,70.5,61.7,100,41.7,38
sale,3 Bedroom House,2895000,3,2,605 m²,Paarl North,Paarl North,Paarl,https://www.property24.com/for-sale/paarl-north/paarl/western-cape/8612/116954343,,,"-SOLE MANDATE- Situated in Northern Paarl, this generous home offers excellent space and a versatile layout, ideal for extended family ...",,https://images.prop24.com/41199432/Ensure264x153,9500,114000,3.94,False,mandate,7000.0,84000.0,rental_area_q1,1274.0,1809.0,3619.0,0.0,1200,-17541.0,-0.0061,2.9,34.46,0.24,1.1288,98800.0,50000,749300.0,2316000.0,23905.0,-25367.0,-304407.0,-0.4063,-0.06,4.5439,-194906.0,-106.73,4785.0,7644.0,-37.4,3474000.0,2779200.0,463200.0,286100.0,-30148.0,-1.82,3447991.0,3874163.0,5184504.0,785455.0,2103251.0,1770912.0,1191912.0,-1537540.0,-752085.0,-1.0037,0.0,-0.0234,0,33,0.03,,0.3498,21.8,70.0,51.0,51.7,30,-4.0,0.0,0.0,0.0,71.0,61.8,100,41.7,39
sale,3 Bedroom House,2895000,3,2,605 m²,Paarl North,Paarl North,Paarl,https://www.property24.com/for-sale/paarl-north/paarl/western-cape/8612/116866056,,,"-SOLE MANDATE- Situated in Northern Paarl, this generous home offers excellent space and a versatile layout, ideal for extended family ...",,https://images.prop24.com/41199432/Ensure264x153,9500,114000,3.94,False,mandate,7000.0,84000.0,rental_area_q1,1274.0,1809.0,3619.0,0.0,1200,-17541.0,-0.0061,2.9,34.46,0.24,1.1288,98800.0,50000,749300.0,2316000.0,23905.0,-25367.0,-304407.0,-0.4063,-0.06,4.5439,-194906.0,-106.73,4785.0,7644.0,-37.4,3474000.0,2779200.0,463200.0,286100.0,-30148.0,-1.82,3447991.0,3874163.0,5184504.0,785455.0,2103251.0,1770912.0,1191912.0,-1537540.0,-752085.0,-1.0037,0.0,-0.0234,0,33,0.03,,0.3498,21.8,70.0,51.0,51.7,30,-4.0,0.0,0.0,0.0,71.0,61.8,100,41.7,40
sale,2 Bedroom Apartment,1825000,2,1,71 m²,386 Main Road Paarl,Paarl North,Paarl,https://www.property24.com/for-sale/paarl-north/paarl/western-cape/8612/117028028,,,"Section Title - Jock Villas Body Corporate . 71 Sqm , 2 bedroom, 1 bathroom Section in ...",,,9500,114000,6.25,False,,8500.0,102000.0,rental_area_q1,738.0,1141.0,2281.0,0.0,1200,29519.0,0.0162,5.59,17.89,0.47,0.6306,23286.0,50000,459786.0,1460000.0,15070.0,-12610.0,-151320.0,-0.3291,0.16,2.4035,327993.0,-82.03,25704.0,7644.0,236.26,2190000.0,1752000.0,292000.0,167786.0,-15624.0,-1.35,2173604.0,2442262.0,3268297.0,495149.0,1325883.0,1116378.0,751378.0,-743049.0,-247900.0,-0.5392,-0.1435,0.0642,0,33,0.03,,0.3498,21.8,70.0,51.0,51.7,0,10.8,0.0,0.0,0.0,81.8,63.5,100,41.6,41
sale,3 Bedroom House,2980000,3,2,539 m²,Paarl North,Paarl North,Paarl,https://www.property24.com/for-sale/paarl-north/paarl/western-cape/8612/116988479,,,"- SOLE MANDATE -
Situated on a prime corner stand in one of Noorder-Paarl’s most attractive and established streets, this well-kept ...",,https://images.prop24.com/375112336/Crop600x400,9500,114000,3.83,False,mandate,7000.0,84000.0,rental_area_q1,1316.0,1862.0,3725.0,0.0,1200,-19964.0,-0.0067,2.82,35.48,0.23,1.1577,105600.0,50000,773100.0,2384000.0,24607.0,-26271.0,-315253.0,-0.4078,-0.07,4.673,-221827.0,-107.44,5529.0,7644.0,-27.67,3576000.0,2860800.0,476800.0,296300.0,-31193.0,-1.83,3549228.0,3987912.0,5336726.0,808517.0,2165004.0,1822908.0,1226908.0,-1593312.0,-784795.0,-1.0151,0.0,-0.0258,0,33,0.03,,0.3498,21.8,70.0,51.0,51.7,30,-4.5,0.0,0.0,0.0,70.2,61.7,100,41.6,42
sale,1 Bedroom Apartment,780000,1,1,41 m²,La Vie Estate,La Vie Estate,Paarl,https://www.property24.com/for-sale/la-vie-estate/paarl/western-cape/25480/116535097,,,This neat and pleasant 1-bedroom apartment offers comfort and convenience in an ideal location. Enjoy a private balcony with lovely ...,,https://images.prop24.com/363879363/Ensure264x153,7000,84000,10.77,True,,7800.0,93600.0,rental_area_q1,215.0,488.0,975.0,0.0,1200,51580.0,0.0661,12.0,8.33,1.0,0.3689,0.0,80000,257500.0,624000.0,6441.0,-2143.0,-25711.0,-0.0998,0.67,1.1947,573107.0,-26.52,19024.0,19024.0,0.0,936000.0,748800.0,124800.0,132700.0,-3431.0,-0.14,928992.0,1043816.0,1396861.0,211625.0,566679.0,477137.0,321137.0,-100515.0,111111.0,0.4315,0.0744,0.2003,0,1,0.0,,,25.6,60.0,51.0,47.9,0,44.1,0.0,0.0,0.0,92.2,48.5,100,41.5,43
sale,3 Bedroom House,1700000,3,3,381 m²,8a Kloof Street,Dalsig,Malmesbury,https://www.property24.com/for-sale/dalsig/malmesbury/western-cape/7897/116996763,,,"Price Reduced - Exceptional Opportunity!
Jump at the rare chance to own a 3-bedroom home ...",,https://images.prop24.com/362902721/Ensure264x153,7500,90000,5.29,False,reduced,15000.0,180000.0,rental_area_q1,400,1062.0,2125.0,0.0,1200,108150.0,0.0636,10.59,9.44,0.88,0.3192,15786.0,50000,427286.0,1360000.0,14038.0,-5025.0,-60303.0,-0.1411,0.64,1.255,1030000.0,-39.41,4462.0,15672.0,-71.53,2040000.0,1632000.0,272000.0,155286.0,-7833.0,-0.24,2024727.0,2274983.0,3044441.0,461234.0,1235070.0,1039914.0,699914.0,-241888.0,219346.0,0.5133,0.0864,0.2531,0,9,0.44,,0.2015,0.0,56.0,73.0,42.6,100,42.4,0.0,0.0,0.0,83.0,63.7,100,41.5,44
sale,3 Bedroom House,1700000,3,3,381 m²,8a Kloof Street,Dalsig,Malmesbury,https://www.property24.com/for-sale/dalsig/malmesbury/western-cape/7897/116682850,,,"Price Reduced - Exceptional Opportunity!
Jump at the rare chance to own a 3-bedroom home ...",,https://images.prop24.com/362902721/Ensure264x153,7500,90000,5.29,False,reduced,15000.0,180000.0,rental_area_q1,400,1062.0,2125.0,0.0,1200,108150.0,0.0636,10.59,9.44,0.88,0.3192,15786.0,50000,427286.0,1360000.0,14038.0,-5025.0,-60303.0,-0.1411,0.64,1.255,1030000.0,-39.41,4462.0,15672.0,-71.53,2040000.0,1632000.0,272000.0,155286.0,-7833.0,-0.24,2024727.0,2274983.0,3044441.0,461234.0,1235070.0,1039914.0,699914.0,-241888.0,219346.0,0.5133,0.0864,0.2531,0,9,0.44,,0.2015,0.0,56.0,73.0,42.6,100,42.4,0.0,0.0,0.0,83.0,63.7,100,41.5,45
sale,3 Bedroom House,1700000,3,1,425 m²,43a Pieter Wium Street,Paarl North,Paarl,https://www.property24.com/for-sale/paarl-north/paarl/western-cape/8612/116717333,,,This new listing is offered by the family after having been standing vacant for a long ...,,https://images.prop24.com/242461081/Ensure264x153,9500,114000,6.71,False,,7000.0,84000.0,rental_area_q1,676.0,1062.0,2125.0,0.0,1200,16523.0,0.0097,4.94,20.24,0.41,0.7233,15786.0,50000,427286.0,1360000.0,14038.0,-12661.0,-151931.0,-0.3556,0.1,2.7287,183584.0,-89.2,4000.0,7644.0,-47.67,2040000.0,1632000.0,272000.0,155286.0,-15468.0,-1.5,2024727.0,2274983.0,3044441.0,461234.0,1235070.0,1039914.0,699914.0,-753454.0,-292220.0,-0.6839,-0.2057,0.0387,0,33,0.03,,0.3498,21.8,70.0,51.0,51.7,0,6.5,0.0,0.0,0.0,83.0,63.7,100,41.4,46
sale,3 Bedroom Townhouse,3395000,3,2,377 m²,Paarl North,Paarl North,Paarl,https://www.property24.com/for-sale/paarl-north/paarl/western-cape/8612/116850256,,,"EXCLUSIVE SOLE MANDATE

Located in the sought-after Mooiberge Estate in Northern Paarl, this well-proportioned home offers ...",,https://images.prop24.com/275940058/Ensure264x153,9500,114000,3.36,False,mandate,7000.0,84000.0,rental_area_q1,1524.0,2122.0,4244.0,0.0,1200,-31794.0,-0.0094,2.47,40.42,0.21,1.2985,150806.0,50000,901306.0,2716000.0,28034.0,-30684.0,-368205.0,-0.4085,-0.09,5.3034,-353269.0,-110.41,9005.0,7644.0,17.81,4074000.0,3259200.0,543200.0,358106.0,-36291.0,-1.84,4043499.0,4543276.0,6079928.0,921112.0,2466506.0,2076769.0,1397769.0,-1865609.0,-944497.0,-1.0479,0.0,-0.0353,0,33,0.03,,0.3498,21.8,70.0,51.0,51.7,30,-6.2,0.0,0.0,0.0,66.0,60.3,100,41.3,47
sale,3 Bedroom House,1790000,3,1,129 m²,Paarl North,Paarl North,Paarl,https://www.property24.com/for-sale/paarl-north/paarl/western-cape/8612/116701133,,,This 3 bedroom house is situated at De Chavonnes Complex in Northern Paarl and has easy access to Paarl Gymnasium and the Optenhorst ...,,https://images.prop24.com/370047714/Crop600x400,9500,114000,6.37,False,,7000.0,84000.0,rental_area_q1,721.0,1119.0,2238.0,0.0,1200,13957.0,0.0078,4.69,21.31,0.39,0.7538,21186.0,50000,450686.0,1432000.0,14781.0,-13618.0,-163414.0,-0.3626,0.08,2.8654,155079.0,-91.34,13876.0,7644.0,81.52,2148000.0,1718400.0,286400.0,164286.0,-16574.0,-1.54,2131919.0,2395424.0,3205617.0,485653.0,1300456.0,1094968.0,736968.0,-812507.0,-326854.0,-0.7252,-0.2277,0.031,0,33,0.03,,0.3498,21.8,70.0,51.0,51.7,0,5.2,0.0,0.0,0.0,82.1,63.5,100,41.3,48
sale,3 Bedroom House,3490000,3,2,411 m²,Paarl North,Paarl North,Paarl,https://www.property24.com/for-sale/paarl-north/paarl/western-cape/8612/116890204,,,"EXCLUSIVE SOLE MANDATE:

Discover contemporary living in this newly built, low-maintenance home situated in a quiet and desirable ...",,https://images.prop24.com/252580558/Ensure264x153,9500,114000,3.27,False,mandate,7000.0,84000.0,rental_area_q1,1571.0,2181.0,4362.0,0.0,1200,-34502.0,-0.0099,2.41,41.55,0.2,1.3307,161256.0,50000,930756.0,2792000.0,28819.0,-31694.0,-380327.0,-0.4086,-0.1,5.4477,-383359.0,-110.98,8491.0,7644.0,11.09,4188000.0,3350400.0,558400.0,372356.0,-37458.0,-1.85,4156646.0,4670407.0,6250058.0,946887.0,2535525.0,2134882.0,1436882.0,-1927942.0,-981055.0,-1.054,0.0,-0.0371,0,33,0.03,,0.3498,21.8,70.0,51.0,51.7,30,-6.6,0.0,0.0,0.0,65.1,60.0,100,41.2,49
sale,3 Bedroom House,3490000,3,2,411 m²,Paarl North,Paarl North,Paarl,https://www.property24.com/for-sale/paarl-north/paarl/western-cape/8612/116997598,,,"EXCLUSIVE SOLE MANDATE:

Discover contemporary living in this newly built, low-maintenance home situated in a quiet and desirable ...",,https://images.prop24.com/252580558/Ensure264x153,9500,114000,3.27,False,mandate,7000.0,84000.0,rental_area_q1,1571.0,2181.0,4362.0,0.0,1200,-34502.0,-0.0099,2.41,41.55,0.2,1.3307,161256.0,50000,930756.0,2792000.0,28819.0,-31694.0,-380327.0,-0.4086,-0.1,5.4477,-383359.0,-110.98,8491.0,7644.0,11.09,4188000.0,3350400.0,558400.0,372356.0,-37458.0,-1.85,4156646.0,4670407.0,6250058.0,946887.0,2535525.0,2134882.0,1436882.0,-1927942.0,-981055.0,-1.054,0.0,-0.0371,0,33,0.03,,0.3498,21.8,70.0,51.0,51.7,30,-6.6,0.0,0.0,0.0,65.1,60.0,100,41.2,50
sale,3 Bedroom House,3695000,3,2,383 m²,Paarl North,Paarl North,Paarl,https://www.property24.com/for-sale/paarl-north/paarl/western-cape/8612/116981907,,,"SOLE MANDATE
This spacious and well-designed home in Mooiberge Estate offers secure, low-maintenance living with an emphasis on ...",,https://images.prop24.com/275940058/Ensure264x153,9500,114000,3.09,False,mandate,7000.0,84000.0,rental_area_q1,1674.0,2309.0,4619.0,0.0,1200,-40346.0,-0.0109,2.27,43.99,0.19,1.4003,183806.0,50000,994306.0,2956000.0,30511.0,-33874.0,-406484.0,-0.4088,-0.11,5.7591,-448288.0,-112.13,9648.0,7644.0,26.21,4434000.0,3547200.0,591200.0,403106.0,-39976.0,-1.85,4400804.0,4944744.0,6617182.0,1002506.0,2684460.0,2260284.0,1521284.0,-2062451.0,-1059944.0,-1.066,0.0,-0.0406,0,33,0.03,,0.3498,21.8,70.0,51.0,51.7,30,-7.3,0.0,0.0,0.0,63.1,59.5,100,41.0,51
sale,3 Bedroom House,5250000,3,2,263 m²,Paarl Central,Paarl Central,Paarl,https://www.property24.com/for-sale/paarl-central/paarl/western-cape/8631/116973327,,,Secure estate living surrounded by the breathtaking mountain scenery of Paarl. Modern Urban design with seamless blend of style ...,,https://images.prop24.com/373873327/Crop600x400,9500,114000,2.17,False,,7000.0,84000.0,rental_area_q1,2452.0,3281.0,6562.0,0.0,1200,-84672.0,-0.0161,1.6,62.5,0.13,1.928,354856.0,50000,1476356.0,4200000.0,43352.0,-50408.0,-604895.0,-0.4097,-0.16,8.1211,-940799.0,-117.92,19962.0,13409.0,48.87,6300000.0,5040000.0,840000.0,636356.0,-59078.0,-1.88,6252834.0,7025684.0,9401950.0,1424400.0,3814185.0,3211499.0,2161499.0,-3082746.0,-1658346.0,-1.1233,0.0,-0.0574,0,14,0.36,,0.5287,31.5,70.0,51.0,54.7,0,-10.8,0.0,0.0,0.0,47.5,56.9,100,41.0,52
sale,3 Bedroom House,2150000,3,1,222 m²,Denneburg,Denneburg,Paarl,https://www.property24.com/for-sale/denneburg/paarl/western-cape/8597/116840190,,,"We are privileged  to offer this very neat, compact and easy to maintain 3 bed family home under a tiled roof   in the centrally ...",,https://images.prop24.com/340428568/Ensure264x153,9500,114000,5.3,False,,7000.0,84000.0,rental_area_q1,901.0,1344.0,2688.0,0.0,1200,3695.0,0.0017,3.91,25.6,0.33,0.876,42786.0,50000,544286.0,1720000.0,17754.0,-17446.0,-209349.0,-0.3846,0.02,3.4122,41057.0,-98.09,9685.0,6852.0,41.33,2580000.0,2064000.0,344000.0,200286.0,-20996.0,-1.68,2560684.0,2877185.0,3850323.0,583326.0,1562000.0,1315185.0,885185.0,-1048717.0,-465391.0,-0.855,-0.3204,0.0068,0,4,0.0,,0.4408,27.4,64.0,51.0,50.4,0,1.1,0.0,0.0,0.0,78.5,63.2,100,40.9,53
sale,3 Bedroom House,5650000,3,2,621 m²,Paarl Central,Paarl Central,Paarl,https://www.property24.com/for-sale/paarl-central/paarl/western-cape/8631/117025942,,,"Nestled in the new and highly desirable Wilde Paarde Country Estate on the southern side of Paarl, this beautiful home offers modern ...",,https://images.prop24.com/227269494/Ensure264x153,9500,114000,2.02,False,,7000.0,84000.0,rental_area_q1,2652.0,3531.0,7062.0,0.0,1200,-96074.0,-0.017,1.49,67.26,0.12,2.0637,398856.0,50000,1600356.0,4520000.0,46655.0,-54661.0,-655933.0,-0.4099,-0.17,8.7287,-1067491.0,-118.89,9098.0,13409.0,-32.15,6780000.0,5424000.0,904000.0,696356.0,-63992.0,-1.89,6729240.0,7560975.0,10118289.0,1532926.0,4104790.0,3456185.0,2326185.0,-3345202.0,-1812276.0,-1.1324,0.0,-0.06,0,14,0.36,,0.5287,31.5,70.0,51.0,54.7,0,-11.3,0.0,0.0,0.0,43.5,56.5,100,40.8,54
sale,3 Bedroom House,2250000,3,2,635 m²,Denneburg,Denneburg,Paarl,https://www.property24.com/for-sale/denneburg/paarl/western-cape/8597/116961425,,,"Discover this spacious 3-bedroom, 2-bathroom home situated on a generous 635 sqm erf in Denneburg, Paarl.
Exclusive sole ...",,https://images.prop24.com/362886630/Ensure264x153,9500,114000,5.07,False,,7000.0,84000.0,rental_area_q1,951.0,1406.0,2812.0,0.0,1200,845.0,0.0004,3.73,26.79,0.31,0.9099,48786.0,50000,570286.0,1800000.0,18579.0,-18509.0,-222108.0,-0.3895,0.0,3.5641,9384.0,-99.58,3543.0,6852.0,-48.29,2700000.0,2160000.0,360000.0,210286.0,-22225.0,-1.71,2679786.0,3011008.0,4029407.0,610457.0,1634651.0,1376357.0,926357.0,-1114330.0,-503873.0,-0.8835,-0.3495,0.0015,0,4,0.0,,0.4408,27.4,64.0,51.0,50.4,0,0.3,0.0,0.0,0.0,77.5,63.1,100,40.8,55
sale,3 Bedroom House,3995000,3,2,636 m²,Paarl North,Paarl North,Paarl,https://www.property24.com/for-sale/paarl-north/paarl/western-cape/8612/116944522,,,"SOLE MANDATE - Nestled in a popular street in Northern Paarl, this beautiful family home offers the space, flow and entertainment areas ...",,https://images.prop24.com/41199432/Ensure264x153,9500,114000,2.85,False,mandate,7000.0,84000.0,rental_area_q1,1824.0,2497.0,4994.0,0.0,1200,-48898.0,-0.0122,2.1,47.56,0.18,1.5021,216806.0,50000,1087306.0,3196000.0,32989.0,-37064.0,-444762.0,-0.409,-0.12,6.2148,-543306.0,-113.6,6281.0,7644.0,-17.83,4794000.0,3835200.0,639200.0,448106.0,-43661.0,-1.86,4758109.0,5346211.0,7154437.0,1083901.0,2902413.0,2443798.0,1644798.0,-2259292.0,-1175392.0,-1.081,0.0,-0.045,0,33,0.03,,0.3498,21.8,70.0,51.0,51.7,30,-8.2,0.0,0.0,0.0,60.1,58.8,100,40.8,56
sale,2 Bedroom Apartment,690000,2,1,60 m²,"9 Mountain View, 9 Conrad",Paarl East,Paarl,https://www.property24.com/for-sale/paarl-east/paarl/western-cape/16876/116852316,,,"2 Bedroom Apartment for sale, fitted with build in cupboards a bathroom, open plan ...",,https://images.prop24.com/218624858/Ensure264x153,9500,114000,16.52,True,,8280.0,99360.0,rental_area_q1,170.0,431.0,862.0,0.0,1200,59444.0,0.0862,14.4,6.94,1.2,0.3217,0.0,80000,239500.0,552000.0,5698.0,-744.0,-8928.0,-0.0373,0.87,1.0099,660493.0,-4.28,11500.0,6383.0,80.17,828000.0,662400.0,110400.0,129100.0,-1884.0,0.21,821801.0,923376.0,1235685.0,187207.0,501293.0,422083.0,284083.0,-11887.0,175320.0,0.732,0.1161,0.2482,0,7,0.14,,0.5483,24.2,54.0,51.0,44.5,0,57.4,0.0,9.9,0.0,93.1,46.1,100,40.7,57
sale,3 Bedroom House,2400000,3,2,597 m²,8 Burbank Street,Denneburg,Paarl,https://www.property24.com/for-sale/denneburg/paarl/western-cape/8597/116934796,,,Spacious living meets effortless indoor-outdoor lifestyle in this well positioned ...,,https://images.prop24.com/374135878/Crop600x400,9500,114000,4.75,False,,7000.0,84000.0,rental_area_q1,1026.0,1500.0,3000.0,0.0,1200,-3431.0,-0.0014,3.5,28.57,0.29,0.9608,59200.0,50000,610700.0,1920000.0,19818.0,-20104.0,-241247.0,-0.395,-0.01,3.792,-38125.0,-101.59,4020.0,6852.0,-41.33,2880000.0,2304000.0,384000.0,226700.0,-24068.0,-1.74,2858438.0,3211741.0,4298034.0,651154.0,1743628.0,1468114.0,988114.0,-1212751.0,-561597.0,-0.9196,-0.396,-0.0056,0,4,0.0,,0.4408,27.4,64.0,51.0,50.4,0,-1.0,0.0,0.0,0.0,76.0,62.9,100,40.6,58
sale,3 Bedroom House,1800000,3,1,561 m²,Paarl South,Paarl South,Paarl,https://www.property24.com/for-sale/paarl-south/paarl/western-cape/8623/116806423,,,Paarl South is set to undergo major uplifts in line with the developments in the surrounding areas. This property offers a generous ...,,https://images.prop24.com/242461081/Ensure264x153,9500,114000,6.33,False,,17000.0,204000.0,rental_suburb,726.0,1125.0,2250.0,0.0,1200,124072.0,0.0689,11.33,8.82,0.94,0.3118,21786.0,50000,453286.0,1440000.0,14864.0,-4524.0,-54290.0,-0.1198,0.7,1.1861,1378578.0,-23.41,3209.0,8723.0,-63.22,2160000.0,1728000.0,288000.0,165286.0,-7497.0,-0.11,2143829.0,2408806.0,3223526.0,488366.0,1307721.0,1101085.0,741085.0,-202916.0,285450.0,0.6297,0.1026,0.2737,1,72,0.07,0.0,0.4308,20.8,62.0,51.0,47.4,0,46.0,0.0,0.0,0.0,82.0,63.5,90,40.6,59
sale,3 Bedroom House,4480000,3,2,403 m²,Paarl North,Paarl North,Paarl,https://www.property24.com/for-sale/paarl-north/paarl/western-cape/8612/116976751,,,"Exclusive sole mandate. 

This beautifully maintained single level home offers secure estate living with a wonderful sense of space ...",,https://images.prop24.com/361864461/Ensure264x153,9500,114000,2.54,False,mandate,7000.0,84000.0,rental_area_q1,2067.0,2800.0,5600.0,0.0,1200,-62723.0,-0.014,1.88,53.33,0.16,1.6667,270156.0,50000,1237656.0,3584000.0,36994.0,-42221.0,-506646.0,-0.4094,-0.14,6.9515,-696919.0,-115.56,11117.0,7644.0,45.43,5376000.0,4300800.0,716800.0,520856.0,-49619.0,-1.87,5335752.0,5995251.0,8022998.0,1215488.0,3254771.0,2740479.0,1844479.0,-2577520.0,-1362031.0,-1.1005,0.0,-0.0507,0,33,0.03,,0.3498,21.8,70.0,51.0,51.7,30,-9.3,0.0,0.0,0.0,55.2,57.9,100,40.5,60
sale,3 Bedroom House,2690000,3,2,416 m²,Paarl North,Paarl North,Paarl,https://www.property24.com/for-sale/paarl-north/paarl/western-cape/8612/116790087,,,"- Exclusive Mandate -
This 3 bedroom home is situated at the very pupular De Oude Wingerd in Northern Paarl.
It offers an open plan ...",,https://images.prop24.com/252580558/Ensure264x153,9500,114000,4.24,False,,7000.0,84000.0,rental_area_q1,1171.0,1681.0,3362.0,0.0,1200,-11698.0,-0.0043,3.12,32.02,0.26,1.0593,82400.0,50000,691900.0,2152000.0,22213.0,-23188.0,-278250.0,-0.4022,-0.04,4.2325,-129976.0,-104.83,6466.0,7644.0,-15.41,3228000.0,2582400.0,430400.0,261500.0,-27630.0,-1.79,3203833.0,3599827.0,4817380.0,729835.0,1954316.0,1645511.0,1107511.0,-1403031.0,-673196.0,-0.973,-0.5143,-0.0169,0,33,0.03,,0.3498,21.8,70.0,51.0,51.7,0,-2.9,0.0,0.0,0.0,73.1,62.2,100,40.4,61
sale,2 Bedroom House,3050000,2,1,399 m²,Paarl North,Paarl North,Paarl,https://www.property24.com/for-sale/paarl-north/paarl/western-cape/8612/116888092,,,"Exclusively Marketed By Fouchee Properties

Discover the perfect blend of comfort, convenience, and community in this charming home ...",,https://images.prop24.com/275940058/Ensure264x153,9500,114000,3.74,False,,8500.0,102000.0,rental_area_q1,1351.0,1906.0,3812.0,0.0,1200,-5400.0,-0.0018,3.34,29.9,0.28,0.9729,112856.0,50000,794356.0,2440000.0,25185.0,-25635.0,-307625.0,-0.3873,-0.02,3.9359,-59998.0,-101.97,7644.0,7644.0,0.0,3660000.0,2928000.0,488000.0,306356.0,-30672.0,-1.71,3632599.0,4081588.0,5462085.0,827509.0,2215860.0,1865728.0,1255728.0,-1546818.0,-719310.0,-0.9055,-0.3762,-0.0068,0,33,0.03,,0.3498,21.8,70.0,51.0,51.7,0,-1.2,0.0,0.0,0.0,69.5,61.4,100,40.3,62
sale,2 Bedroom Apartment,1230000,2,1,49 m²,Paarl South,Paarl South,Paarl,https://www.property24.com/for-sale/paarl-south/paarl/western-cape/8623/116865162,,,"NEW DEVELOPMENT | PAARL SOUTH 
NO TRANSFER COSTS 
JUST LAUNCHED – Brand-New One-Bedroom Apartment for Sale 

Type 6 

Discover ...",,https://images.prop24.com/341773167/Ensure264x153,9500,114000,9.27,True,,11925.0,143100.0,rental_suburb,440.0,769.0,1538.0,0.0,1200,84292.0,0.0685,11.63,8.6,0.97,0.331,600.0,50000,318100.0,984000.0,10157.0,-3132.0,-37589.0,-0.1182,0.69,1.1827,936580.0,-23.86,25102.0,8723.0,187.77,1476000.0,1180800.0,196800.0,121300.0,-5164.0,-0.12,1464950.0,1646017.0,2202743.0,333717.0,893609.0,752408.0,506408.0,-141614.0,192103.0,0.6039,0.0991,0.265,2,72,0.07,0.35,0.4308,20.8,62.0,51.0,47.4,0,45.7,0.0,0.0,0.0,87.7,61.9,80,40.3,63
sale,2 Bedroom Apartment,1098000,2,1,61 m²,Paarl South,Paarl South,Paarl,https://www.property24.com/for-sale/paarl-south/paarl/western-cape/8623/116672249,,,"This modern two-bedroom, one-bathroom apartment is situated in the established Bergendal Country Villas development in Paarl. The unit ...",,https://images.prop24.com/363879363/Ensure264x153,9500,114000,10.38,True,,11925.0,143100.0,rental_suburb,374.0,686.0,1372.0,0.0,1200,88055.0,0.0802,13.03,7.67,1.09,0.3047,0.0,100000,341100.0,878400.0,9067.0,-1729.0,-20746.0,-0.0608,0.81,1.065,978388.0,-10.89,18000.0,8723.0,106.35,1317600.0,1054080.0,175680.0,165420.0,-3542.0,0.12,1307736.0,1469372.0,1966351.0,297903.0,797710.0,671662.0,452062.0,-55004.0,242899.0,0.7121,0.1135,0.2581,2,72,0.07,0.35,0.4308,20.8,62.0,51.0,47.4,0,53.5,0.0,1.3,0.0,89.0,51.5,80,40.3,64
sale,1 Bedroom Apartment,1400000,1,1,30 m²,Paarl South,Paarl South,Paarl,https://www.property24.com/for-sale/paarl-south/paarl/western-cape/8623/116673756,,,This contemporary studio apartment at 2 on Tabak offers elevated modern comfort and convenient living in the heart of Southern Paarl. ...,,https://images.prop24.com/373897330/Ensure264x153,7000,84000,6.0,False,,13250.0,159000.0,rental_suburb,525.0,875.0,1750.0,0.0,1200,94074.0,0.0672,11.36,8.81,0.95,0.3283,5700.0,50000,357200.0,1120000.0,11561.0,-3721.0,-44652.0,-0.125,0.68,1.2008,1045269.0,-25.34,46667.0,8723.0,434.99,1680000.0,1344000.0,224000.0,133200.0,-6033.0,-0.15,1667422.0,1873516.0,2507187.0,379840.0,1017116.0,856400.0,576400.0,-171517.0,208323.0,0.5832,0.0962,0.2634,2,72,0.07,0.19,0.4308,20.8,62.0,51.0,47.4,0,44.8,0.0,0.0,0.0,86.0,62.7,80,40.2,65
sale,2 Bedroom House,1290000,2,1,63 m²,Paarl South,Paarl South,Paarl,https://www.property24.com/for-sale/paarl-south/paarl/western-cape/8623/116706115,,,"Living space & kitchen — The apartment has an open-plan lounge and kitchen, which makes efficient use of space and gives a bright ...",,https://images.prop24.com/194099441/Ensure264x153,9500,114000,8.84,True,,11925.0,143100.0,rental_suburb,470.0,806.0,1612.0,0.0,1200,82582.0,0.064,11.09,9.01,0.92,0.3429,2400.0,50000,331900.0,1032000.0,10652.0,-3770.0,-45244.0,-0.1363,0.65,1.2362,917576.0,-28.87,20476.0,8723.0,134.74,1548000.0,1238400.0,206400.0,125500.0,-5901.0,-0.22,1536411.0,1726311.0,2310194.0,349995.0,937200.0,789111.0,531111.0,-180982.0,169013.0,0.5092,0.0858,0.2488,2,72,0.07,0.35,0.4308,20.8,62.0,51.0,47.4,0,42.7,0.0,0.0,0.0,87.1,62.2,80,40.1,66
sale,3 Bedroom House,3095000,3,2,606 m²,Paarl North,Paarl North,Paarl,https://www.property24.com/for-sale/paarl-north/paarl/western-cape/8612/116994772,,,"-SOLE  MANDATE- The property features three well sized bedrooms and two bathrooms, including a main en suite.

A large L shaped ...",,https://images.prop24.com/375221478/Crop600x400,9500,114000,3.68,False,,7000.0,84000.0,rental_area_q1,1374.0,1934.0,3869.0,0.0,1200,-23243.0,-0.0075,2.71,36.85,0.23,1.1967,117806.0,50000,808306.0,2476000.0,25557.0,-27494.0,-329926.0,-0.4082,-0.08,4.8477,-258251.0,-108.34,5107.0,7644.0,-33.19,3714000.0,2971200.0,495200.0,313106.0,-32605.0,-1.83,3686195.0,4141808.0,5542674.0,839718.0,2248553.0,1893255.0,1274255.0,-1668768.0,-829050.0,-1.0257,0.0,-0.0288,0,33,0.03,,0.3498,21.8,70.0,51.0,51.7,0,-5.0,0.0,0.0,0.0,69.0,61.3,100,40.0,67
sale,2 Bedroom Apartment,1385000,2,1,60 m²,Bergkruine Street Bergendal Country Villas Apartment 1026,Paarl South,Paarl,https://www.property24.com/for-sale/paarl-south/paarl/western-cape/8623/116954640,,,Discover a rare opportunity to own one of the most exclusive apartments in the highly ...,,https://images.prop24.com/329299895/Ensure264x153,9500,114000,8.23,True,,11925.0,143100.0,rental_suburb,518.0,866.0,1731.0,0.0,1200,79874.0,0.0577,10.33,9.68,0.86,0.3618,5250.0,50000,353750.0,1108000.0,11437.0,-4780.0,-57366.0,-0.1622,0.58,1.3209,887487.0,-35.92,23083.0,8723.0,164.63,1662000.0,1329600.0,221600.0,132150.0,-7068.0,-0.37,1649557.0,1853442.0,2480324.0,375770.0,1006218.0,847224.0,570224.0,-243316.0,132455.0,0.3744,0.0657,0.2258,2,72,0.07,0.35,0.4308,20.8,62.0,51.0,47.4,0,38.4,0.0,0.0,0.0,86.1,62.6,80,39.9,68
sale,2 Bedroom Apartment,2200000,2,1,57 m²,Paarl South,Paarl South,Paarl,https://www.property24.com/for-sale/paarl-south/paarl/western-cape/8623/116859622,,,"Sole Mandate.

Experience contemporary and effortless living in this sunny, east-facing apartment that boasts stunning mountain views. ...",,https://images.prop24.com/363879363/Ensure264x153,9500,114000,5.18,False,mandate,11925.0,143100.0,rental_suburb,926.0,1375.0,2750.0,0.0,1200,56642.0,0.0257,6.5,15.37,0.54,0.5242,45786.0,50000,557286.0,1760000.0,18167.0,-13446.0,-161356.0,-0.2895,0.26,2.0476,629354.0,-71.39,38596.0,8723.0,342.48,2640000.0,2112000.0,352000.0,205286.0,-17080.0,-1.12,2620235.0,2944096.0,3939865.0,596891.0,1598325.0,1345771.0,905771.0,-778068.0,-181177.0,-0.3251,-0.0756,0.1016,2,72,0.07,0.35,0.4308,20.8,62.0,51.0,47.4,30,17.2,0.0,0.0,0.0,78.0,63.2,80,39.9,69
sale,3 Bedroom Apartment,1195000,3,1,76 m²,3 Keerweerder Road,Paarl East,Paarl,https://www.property24.com/for-sale/paarl-east/paarl/western-cape/16876/116890156,,,Presenting to you on a sole mandate Secure Family living in popular Amberg Estate in ...,,https://images.prop24.com/310646377/Ensure264x153,9500,114000,9.54,True,mandate,7000.0,84000.0,rental_area_q1,423.0,747.0,1494.0,0.0,1200,30918.0,0.0259,7.03,14.23,0.59,0.5519,0.0,100000,360500.0,956000.0,9868.0,-7291.0,-87495.0,-0.2427,0.26,1.9616,343532.0,-71.25,15724.0,6383.0,146.34,1434000.0,1147200.0,191200.0,169300.0,-9265.0,-0.94,1423264.0,1599180.0,2140063.0,324221.0,868181.0,730998.0,491998.0,-422104.0,-97884.0,-0.2715,-0.0614,0.0858,0,7,0.14,,0.5483,24.2,54.0,51.0,44.5,30,17.2,0.0,0.0,0.0,88.1,53.0,100,39.8,70
sale,3 Bedroom House,3350000,3,2,540 m²,8 Groenleegte Street Paarl,Paarl North,Paarl,https://www.property24.com/for-sale/paarl-north/paarl/western-cape/8612/116838477,,,"Family home in quiet  neighborhood in Groenvlei, Paarl. Walking distance to mall and ...",,,9500,114000,3.4,False,,7000.0,84000.0,rental_area_q1,1501.0,2094.0,4188.0,0.0,1200,-30512.0,-0.0091,2.51,39.88,0.21,1.2832,145856.0,50000,887356.0,2680000.0,27663.0,-30205.0,-362463.0,-0.4085,-0.09,5.235,-339017.0,-110.12,6204.0,7644.0,-18.84,4020000.0,3216000.0,536000.0,351356.0,-35738.0,-1.84,3989904.0,4483056.0,5999340.0,908903.0,2433813.0,2049242.0,1379242.0,-1836083.0,-927180.0,-1.0449,0.0,-0.0344,0,33,0.03,,0.3498,21.8,70.0,51.0,51.7,0,-6.1,0.0,0.0,0.0,66.5,60.4,100,39.8,71
sale,3 Bedroom House,1200000,3,1,528 m²,56 Riverside Street,Paarl East,Paarl,https://www.property24.com/for-sale/paarl-east/paarl/western-cape/16876/116701042,,,"EXCLUSIVE SOLE MANDATE

This property offers a rare opportunity for buyers or investors ...",,https://images.prop24.com/310646377/Ensure264x153,9500,114000,9.5,True,mandate,7000.0,84000.0,rental_area_q1,425.0,750.0,1500.0,0.0,1200,30775.0,0.0256,7.0,14.29,0.58,0.5536,0.0,100000,361500.0,960000.0,9909.0,-7344.0,-88133.0,-0.2438,0.26,1.9692,341948.0,-71.5,2273.0,6383.0,-64.39,1440000.0,1152000.0,192000.0,169500.0,-9326.0,-0.94,1429219.0,1605871.0,2149017.0,325577.0,871814.0,734057.0,494057.0,-425385.0,-99808.0,-0.2761,-0.0626,0.0851,0,7,0.14,,0.5483,24.2,54.0,51.0,44.5,30,17.1,0.0,0.0,0.0,88.0,53.1,100,39.8,72
sale,2 Bedroom House,3707000,2,2,306 m²,Paarl North,Paarl North,Paarl,https://www.property24.com/for-sale/paarl-north/paarl/western-cape/8612/117059196,,,This well-designed plot and plan turnkey home offers the perfect opportunity to own a brand-new property in the sought-after Honeydew ...,,https://images.prop24.com/322138770/Ensure264x153,9500,114000,3.08,False,,8500.0,102000.0,rental_area_q1,1680.0,2317.0,4634.0,0.0,1200,-24128.0,-0.0065,2.75,36.34,0.23,1.1565,185126.0,50000,998026.0,2965600.0,30611.0,-32621.0,-391455.0,-0.3922,-0.07,4.7578,-268088.0,-107.23,12114.0,7644.0,58.48,4448400.0,3558720.0,593120.0,404906.0,-38743.0,-1.76,4415096.0,4960802.0,6638672.0,1005762.0,2693178.0,2267624.0,1526224.0,-1977902.0,-972139.0,-0.9741,-0.5183,-0.0242,0,33,0.03,,0.3498,21.8,70.0,51.0,51.7,0,-4.3,0.0,0.0,0.0,62.9,59.4,100,39.7,73
sale,3 Bedroom House,3600000,3,2,504 m²,Paarl North,Paarl North,Paarl,https://www.property24.com/for-sale/paarl-north/paarl/western-cape/8612/116966305,,,"Charming Family Home in Ideal Location

Discover your dream home in this delightful residential property, perfectly situated on a ...",,https://images.prop24.com/305638802/Ensure264x153,9500,114000,3.17,False,,7000.0,84000.0,rental_area_q1,1626.0,2250.0,4500.0,0.0,1200,-37638.0,-0.0105,2.33,42.86,0.19,1.3681,173356.0,50000,964856.0,2880000.0,29727.0,-32864.0,-394362.0,-0.4087,-0.11,5.6148,-418199.0,-111.62,7143.0,7644.0,-6.56,4320000.0,3456000.0,576000.0,388856.0,-38809.0,-1.85,4287658.0,4817612.0,6447052.0,976731.0,2615441.0,2202171.0,1482171.0,-2000118.0,-1023386.0,-1.0607,0.0,-0.039,0,33,0.03,,0.3498,21.8,70.0,51.0,51.7,0,-7.0,0.0,0.0,0.0,64.0,59.7,100,39.6,74
sale,3 Bedroom House,3600000,3,3,621 m²,Paarl North,Paarl North,Paarl,https://www.property24.com/for-sale/paarl-north/paarl/western-cape/8612/116825000,,,"Set in one of Northern Paarl’s most sought after streets, this well kept 3 bedroom home offers space, comfort, and everyday ...",,https://images.prop24.com/41199432/Ensure264x153,9500,114000,3.17,False,,7000.0,84000.0,rental_area_q1,1626.0,2250.0,4500.0,0.0,1200,-37638.0,-0.0105,2.33,42.86,0.19,1.3681,173356.0,50000,964856.0,2880000.0,29727.0,-32864.0,-394362.0,-0.4087,-0.11,5.6148,-418199.0,-111.62,5797.0,7644.0,-24.16,4320000.0,3456000.0,576000.0,388856.0,-38809.0,-1.85,4287658.0,4817612.0,6447052.0,976731.0,2615441.0,2202171.0,1482171.0,-2000118.0,-1023386.0,-1.0607,0.0,-0.039,0,33,0.03,,0.3498,21.8,70.0,51.0,51.7,0,-7.0,0.0,0.0,0.0,64.0,59.7,100,39.6,75
sale,3 Bedroom House,3549000,3,1,1 067 m²,59 Kerk Street,Paarl North,Paarl,https://www.property24.com/for-sale/paarl-north/paarl/western-cape/8612/116011430,,,"Exclusively Marketed by Chas Everitt Paarl.

This charming 3-bedroom home is brimming ...",,https://images.prop24.com/233852929/Ensure264x153,9500,114000,3.21,False,,7000.0,84000.0,rental_area_q1,1601.0,2218.0,4436.0,0.0,1200,-36184.0,-0.0102,2.37,42.25,0.2,1.3508,167746.0,50000,949046.0,2839200.0,29306.0,-32321.0,-387855.0,-0.4087,-0.1,5.5373,-402045.0,-111.33,,7644.0,,4258800.0,3407040.0,567840.0,381206.0,-38182.0,-1.85,4226916.0,4749363.0,6355718.0,962894.0,2578389.0,2170973.0,1461173.0,-1966655.0,-1003760.0,-1.0577,0.0,-0.0381,0,33,0.03,,0.3498,21.8,70.0,51.0,51.7,0,-6.8,0.0,0.0,0.0,64.5,59.8,100,39.6,76
sale,3 Bedroom House,3700000,3,2,600 m²,Paarl North,Paarl North,Paarl,https://www.property24.com/for-sale/paarl-north/paarl/western-cape/8612/117053986,,,This exclusive mandate presents a fantastic investment opportunity in a desirable location. Don`t miss your chance to own this ...,,https://images.prop24.com/322748437/Ensure264x153,9500,114000,3.08,False,,7000.0,84000.0,rental_area_q1,1677.0,2312.0,4625.0,0.0,1200,-40488.0,-0.0109,2.27,44.05,0.19,1.402,184356.0,50000,995856.0,2960000.0,30553.0,-33927.0,-407122.0,-0.4088,-0.11,5.7667,-449871.0,-112.16,6167.0,7644.0,-19.33,4440000.0,3552000.0,592000.0,403856.0,-40037.0,-1.85,4406759.0,4951435.0,6626136.0,1003863.0,2688092.0,2263342.0,1523342.0,-2065731.0,-1061869.0,-1.0663,0.0,-0.0407,0,33,0.03,,0.3498,21.8,70.0,51.0,51.7,0,-7.3,0.0,0.0,0.0,63.0,59.4,100,39.5,77
sale,3 Bedroom House,3800000,3,2,559 m²,35 Moll Street,Paarl North,Paarl,https://www.property24.com/for-sale/paarl-north/paarl/western-cape/8612/116727567,,,"Discover this exceptional property, a true gem in the heart of Paarl's burgeoning ...",,https://images.prop24.com/305638802/Ensure264x153,9500,114000,3.0,False,,7000.0,84000.0,rental_area_q1,1727.0,2375.0,4750.0,0.0,1200,-43339.0,-0.0114,2.21,45.24,0.18,1.4359,195356.0,50000,1026856.0,3040000.0,31379.0,-34990.0,-419881.0,-0.4089,-0.12,5.9186,-481544.0,-112.67,6798.0,7644.0,-11.07,4560000.0,3648000.0,608000.0,418856.0,-41266.0,-1.86,4525861.0,5085257.0,6805221.0,1030994.0,2760744.0,2324514.0,1564514.0,-2131345.0,-1100351.0,-1.0716,0.0,-0.0422,0,33,0.03,,0.3498,21.8,70.0,51.0,51.7,0,-7.6,0.0,0.0,0.0,62.0,59.2,100,39.4,78
sale,3 Bedroom Apartment,2450000,3,2,120 m²,Paarl South,Paarl South,Paarl,https://www.property24.com/for-sale/paarl-south/paarl/western-cape/8623/116913573,,,"Set in the tranquil and beautifully maintained Oude Chardonnay Estate, this delightful single-storey townhouse offers comfortable ...",,https://images.prop24.com/215059927/Ensure264x153,9500,114000,4.65,False,,17000.0,204000.0,rental_suburb,1051.0,1531.0,3062.0,0.0,1200,105543.0,0.0431,8.33,12.01,0.69,0.4026,63200.0,50000,624700.0,1960000.0,20231.0,-11436.0,-137227.0,-0.2197,0.43,1.5927,1172705.0,-52.13,20417.0,8723.0,134.06,2940000.0,2352000.0,392000.0,232700.0,-15482.0,-0.71,2917989.0,3278653.0,4387577.0,664720.0,1779953.0,1498700.0,1008700.0,-629406.0,35314.0,0.0565,0.0111,0.169,1,72,0.07,0.0,0.4308,20.8,62.0,51.0,47.4,0,28.7,0.0,0.0,0.0,75.5,62.8,90,39.4,79
sale,3 Bedroom House,3800000,3,1,626 m²,Paarl North,Paarl North,Paarl,https://www.property24.com/for-sale/paarl-north/paarl/western-cape/8612/116863252,,,"Lovely 3-bedroom family home in Cul de Sac. The house consists of 3 bedrooms with built in cupboards, blinds and carpets. The main ...",,https://images.prop24.com/209408973/Ensure264x153,9500,114000,3.0,False,,7000.0,84000.0,rental_area_q1,1727.0,2375.0,4750.0,0.0,1200,-43339.0,-0.0114,2.21,45.24,0.18,1.4359,195356.0,50000,1026856.0,3040000.0,31379.0,-34990.0,-419881.0,-0.4089,-0.12,5.9186,-481544.0,-112.67,6070.0,7644.0,-20.59,4560000.0,3648000.0,608000.0,418856.0,-41266.0,-1.86,4525861.0,5085257.0,6805221.0,1030994.0,2760744.0,2324514.0,1564514.0,-2131345.0,-1100351.0,-1.0716,0.0,-0.0422,0,33,0.03,,0.3498,21.8,70.0,51.0,51.7,0,-7.6,0.0,0.0,0.0,62.0,59.2,100,39.4,80
sale,3 Bedroom House,2450000,3,2,,Paarl South,Paarl South,Paarl,https://www.property24.com/for-sale/paarl-south/paarl/western-cape/8623/116794892,,,"This three bedroom house is in Oude Chardonnay Southern Paarl. Close to all amenities, and shops. The house has three bedrooms with ...",,https://images.prop24.com/341572445/Crop600x400,9500,114000,4.65,False,,17000.0,204000.0,rental_suburb,1051.0,1531.0,3062.0,0.0,1200,105543.0,0.0431,8.33,12.01,0.69,0.4026,63200.0,50000,624700.0,1960000.0,20231.0,-11436.0,-137227.0,-0.2197,0.43,1.5927,1172705.0,-52.13,,8723.0,,2940000.0,2352000.0,392000.0,232700.0,-15482.0,-0.71,2917989.0,3278653.0,4387577.0,664720.0,1779953.0,1498700.0,1008700.0,-629406.0,35314.0,0.0565,0.0111,0.169,1,72,0.07,0.0,0.4308,20.8,62.0,51.0,47.4,0,28.7,0.0,0.0,0.0,75.5,62.8,90,39.4,81
sale,3 Bedroom House,4095000,3,2,607 m²,549b Hoof Street,Paarl North,Paarl,https://www.property24.com/for-sale/paarl-north/paarl/western-cape/8612/117065324,,,"Neat 608 m² plot with an automated gate, ideally located for a business
This is ...",,https://images.prop24.com/215059927/Ensure264x153,9500,114000,2.78,False,,7000.0,84000.0,rental_area_q1,1874.0,2559.0,5119.0,0.0,1200,-51748.0,-0.0126,2.05,48.75,0.17,1.536,227806.0,50000,1118306.0,3276000.0,33814.0,-38127.0,-457522.0,-0.4091,-0.13,6.3667,-574979.0,-114.04,6746.0,7644.0,-11.75,4914000.0,3931200.0,655200.0,463106.0,-44890.0,-1.86,4877211.0,5480034.0,7333521.0,1111032.0,2975064.0,2504969.0,1685969.0,-2324906.0,-1213874.0,-1.0855,0.0,-0.0463,0,33,0.03,,0.3498,21.8,70.0,51.0,51.7,0,-8.4,0.0,0.0,0.0,59.1,58.6,100,39.2,82
sale,3 Bedroom House,4350000,3,2,180 m²,102 Retief St,Paarl North,Paarl,https://www.property24.com/for-sale/paarl-north/paarl/western-cape/8612/116841942,,,Beautiful minimalistic modern home with a warm and inviting atmosphere. Open- plan ...,,,9500,114000,2.62,False,,7000.0,84000.0,rental_area_q1,2002.0,2719.0,5438.0,0.0,1200,-59017.0,-0.0136,1.93,51.79,0.16,1.6226,255856.0,50000,1197356.0,3480000.0,35920.0,-40838.0,-490059.0,-0.4093,-0.14,6.754,-655744.0,-115.07,24167.0,7644.0,216.15,5220000.0,4176000.0,696000.0,501356.0,-48022.0,-1.87,5180920.0,5821281.0,7790187.0,1180217.0,3160325.0,2660956.0,1790956.0,-2492222.0,-1312004.0,-1.0958,0.0,-0.0493,0,33,0.03,,0.3498,21.8,70.0,51.0,51.7,0,-9.0,0.0,0.0,0.0,56.5,58.1,100,39.0,83
sale,2 Bedroom House,1200000,2,2,188 m²,Paarl East,Paarl East,Paarl,https://www.property24.com/for-sale/paarl-east/paarl/western-cape/16876/116373177,,,"Beautiful 2-Bedroom Duplex Perfect for Comfortable Living & Entertaining! 

Welcome to your new home – a spacious and ...",,https://images.prop24.com/341773167/Ensure264x153,9500,114000,9.5,True,,8500.0,102000.0,rental_area_q1,425.0,750.0,1500.0,0.0,1200,47335.0,0.0394,8.5,11.76,0.71,0.4559,0.0,100000,361500.0,960000.0,9909.0,-5964.0,-71573.0,-0.198,0.4,1.6217,525948.0,-56.17,6383.0,6383.0,0.0,1440000.0,1152000.0,192000.0,169500.0,-7946.0,-0.67,1429219.0,1605871.0,2149017.0,325577.0,871814.0,734057.0,494057.0,-332962.0,-7385.0,-0.0204,-0.0041,0.1309,0,7,0.14,,0.5483,24.2,54.0,51.0,44.5,0,26.3,0.0,0.0,0.0,88.0,53.1,100,38.8,84
sale,3 Bedroom House,1095000,3,1,260 m²,29 Riverside Street,Paarl East,Paarl,https://www.property24.com/for-sale/paarl-east/paarl/western-cape/16876/116964215,,,"This is a 3 bedroom family home with 1 bathroom, separate lounge, kitchen and a single ...",,https://images.prop24.com/310646377/Ensure264x153,9500,114000,10.41,True,,7000.0,84000.0,rental_area_q1,373.0,684.0,1369.0,0.0,1200,33768.0,0.0308,7.67,13.04,0.64,0.518,0.0,100000,340500.0,876000.0,9042.0,-6228.0,-74735.0,-0.2195,0.31,1.8097,375204.0,-65.73,4212.0,6383.0,-34.02,1314000.0,1051200.0,175200.0,165300.0,-8036.0,-0.81,1304163.0,1465357.0,1960978.0,297089.0,795530.0,669827.0,450827.0,-356490.0,-59401.0,-0.1745,-0.0376,0.0992,0,7,0.14,,0.5483,24.2,54.0,51.0,44.5,0,20.6,0.0,0.0,0.0,89.0,51.5,100,38.5,85
sale,3 Bedroom House,5250000,3,2,263 m²,Paarl North,Paarl North,Paarl,https://www.property24.com/for-sale/paarl-north/paarl/western-cape/8612/117047914,,,"Step into a home that’s designed for today. Sleek lines, open spaces, and that perfect balance of style and comfort — this newly built ...",,https://images.prop24.com/376217195/Crop600x400,9500,114000,2.17,False,,7000.0,84000.0,rental_area_q1,2452.0,3281.0,6562.0,0.0,1200,-84672.0,-0.0161,1.6,62.5,0.13,1.928,354856.0,50000,1476356.0,4200000.0,43352.0,-50408.0,-604895.0,-0.4097,-0.16,8.1211,-940799.0,-117.92,19962.0,7644.0,161.14,6300000.0,5040000.0,840000.0,636356.0,-59078.0,-1.88,6252834.0,7025684.0,9401950.0,1424400.0,3814185.0,3211499.0,2161499.0,-3082746.0,-1658346.0,-1.1233,0.0,-0.0574,0,33,0.03,,0.3498,21.8,70.0,51.0,51.7,0,-10.8,0.0,0.0,0.0,47.5,56.9,100,38.5,86
sale,3 Bedroom House,5400000,3,2,263 m²,Paarl North,Paarl North,Paarl,https://www.property24.com/for-sale/paarl-north/paarl/western-cape/8612/117054681,,,"Step into a home that’s designed for today. Sleek lines, open spaces, and that perfect balance of style and comfort — this newly built ...",,https://images.prop24.com/374551127/Ensure264x153,9500,114000,2.11,False,,7000.0,84000.0,rental_area_q1,2527.0,3375.0,6750.0,0.0,1200,-88948.0,-0.0165,1.56,64.29,0.13,1.9789,371356.0,50000,1522856.0,4320000.0,44591.0,-52003.0,-624034.0,-0.4098,-0.17,8.349,-988309.0,-118.3,20532.0,7644.0,168.6,6480000.0,5184000.0,864000.0,658856.0,-60921.0,-1.88,6431486.0,7226418.0,9670578.0,1465097.0,3923162.0,3303256.0,2223256.0,-3181167.0,-1716070.0,-1.1269,0.0,-0.0584,0,33,0.03,,0.3498,21.8,70.0,51.0,51.7,0,-11.0,0.0,0.0,0.0,46.0,56.7,100,38.4,87
sale,3 Bedroom House,3130000,3,2,200 m²,31 Huguenot Paarl,Paarl South,Paarl,https://www.property24.com/for-sale/paarl-south/paarl/western-cape/8623/116484725,,,"Huguenot is designed for modern, effortless, and family-friendly living. Nestled in the ...",,https://images.prop24.com/233852929/Ensure264x153,9500,114000,3.64,False,,17000.0,204000.0,rental_suburb,1391.0,1956.0,3912.0,0.0,1200,86160.0,0.0275,6.52,15.34,0.54,0.4976,121656.0,50000,819156.0,2504000.0,25846.0,-18666.0,-223992.0,-0.2734,0.28,2.018,957330.0,-69.41,15650.0,8723.0,79.41,3756000.0,3004800.0,500800.0,318356.0,-23835.0,-1.04,3727880.0,4188646.0,5605353.0,849214.0,2273981.0,1914665.0,1288665.0,-1075580.0,-226366.0,-0.2763,-0.0626,0.1052,1,72,0.07,0.0,0.4308,20.8,62.0,51.0,47.4,0,18.4,0.0,0.0,0.0,68.7,61.1,90,38.4,88
sale,3 Bedroom House,5400000,3,2,263 m²,Paarl North,Paarl North,Paarl,https://www.property24.com/for-sale/paarl-north/paarl/western-cape/8612/116999999,,,"Step into a home that’s designed for today. Sleek lines, open spaces, and that perfect balance of style and comfort — this newly built ...",,https://images.prop24.com/374551127/Ensure264x153,9500,114000,2.11,False,,7000.0,84000.0,rental_area_q1,2527.0,3375.0,6750.0,0.0,1200,-88948.0,-0.0165,1.56,64.29,0.13,1.9789,371356.0,50000,1522856.0,4320000.0,44591.0,-52003.0,-624034.0,-0.4098,-0.17,8.349,-988309.0,-118.3,20532.0,7644.0,168.6,6480000.0,5184000.0,864000.0,658856.0,-60921.0,-1.88,6431486.0,7226418.0,9670578.0,1465097.0,3923162.0,3303256.0,2223256.0,-3181167.0,-1716070.0,-1.1269,0.0,-0.0584,0,33,0.03,,0.3498,21.8,70.0,51.0,51.7,0,-11.0,0.0,0.0,0.0,46.0,56.7,100,38.4,89
sale,3 Bedroom House,3130000,3,2,200 m²,31 Huguenot Paarl,Paarl South,Paarl,https://www.property24.com/for-sale/paarl-south/paarl/western-cape/8623/116862101,,,"Huguenot is designed for modern, effortless, and family-friendly living. Nestled in the ...",,https://images.prop24.com/233852929/Ensure264x153,9500,114000,3.64,False,,17000.0,204000.0,rental_suburb,1391.0,1956.0,3912.0,0.0,1200,86160.0,0.0275,6.52,15.34,0.54,0.4976,121656.0,50000,819156.0,2504000.0,25846.0,-18666.0,-223992.0,-0.2734,0.28,2.018,957330.0,-69.41,15650.0,8723.0,79.41,3756000.0,3004800.0,500800.0,318356.0,-23835.0,-1.04,3727880.0,4188646.0,5605353.0,849214.0,2273981.0,1914665.0,1288665.0,-1075580.0,-226366.0,-0.2763,-0.0626,0.1052,1,72,0.07,0.0,0.4308,20.8,62.0,51.0,47.4,0,18.4,0.0,0.0,0.0,68.7,61.1,90,38.4,90
sale,2 Bedroom Apartment,2395000,2,1,60 m²,"110 2 On Tabak, 24 Station Street",Paarl South,Paarl,https://www.property24.com/for-sale/paarl-south/paarl/western-cape/8623/116361508,,,"Experience contemporary and effortless living in this sunny, east-facing apartment that ...",,https://images.prop24.com/322138770/Ensure264x153,9500,114000,4.76,False,,11925.0,143100.0,rental_suburb,1023.0,1497.0,2994.0,0.0,1200,51083.0,0.0213,5.97,16.74,0.5,0.563,58800.0,50000,609300.0,1916000.0,19777.0,-15520.0,-186238.0,-0.3057,0.22,2.2215,567592.0,-76.3,39917.0,8723.0,357.61,2874000.0,2299200.0,383200.0,226100.0,-19475.0,-1.21,2852483.0,3205050.0,4289080.0,649798.0,1739995.0,1465055.0,986055.0,-906015.0,-256218.0,-0.4205,-0.1034,0.0838,2,72,0.07,0.35,0.4308,20.8,62.0,51.0,47.4,0,14.2,0.0,0.0,0.0,76.0,62.9,80,38.2,91
sale,3 Bedroom House,3315000,3,2,288 m²,Paarl South,Paarl South,Paarl,https://www.property24.com/for-sale/paarl-south/paarl/western-cape/8623/116727957,,,"Exclusive to Tyson Properties Winelands - NO TRANSFER DUTY!

This Type-C, 3-bedroom family home features a spacious erf of 288sqm and a ...",,https://images.prop24.com/363879363/Ensure264x153,9500,114000,3.44,False,,17000.0,204000.0,rental_suburb,1484.0,2072.0,4144.0,0.0,1200,80886.0,0.0244,6.15,16.25,0.51,0.5235,142006.0,50000,876506.0,2652000.0,27374.0,-20633.0,-247597.0,-0.2825,0.25,2.1337,898735.0,-72.89,11510.0,8723.0,31.96,3978000.0,3182400.0,530400.0,346106.0,-26108.0,-1.1,3948218.0,4436218.0,5936660.0,899407.0,2408386.0,2027832.0,1364832.0,-1196966.0,-297559.0,-0.3395,-0.0796,0.0923,1,72,0.07,0.0,0.4308,20.8,62.0,51.0,47.4,0,16.3,0.0,0.0,0.0,66.8,60.5,90,38.2,92
sale,3 Bedroom House,1675000,3,2,280 m²,10 Gamay Close,Paarl East,Paarl,https://www.property24.com/for-sale/paarl-east/paarl/western-cape/16876/117019680,,,"Exclusively Marketed by Rawson Properties Paarl

Spacious Family Home with Great ...",,https://images.prop24.com/375681661/Crop600x400,9500,114000,6.81,False,,7000.0,84000.0,rental_area_q1,663.0,1047.0,2094.0,0.0,1200,17235.0,0.0103,5.01,19.94,0.42,0.7148,14286.0,50000,420786.0,1340000.0,13831.0,-12395.0,-148741.0,-0.3535,0.1,2.6907,191502.0,-88.57,5982.0,6383.0,-6.28,2010000.0,1608000.0,268000.0,152786.0,-15161.0,-1.49,1994952.0,2241528.0,2999670.0,454451.0,1216907.0,1024621.0,689621.0,-737051.0,-282599.0,-0.6716,-0.1996,0.041,0,7,0.14,,0.5483,24.2,54.0,51.0,44.5,0,6.9,0.0,0.0,0.0,83.2,63.7,100,38.1,93
sale,2 Bedroom House,2480000,2,2,175 m²,Paarl South,Paarl South,Paarl,https://www.property24.com/for-sale/paarl-south/paarl/western-cape/8623/117047901,,,"Bergenzicht Estate is a secure, family-friendly residential estate in Paarl, Western Cape. It is well located close to the N1, schools ...",,https://images.prop24.com/376216885/Crop600x400,9500,114000,4.6,False,,11925.0,143100.0,rental_suburb,1066.0,1550.0,3100.0,0.0,1200,48660.0,0.0196,5.77,17.33,0.48,0.58,65600.0,50000,633100.0,1984000.0,20479.0,-16424.0,-197083.0,-0.3113,0.2,2.2972,540670.0,-78.2,14171.0,8723.0,62.46,2976000.0,2380800.0,396800.0,236300.0,-20519.0,-1.25,2953720.0,3318799.0,4441302.0,672859.0,1801748.0,1517051.0,1021051.0,-961787.0,-288928.0,-0.4564,-0.1148,0.0769,2,72,0.07,0.35,0.4308,20.8,62.0,51.0,47.4,0,13.1,0.0,0.0,0.0,75.2,62.7,80,38.1,94
sale,2 Bedroom Apartment,2495000,2,1,57 m²,Paarl South,Paarl South,Paarl,https://www.property24.com/for-sale/paarl-south/paarl/western-cape/8623/116389063,,,"A Natural Retreat in the Heart of Paarl

Exclusive Joint Mandate. Price includes VAT – no transfer fees applicable. 

Discover a ...",,https://images.prop24.com/322138770/Ensure264x153,9500,114000,4.57,False,,11925.0,143100.0,rental_suburb,1073.0,1559.0,3119.0,0.0,1200,48233.0,0.0193,5.74,17.44,0.48,0.5829,66800.0,50000,637300.0,1996000.0,20602.0,-16583.0,-198997.0,-0.3123,0.2,2.3106,535919.0,-78.52,43772.0,8723.0,401.81,2994000.0,2395200.0,399200.0,238100.0,-20704.0,-1.26,2971585.0,3338873.0,4468165.0,676929.0,1812646.0,1526227.0,1027227.0,-971629.0,-294700.0,-0.4624,-0.1167,0.0757,2,72,0.07,0.35,0.4308,20.8,62.0,51.0,47.4,0,12.9,0.0,0.0,0.0,75.0,62.6,80,38.0,95
sale,3 Bedroom House,3661000,3,2,288 m²,Paarl South,Paarl South,Paarl,https://www.property24.com/for-sale/paarl-south/paarl/western-cape/8623/116478965,,,"Exclusive to Tyson Properties Winelands - NO TRANSFER DUTY! 

This type-E, 3-bedroom, 2.5 bathroom family home features a spacious erf ...",,https://images.prop24.com/363879363/Ensure264x153,9500,114000,3.11,False,,17000.0,204000.0,rental_suburb,1657.0,2288.0,4576.0,0.0,1200,71023.0,0.0194,5.57,17.95,0.46,0.5718,180066.0,50000,983766.0,2928800.0,30231.0,-24312.0,-291746.0,-0.2966,0.2,2.3501,789148.0,-78.44,12712.0,8723.0,45.73,4393200.0,3514560.0,585760.0,398006.0,-30358.0,-1.19,4360310.0,4899244.0,6556293.0,993282.0,2659759.0,2239485.0,1507285.0,-1423990.0,-430708.0,-0.4378,-0.1088,0.0722,1,72,0.07,0.0,0.4308,20.8,62.0,51.0,47.4,0,12.9,0.0,0.0,0.0,63.4,59.5,90,37.8,96
sale,3 Bedroom House,3792500,3,2,288 m²,Paarl South,Paarl South,Paarl,https://www.property24.com/for-sale/paarl-south/paarl/western-cape/8623/116378861,,,"Exclusive to Tyson Properties Winelands - NO TRANSFER DUTY!

This type-F, 3-bedroom family home features a spacious erf of 288sqm and a ...",,https://images.prop24.com/363879363/Ensure264x153,9500,114000,3.01,False,,17000.0,204000.0,rental_suburb,1723.0,2370.0,4741.0,0.0,1200,67275.0,0.0177,5.38,18.59,0.45,0.5902,194531.0,50000,1024531.0,3034000.0,31317.0,-25710.0,-308524.0,-0.3011,0.18,2.4324,747498.0,-80.29,13168.0,8723.0,50.96,4551000.0,3640800.0,606800.0,417731.0,-31974.0,-1.22,4516928.0,5075221.0,6791790.0,1028959.0,2755295.0,2319926.0,1561426.0,-1510272.0,-481312.0,-0.4698,-0.1192,0.0657,1,72,0.07,0.0,0.4308,20.8,62.0,51.0,47.4,0,11.8,0.0,0.0,0.0,62.1,59.2,90,37.7,97
sale,3 Bedroom House,3900000,3,2,320 m²,R101,Paarl South,Paarl,https://www.property24.com/for-sale/paarl-south/paarl/western-cape/8623/116784631,,,"Montclair features a collection of modern homes designed with comfort, space and ...",,https://images.prop24.com/329299895/Ensure264x153,9500,114000,2.92,False,,17000.0,204000.0,rental_suburb,1777.0,2438.0,4875.0,0.0,1200,64210.0,0.0165,5.23,19.12,0.44,0.6052,206356.0,50000,1057856.0,3120000.0,32204.0,-26853.0,-322241.0,-0.3046,0.17,2.4996,713450.0,-81.71,12188.0,8723.0,39.72,4680000.0,3744000.0,624000.0,433856.0,-33294.0,-1.24,4644962.0,5219080.0,6984306.0,1058126.0,2833395.0,2385685.0,1605685.0,-1580807.0,-522681.0,-0.4941,-0.1274,0.0607,1,72,0.07,0.0,0.4308,20.8,62.0,51.0,47.4,0,11.0,0.0,0.0,0.0,61.0,59.0,90,37.6,98
sale,3 Bedroom House,5950000,3,2,250 m²,Paarl South,Paarl South,Paarl,https://www.property24.com/for-sale/paarl-south/paarl/western-cape/8623/116989204,,,"DUAL MANDATE 

Ideally located with quick access to national roads, this modern double-storey home offers the perfect balance between ...",,https://images.prop24.com/363879363/Ensure264x153,9500,114000,1.92,False,mandate,17000.0,204000.0,rental_suburb,2803.0,3719.0,7438.0,0.0,1200,5774.0,0.001,3.43,29.17,0.29,0.8917,431856.0,50000,1693356.0,4760000.0,49132.0,-48651.0,-583812.0,-0.3448,0.01,3.7818,64158.0,-98.92,23800.0,8723.0,172.85,7140000.0,5712000.0,952000.0,741356.0,-58477.0,-1.51,7086545.0,7962442.0,10655544.0,1614320.0,4322743.0,3639699.0,2449699.0,-2925891.0,-1311571.0,-0.7745,-0.2576,0.0034,1,72,0.07,0.0,0.4308,20.8,62.0,51.0,47.4,30,0.6,0.0,0.0,0.0,40.5,56.2,90,37.4,99
sale,2 Bedroom House,3100000,2,2,197 m²,Paarl South,Paarl South,Paarl,https://www.property24.com/for-sale/paarl-south/paarl/western-cape/8623/116884327,,,"Perfectly positioned in the sought-after Le Parc Estate, this neat single-storey two-bedroom home offers comfortable, easy living ideal ...",,https://images.prop24.com/72874115/Ensure264x153,9500,114000,3.68,False,,11925.0,143100.0,rental_suburb,1376.0,1938.0,3875.0,0.0,1200,30987.0,0.01,4.62,21.66,0.38,0.7035,118356.0,50000,809856.0,2480000.0,25598.0,-23016.0,-276192.0,-0.341,0.1,2.8501,344299.0,-88.89,15736.0,8723.0,80.4,3720000.0,2976000.0,496000.0,313856.0,-28136.0,-1.44,3692150.0,4148499.0,5551628.0,841074.0,2252186.0,1896314.0,1276314.0,-1368593.0,-527519.0,-0.6514,-0.19,0.0383,2,72,0.07,0.35,0.4308,20.8,62.0,51.0,47.4,0,6.7,0.0,0.0,0.0,69.0,61.2,80,37.4,100
sale,3 Bedroom House,5995000,3,2,672 m²,Paarl South,Paarl South,Paarl,https://www.property24.com/for-sale/paarl-south/paarl/western-cape/8623/117030203,,,"Exclusive Sole Mandate - Wilde Paarde Estate

Set in a scenic location, with the Du Toits Kloof mountains as backdrop, this is a truly ...",,https://images.prop24.com/233852929/Ensure264x153,9500,114000,1.9,False,mandate,17000.0,204000.0,rental_suburb,2825.0,3747.0,7494.0,0.0,1200,4491.0,0.0007,3.4,29.39,0.28,0.898,436806.0,50000,1707306.0,4796000.0,49504.0,-49129.0,-589554.0,-0.3453,0.01,3.81,49905.0,-99.17,8921.0,8723.0,2.27,7194000.0,5755200.0,959200.0,748106.0,-59030.0,-1.51,7140141.0,8022662.0,10736132.0,1626529.0,4355436.0,3667226.0,2468226.0,-2955417.0,-1328888.0,-0.7784,-0.2602,0.0026,1,72,0.07,0.0,0.4308,20.8,62.0,51.0,47.4,30,0.5,0.0,0.0,0.0,40.0,56.2,90,37.3,101
sale,3 Bedroom House,5995000,3,2,672 m²,Paarl South,Paarl South,Paarl,https://www.property24.com/for-sale/paarl-south/paarl/western-cape/8623/116986638,,,"Exclusive Sole Mandate - Wilde Paarde Estate

Set in a scenic location, with the Du Toits Kloof mountains as backdrop, this is a truly ...",,https://images.prop24.com/375876597/Crop600x400,9500,114000,1.9,False,mandate,17000.0,204000.0,rental_suburb,2825.0,3747.0,7494.0,0.0,1200,4491.0,0.0007,3.4,29.39,0.28,0.898,436806.0,50000,1707306.0,4796000.0,49504.0,-49129.0,-589554.0,-0.3453,0.01,3.81,49905.0,-99.17,8921.0,8723.0,2.27,7194000.0,5755200.0,959200.0,748106.0,-59030.0,-1.51,7140141.0,8022662.0,10736132.0,1626529.0,4355436.0,3667226.0,2468226.0,-2955417.0,-1328888.0,-0.7784,-0.2602,0.0026,1,72,0.07,0.0,0.4308,20.8,62.0,51.0,47.4,30,0.5,0.0,0.0,0.0,40.0,56.2,90,37.3,102
sale,3 Bedroom House,4550000,3,2,600 m²,"Wilde Paarde Country Estate, 71 Wilde Paarde",Paarl South,Paarl,https://www.property24.com/for-sale/paarl-south/paarl/western-cape/8623/116554167,,,"Step into refined estate living with this newly built 3-bedroom, 2-bathroom home in the ...",,https://images.prop24.com/367255254/Crop600x400,9500,114000,2.51,False,,17000.0,204000.0,rental_suburb,2102.0,2844.0,5688.0,0.0,1200,45682.0,0.01,4.48,22.3,0.37,0.6961,277856.0,50000,1259356.0,3640000.0,37572.0,-33765.0,-405178.0,-0.3217,0.1,2.9062,507577.0,-88.84,7583.0,8723.0,-13.06,5460000.0,4368000.0,728000.0,531356.0,-41279.0,-1.36,5419123.0,6088926.0,8148357.0,1234480.0,3305627.0,2783299.0,1873299.0,-2007297.0,-772817.0,-0.6137,-0.1732,0.0363,1,72,0.07,0.0,0.4308,20.8,62.0,51.0,47.4,0,6.7,0.0,0.0,0.0,54.5,57.8,90,37.0,103
sale,3 Bedroom House,4550000,3,2,600 m²,"Wilde Paarde Country Estate, 114 Wilde Paarde",Paarl South,Paarl,https://www.property24.com/for-sale/paarl-south/paarl/western-cape/8623/116553622,,,"Move straight into this beautifully finished 3-bedroom, 2-bathroom home in the ...",,https://images.prop24.com/252834057/Ensure264x153,9500,114000,2.51,False,,17000.0,204000.0,rental_suburb,2102.0,2844.0,5688.0,0.0,1200,45682.0,0.01,4.48,22.3,0.37,0.6961,277856.0,50000,1259356.0,3640000.0,37572.0,-33765.0,-405178.0,-0.3217,0.1,2.9062,507577.0,-88.84,7583.0,8723.0,-13.06,5460000.0,4368000.0,728000.0,531356.0,-41279.0,-1.36,5419123.0,6088926.0,8148357.0,1234480.0,3305627.0,2783299.0,1873299.0,-2007297.0,-772817.0,-0.6137,-0.1732,0.0363,1,72,0.07,0.0,0.4308,20.8,62.0,51.0,47.4,0,6.7,0.0,0.0,0.0,54.5,57.8,90,37.0,104
sale,3 Bedroom House,4550000,3,2,600 m²,"Wilde Paarde Country Estate, 113 Wilde Paarde",Paarl South,Paarl,https://www.property24.com/for-sale/paarl-south/paarl/western-cape/8623/116559641,,,"Move-in ready and full of character, this 3-bedroom, 2-bathroom home in Wilde Paarde ...",,https://images.prop24.com/252834057/Ensure264x153,9500,114000,2.51,False,,17000.0,204000.0,rental_suburb,2102.0,2844.0,5688.0,0.0,1200,45682.0,0.01,4.48,22.3,0.37,0.6961,277856.0,50000,1259356.0,3640000.0,37572.0,-33765.0,-405178.0,-0.3217,0.1,2.9062,507577.0,-88.84,7583.0,8723.0,-13.06,5460000.0,4368000.0,728000.0,531356.0,-41279.0,-1.36,5419123.0,6088926.0,8148357.0,1234480.0,3305627.0,2783299.0,1873299.0,-2007297.0,-772817.0,-0.6137,-0.1732,0.0363,1,72,0.07,0.0,0.4308,20.8,62.0,51.0,47.4,0,6.7,0.0,0.0,0.0,54.5,57.8,90,37.0,105
sale,3 Bedroom House,4550000,3,2,600 m²,"Wilde Paarde Country Estate, 113 Wilde Paarde",Paarl South,Paarl,https://www.property24.com/for-sale/paarl-south/paarl/western-cape/8623/116966894,,,"Move-in ready and full of character, this 3-bedroom, 2-bathroom home in Wilde Paarde ...",,https://images.prop24.com/252834057/Ensure264x153,9500,114000,2.51,False,,17000.0,204000.0,rental_suburb,2102.0,2844.0,5688.0,0.0,1200,45682.0,0.01,4.48,22.3,0.37,0.6961,277856.0,50000,1259356.0,3640000.0,37572.0,-33765.0,-405178.0,-0.3217,0.1,2.9062,507577.0,-88.84,7583.0,8723.0,-13.06,5460000.0,4368000.0,728000.0,531356.0,-41279.0,-1.36,5419123.0,6088926.0,8148357.0,1234480.0,3305627.0,2783299.0,1873299.0,-2007297.0,-772817.0,-0.6137,-0.1732,0.0363,1,72,0.07,0.0,0.4308,20.8,62.0,51.0,47.4,0,6.7,0.0,0.0,0.0,54.5,57.8,90,37.0,106
sale,3 Bedroom Townhouse,4500000,3,2,260 m²,"24 Le Boutonne, 13 Moringa Close",Paarl South,Paarl,https://www.property24.com/for-sale/paarl-south/paarl/western-cape/8623/116769126,,,"Positioned in the highly desirable northern suburbs of Paarl, Le Boutonne by Rabie ...",,https://images.prop24.com/365351765/Crop600x400,9500,114000,2.53,False,,17000.0,204000.0,rental_suburb,2077.0,2812.0,5625.0,0.0,1200,47107.0,0.0105,4.53,22.06,0.38,0.6891,272356.0,50000,1243856.0,3600000.0,37159.0,-33233.0,-398798.0,-0.3206,0.11,2.8749,523413.0,-88.37,17308.0,8723.0,98.42,5400000.0,4320000.0,720000.0,523856.0,-40665.0,-1.35,5359572.0,6022015.0,8058815.0,1220914.0,3269302.0,2752713.0,1852713.0,-1974490.0,-753576.0,-0.6058,-0.1699,0.0379,1,72,0.07,0.0,0.4308,20.8,62.0,51.0,47.4,0,7.0,0.0,0.0,0.0,55.0,57.9,90,37.0,107
sale,3 Bedroom Townhouse,4500000,3,2,260 m²,"24 Le Boutonne, 13 Moringa Close",Paarl South,Paarl,https://www.property24.com/for-sale/paarl-south/paarl/western-cape/8623/116448948,,,"Positioned in the highly desirable northern suburbs of Paarl, Le Boutonne by Rabie ...",,https://images.prop24.com/365351765/Crop600x400,9500,114000,2.53,False,,17000.0,204000.0,rental_suburb,2077.0,2812.0,5625.0,0.0,1200,47107.0,0.0105,4.53,22.06,0.38,0.6891,272356.0,50000,1243856.0,3600000.0,37159.0,-33233.0,-398798.0,-0.3206,0.11,2.8749,523413.0,-88.37,17308.0,8723.0,98.42,5400000.0,4320000.0,720000.0,523856.0,-40665.0,-1.35,5359572.0,6022015.0,8058815.0,1220914.0,3269302.0,2752713.0,1852713.0,-1974490.0,-753576.0,-0.6058,-0.1699,0.0379,1,72,0.07,0.0,0.4308,20.8,62.0,51.0,47.4,0,7.0,0.0,0.0,0.0,55.0,57.9,90,37.0,108
sale,3 Bedroom House,4550000,3,2,600 m²,"Wilde Paarde Country Estate, 111 Wilde Paarde",Paarl South,Paarl,https://www.property24.com/for-sale/paarl-south/paarl/western-cape/8623/116559243,,,"Newly built and beautifully finished, this 3-bedroom, 2-bathroom home in Wilde Paarde ...",,https://images.prop24.com/252834057/Ensure264x153,9500,114000,2.51,False,,17000.0,204000.0,rental_suburb,2102.0,2844.0,5688.0,0.0,1200,45682.0,0.01,4.48,22.3,0.37,0.6961,277856.0,50000,1259356.0,3640000.0,37572.0,-33765.0,-405178.0,-0.3217,0.1,2.9062,507577.0,-88.84,7583.0,8723.0,-13.06,5460000.0,4368000.0,728000.0,531356.0,-41279.0,-1.36,5419123.0,6088926.0,8148357.0,1234480.0,3305627.0,2783299.0,1873299.0,-2007297.0,-772817.0,-0.6137,-0.1732,0.0363,1,72,0.07,0.0,0.4308,20.8,62.0,51.0,47.4,0,6.7,0.0,0.0,0.0,54.5,57.8,90,37.0,109
sale,3 Bedroom House,4550000,3,2,600 m²,"Wilde Paarde Country Estate, 112 Wilde Paarde",Paarl South,Paarl,https://www.property24.com/for-sale/paarl-south/paarl/western-cape/8623/116559485,,,"Experience refined estate living in this newly built 3-bedroom, 2-bathroom home in Wilde ...",,https://images.prop24.com/252834057/Ensure264x153,9500,114000,2.51,False,,17000.0,204000.0,rental_suburb,2102.0,2844.0,5688.0,0.0,1200,45682.0,0.01,4.48,22.3,0.37,0.6961,277856.0,50000,1259356.0,3640000.0,37572.0,-33765.0,-405178.0,-0.3217,0.1,2.9062,507577.0,-88.84,7583.0,8723.0,-13.06,5460000.0,4368000.0,728000.0,531356.0,-41279.0,-1.36,5419123.0,6088926.0,8148357.0,1234480.0,3305627.0,2783299.0,1873299.0,-2007297.0,-772817.0,-0.6137,-0.1732,0.0363,1,72,0.07,0.0,0.4308,20.8,62.0,51.0,47.4,0,6.7,0.0,0.0,0.0,54.5,57.8,90,37.0,110
sale,3 Bedroom House,4550000,3,2,600 m²,Paarl South,Paarl South,Paarl,https://www.property24.com/for-sale/paarl-south/paarl/western-cape/8623/116392930,,,"3 Bedroom House For Sale in Paarl South 

NO TRANSFER DUTY 

3 Bedroom house newly built in Secure Estate Wilde Paarde located ...",,,9500,114000,2.51,False,,17000.0,204000.0,rental_suburb,2102.0,2844.0,5688.0,0.0,1200,45682.0,0.01,4.48,22.3,0.37,0.6961,277856.0,50000,1259356.0,3640000.0,37572.0,-33765.0,-405178.0,-0.3217,0.1,2.9062,507577.0,-88.84,7583.0,8723.0,-13.06,5460000.0,4368000.0,728000.0,531356.0,-41279.0,-1.36,5419123.0,6088926.0,8148357.0,1234480.0,3305627.0,2783299.0,1873299.0,-2007297.0,-772817.0,-0.6137,-0.1732,0.0363,1,72,0.07,0.0,0.4308,20.8,62.0,51.0,47.4,0,6.7,0.0,0.0,0.0,54.5,57.8,90,37.0,111
sale,Farm,6995000,1,0,4.5 ha,Paarl North,Paarl North,Paarl,https://www.property24.com/for-sale/paarl-north/paarl/western-cape/8612/116342430,,,"You are buying a 4.55 Hectares opportunity in the Winelands. 

This 4.55 Ha is situated in area where the surrounding farms are doing ...",,,7000,84000,1.2,False,,9500.0,114000.0,rental_suburb,3326.0,4372.0,8744.0,0.0,1200,-106814.0,-0.0153,1.63,61.36,0.14,1.857,546806.0,50000,2017306.0,5596000.0,57761.0,-66662.0,-799949.0,-0.3965,-0.15,7.9371,-1186823.0,-116.97,,7644.0,,8394000.0,6715200.0,1119200.0,898106.0,-78215.0,-1.82,8331157.0,9360888.0,12526980.0,1897844.0,5081948.0,4278940.0,2879940.0,-4073670.0,-2175826.0,-1.0786,0.0,-0.0529,1,33,0.03,0.0,0.3498,21.8,70.0,51.0,51.7,0,-10.2,0.0,0.0,0.0,30.0,55.5,90,37.0,112
sale,3 Bedroom House,4550000,3,2,600 m²,Paarl South,Paarl South,Paarl,https://www.property24.com/for-sale/paarl-south/paarl/western-cape/8623/116124991,,,It's not often that you find a brand new property (You can still determine the final finishes) this big on a plot of this size. The ...,,https://images.prop24.com/347720091/Crop600x400,9500,114000,2.51,False,,17000.0,204000.0,rental_suburb,2102.0,2844.0,5688.0,0.0,1200,45682.0,0.01,4.48,22.3,0.37,0.6961,277856.0,50000,1259356.0,3640000.0,37572.0,-33765.0,-405178.0,-0.3217,0.1,2.9062,507577.0,-88.84,7583.0,8723.0,-13.06,5460000.0,4368000.0,728000.0,531356.0,-41279.0,-1.36,5419123.0,6088926.0,8148357.0,1234480.0,3305627.0,2783299.0,1873299.0,-2007297.0,-772817.0,-0.6137,-0.1732,0.0363,1,72,0.07,0.0,0.4308,20.8,62.0,51.0,47.4,0,6.7,0.0,0.0,0.0,54.5,57.8,90,37.0,113
sale,3 Bedroom House,4550000,3,2,600 m²,"31879 Wilde Paarde Country Estate, 1 Brumby Avenue",Paarl South,Paarl,https://www.property24.com/for-sale/paarl-south/paarl/western-cape/8623/115046619,,,"Discover luxury living at Wilde Paarde Estate, nestled in the serene surroundings of ...",,https://images.prop24.com/353500467/Ensure264x153,9500,114000,2.51,False,,17000.0,204000.0,rental_suburb,2102.0,2844.0,5688.0,0.0,1200,45682.0,0.01,4.48,22.3,0.37,0.6961,277856.0,50000,1259356.0,3640000.0,37572.0,-33765.0,-405178.0,-0.3217,0.1,2.9062,507577.0,-88.84,7583.0,8723.0,-13.06,5460000.0,4368000.0,728000.0,531356.0,-41279.0,-1.36,5419123.0,6088926.0,8148357.0,1234480.0,3305627.0,2783299.0,1873299.0,-2007297.0,-772817.0,-0.6137,-0.1732,0.0363,1,72,0.07,0.0,0.4308,20.8,62.0,51.0,47.4,0,6.7,0.0,0.0,0.0,54.5,57.8,90,37.0,114
sale,3 Bedroom House,4750000,3,2,600 m²,Paarl South,Paarl South,Paarl,https://www.property24.com/for-sale/paarl-south/paarl/western-cape/8623/117054082,,,"Looking for a home that’s brand-new, immaculate, and packed with extras? This property in a neat, secure estate is finished to a high ...",,https://images.prop24.com/255290839/Ensure264x153,9500,114000,2.4,False,,17000.0,204000.0,rental_suburb,2202.0,2969.0,5938.0,0.0,1200,39981.0,0.0084,4.29,23.28,0.36,0.724,299856.0,50000,1321356.0,3800000.0,39223.0,-35891.0,-430697.0,-0.326,0.08,3.0313,444231.0,-90.65,7917.0,8723.0,-9.24,5700000.0,4560000.0,760000.0,561356.0,-43736.0,-1.38,5657326.0,6356571.0,8506527.0,1288743.0,3450929.0,2905642.0,1955642.0,-2138524.0,-849782.0,-0.6431,-0.1862,0.0303,1,72,0.07,0.0,0.4308,20.8,62.0,51.0,47.4,0,5.6,0.0,0.0,0.0,52.5,57.5,90,36.8,115
sale,3 Bedroom House,4750000,3,2,600 m²,8 Brumby,Paarl South,Paarl,https://www.property24.com/for-sale/paarl-south/paarl/western-cape/8623/116543320,,,"Brand New 3 & 4 Bedroom Homes for Sale at Wilde Paarde Estate, Paarl 
Presented by ...",,https://images.prop24.com/341773167/Ensure264x153,9500,114000,2.4,False,,17000.0,204000.0,rental_suburb,2202.0,2969.0,5938.0,0.0,1200,39981.0,0.0084,4.29,23.28,0.36,0.724,299856.0,50000,1321356.0,3800000.0,39223.0,-35891.0,-430697.0,-0.326,0.08,3.0313,444231.0,-90.65,7917.0,8723.0,-9.24,5700000.0,4560000.0,760000.0,561356.0,-43736.0,-1.38,5657326.0,6356571.0,8506527.0,1288743.0,3450929.0,2905642.0,1955642.0,-2138524.0,-849782.0,-0.6431,-0.1862,0.0303,1,72,0.07,0.0,0.4308,20.8,62.0,51.0,47.4,0,5.6,0.0,0.0,0.0,52.5,57.5,90,36.8,116
sale,3 Bedroom House,4750000,3,2,600 m²,7 Brumby,Paarl South,Paarl,https://www.property24.com/for-sale/paarl-south/paarl/western-cape/8623/116568440,,,"Your Dream Home Awaits in Wilde Paarde Country Estate, Paarl South! 
Discover a new ...",,https://images.prop24.com/341773167/Ensure264x153,9500,114000,2.4,False,,17000.0,204000.0,rental_suburb,2202.0,2969.0,5938.0,0.0,1200,39981.0,0.0084,4.29,23.28,0.36,0.724,299856.0,50000,1321356.0,3800000.0,39223.0,-35891.0,-430697.0,-0.326,0.08,3.0313,444231.0,-90.65,7917.0,8723.0,-9.24,5700000.0,4560000.0,760000.0,561356.0,-43736.0,-1.38,5657326.0,6356571.0,8506527.0,1288743.0,3450929.0,2905642.0,1955642.0,-2138524.0,-849782.0,-0.6431,-0.1862,0.0303,1,72,0.07,0.0,0.4308,20.8,62.0,51.0,47.4,0,5.6,0.0,0.0,0.0,52.5,57.5,90,36.8,117
sale,3 Bedroom House,4750000,3,2,600 m²,10 Brumby Street,Paarl South,Paarl,https://www.property24.com/for-sale/paarl-south/paarl/western-cape/8623/114619668,,,"Welcome to your dream abode nestled in the tranquil embrace of Paarl South, Western ...",,https://images.prop24.com/336774855/Crop600x400,9500,114000,2.4,False,,17000.0,204000.0,rental_suburb,2202.0,2969.0,5938.0,0.0,1200,39981.0,0.0084,4.29,23.28,0.36,0.724,299856.0,50000,1321356.0,3800000.0,39223.0,-35891.0,-430697.0,-0.326,0.08,3.0313,444231.0,-90.65,7917.0,8723.0,-9.24,5700000.0,4560000.0,760000.0,561356.0,-43736.0,-1.38,5657326.0,6356571.0,8506527.0,1288743.0,3450929.0,2905642.0,1955642.0,-2138524.0,-849782.0,-0.6431,-0.1862,0.0303,1,72,0.07,0.0,0.4308,20.8,62.0,51.0,47.4,0,5.6,0.0,0.0,0.0,52.5,57.5,90,36.8,118
sale,3 Bedroom House,4750000,3,2,600 m²,31876 Wilde Paarde,Paarl South,Paarl,https://www.property24.com/for-sale/paarl-south/paarl/western-cape/8623/114924796,,,"Modern 3 bedroom family home - spacious, modern and practical

This move-in ready 3 ...",,https://images.prop24.com/310646377/Ensure264x153,9500,114000,2.4,False,,17000.0,204000.0,rental_suburb,2202.0,2969.0,5938.0,0.0,1200,39981.0,0.0084,4.29,23.28,0.36,0.724,299856.0,50000,1321356.0,3800000.0,39223.0,-35891.0,-430697.0,-0.326,0.08,3.0313,444231.0,-90.65,7917.0,8723.0,-9.24,5700000.0,4560000.0,760000.0,561356.0,-43736.0,-1.38,5657326.0,6356571.0,8506527.0,1288743.0,3450929.0,2905642.0,1955642.0,-2138524.0,-849782.0,-0.6431,-0.1862,0.0303,1,72,0.07,0.0,0.4308,20.8,62.0,51.0,47.4,0,5.6,0.0,0.0,0.0,52.5,57.5,90,36.8,119
sale,3 Bedroom House,4750000,3,2,600 m²,Paarl South,Paarl South,Paarl,https://www.property24.com/for-sale/paarl-south/paarl/western-cape/8623/115150723,,,"Discover your dream home in the heart of Paarl South, Western Cape, South Africa. This stunning 3 bedroom, 2 bathroom house is now ...",,https://images.prop24.com/341773167/Ensure264x153,9500,114000,2.4,False,,17000.0,204000.0,rental_suburb,2202.0,2969.0,5938.0,0.0,1200,39981.0,0.0084,4.29,23.28,0.36,0.724,299856.0,50000,1321356.0,3800000.0,39223.0,-35891.0,-430697.0,-0.326,0.08,3.0313,444231.0,-90.65,7917.0,8723.0,-9.24,5700000.0,4560000.0,760000.0,561356.0,-43736.0,-1.38,5657326.0,6356571.0,8506527.0,1288743.0,3450929.0,2905642.0,1955642.0,-2138524.0,-849782.0,-0.6431,-0.1862,0.0303,1,72,0.07,0.0,0.4308,20.8,62.0,51.0,47.4,0,5.6,0.0,0.0,0.0,52.5,57.5,90,36.8,120
sale,3 Bedroom House,4750000,3,2,600 m²,Paarl South,Paarl South,Paarl,https://www.property24.com/for-sale/paarl-south/paarl/western-cape/8623/114722928,,,"No transfer duty!
This stunning, brand-new home offers a haven for your family and a prime location in Paarl, with breathtaking views ...",,https://images.prop24.com/233852929/Ensure264x153,9500,114000,2.4,False,,17000.0,204000.0,rental_suburb,2202.0,2969.0,5938.0,0.0,1200,39981.0,0.0084,4.29,23.28,0.36,0.724,299856.0,50000,1321356.0,3800000.0,39223.0,-35891.0,-430697.0,-0.326,0.08,3.0313,444231.0,-90.65,7917.0,8723.0,-9.24,5700000.0,4560000.0,760000.0,561356.0,-43736.0,-1.38,5657326.0,6356571.0,8506527.0,1288743.0,3450929.0,2905642.0,1955642.0,-2138524.0,-849782.0,-0.6431,-0.1862,0.0303,1,72,0.07,0.0,0.4308,20.8,62.0,51.0,47.4,0,5.6,0.0,0.0,0.0,52.5,57.5,90,36.8,121
sale,3 Bedroom House,4750000,3,2,600 m²,Paarl South,Paarl South,Paarl,https://www.property24.com/for-sale/paarl-south/paarl/western-cape/8623/114685134,,,"Magnificent mountain views and privacy accompanies you in one of these spacious 3-bedroom, 2-bathroom homes. Choose a plot and plan ...",,https://images.prop24.com/233852929/Ensure264x153,9500,114000,2.4,False,,17000.0,204000.0,rental_suburb,2202.0,2969.0,5938.0,0.0,1200,39981.0,0.0084,4.29,23.28,0.36,0.724,299856.0,50000,1321356.0,3800000.0,39223.0,-35891.0,-430697.0,-0.326,0.08,3.0313,444231.0,-90.65,7917.0,8723.0,-9.24,5700000.0,4560000.0,760000.0,561356.0,-43736.0,-1.38,5657326.0,6356571.0,8506527.0,1288743.0,3450929.0,2905642.0,1955642.0,-2138524.0,-849782.0,-0.6431,-0.1862,0.0303,1,72,0.07,0.0,0.4308,20.8,62.0,51.0,47.4,0,5.6,0.0,0.0,0.0,52.5,57.5,90,36.8,122
sale,3 Bedroom House,4750000,3,2,600 m²,Paarl South,Paarl South,Paarl,https://www.property24.com/for-sale/paarl-south/paarl/western-cape/8623/116574898,,,"Nestled in the heart of Paarl, Western Cape, this development offers the last of the 4 Type 2 units. This could be your opportunity to ...",,https://images.prop24.com/367633142/Crop600x400,9500,114000,2.4,False,,17000.0,204000.0,rental_suburb,2202.0,2969.0,5938.0,0.0,1200,39981.0,0.0084,4.29,23.28,0.36,0.724,299856.0,50000,1321356.0,3800000.0,39223.0,-35891.0,-430697.0,-0.326,0.08,3.0313,444231.0,-90.65,7917.0,8723.0,-9.24,5700000.0,4560000.0,760000.0,561356.0,-43736.0,-1.38,5657326.0,6356571.0,8506527.0,1288743.0,3450929.0,2905642.0,1955642.0,-2138524.0,-849782.0,-0.6431,-0.1862,0.0303,1,72,0.07,0.0,0.4308,20.8,62.0,51.0,47.4,0,5.6,0.0,0.0,0.0,52.5,57.5,90,36.8,123
sale,3 Bedroom House,4990000,3,2,600 m²,Paarl South,Paarl South,Paarl,https://www.property24.com/for-sale/paarl-south/paarl/western-cape/8623/116954977,,,"If you want a secure property in a neat estate, finished in quality finishes, 4 airconditioners, roller blinds and engineered stone ...",,https://images.prop24.com/242461081/Ensure264x153,9500,114000,2.28,False,,17000.0,204000.0,rental_suburb,2322.0,3119.0,6238.0,0.0,1200,33139.0,0.0066,4.09,24.46,0.34,0.7576,326256.0,50000,1395756.0,3992000.0,41205.0,-38443.0,-461320.0,-0.3305,0.07,3.1814,368216.0,-92.62,8317.0,8723.0,-4.66,5988000.0,4790400.0,798400.0,597356.0,-46684.0,-1.41,5943170.0,6677746.0,8936330.0,1353858.0,3625292.0,3052453.0,2054453.0,-2295998.0,-942139.0,-0.675,-0.2013,0.0237,1,72,0.07,0.0,0.4308,20.8,62.0,51.0,47.4,0,4.4,0.0,0.0,0.0,50.1,57.2,90,36.6,124
sale,3 Bedroom House,4990000,3,2,600 m²,Paarl South,Paarl South,Paarl,https://www.property24.com/for-sale/paarl-south/paarl/western-cape/8623/116958745,,,"This charming house in Paarl, Western Cape, offers a perfect blend of comfort and functionality. Step inside to discover a ...",,https://images.prop24.com/374552110/Crop600x400,9500,114000,2.28,False,,17000.0,204000.0,rental_suburb,2322.0,3119.0,6238.0,0.0,1200,33139.0,0.0066,4.09,24.46,0.34,0.7576,326256.0,50000,1395756.0,3992000.0,41205.0,-38443.0,-461320.0,-0.3305,0.07,3.1814,368216.0,-92.62,8317.0,8723.0,-4.66,5988000.0,4790400.0,798400.0,597356.0,-46684.0,-1.41,5943170.0,6677746.0,8936330.0,1353858.0,3625292.0,3052453.0,2054453.0,-2295998.0,-942139.0,-0.675,-0.2013,0.0237,1,72,0.07,0.0,0.4308,20.8,62.0,51.0,47.4,0,4.4,0.0,0.0,0.0,50.1,57.2,90,36.6,125
sale,3 Bedroom House,4990000,3,2,600 m²,6 Brumby,Paarl South,Paarl,https://www.property24.com/for-sale/paarl-south/paarl/western-cape/8623/116559529,,,"Last remaining 3 bedroom homes for sale at Wilde Paarde Estate in Paarl. 

Experience ...",,https://images.prop24.com/341773167/Ensure264x153,9500,114000,2.28,False,,17000.0,204000.0,rental_suburb,2322.0,3119.0,6238.0,0.0,1200,33139.0,0.0066,4.09,24.46,0.34,0.7576,326256.0,50000,1395756.0,3992000.0,41205.0,-38443.0,-461320.0,-0.3305,0.07,3.1814,368216.0,-92.62,8317.0,8723.0,-4.66,5988000.0,4790400.0,798400.0,597356.0,-46684.0,-1.41,5943170.0,6677746.0,8936330.0,1353858.0,3625292.0,3052453.0,2054453.0,-2295998.0,-942139.0,-0.675,-0.2013,0.0237,1,72,0.07,0.0,0.4308,20.8,62.0,51.0,47.4,0,4.4,0.0,0.0,0.0,50.1,57.2,90,36.6,126
sale,3 Bedroom House,4990000,3,2,600 m²,Paarl South,Paarl South,Paarl,https://www.property24.com/for-sale/paarl-south/paarl/western-cape/8623/116778432,,,"Lovely home with many extras!

This completed home is equipped with air-conditioning, 

an irrigation system, and 900mm kitchen ...",,https://images.prop24.com/251717957/Ensure264x153,9500,114000,2.28,False,,17000.0,204000.0,rental_suburb,2322.0,3119.0,6238.0,0.0,1200,33139.0,0.0066,4.09,24.46,0.34,0.7576,326256.0,50000,1395756.0,3992000.0,41205.0,-38443.0,-461320.0,-0.3305,0.07,3.1814,368216.0,-92.62,8317.0,8723.0,-4.66,5988000.0,4790400.0,798400.0,597356.0,-46684.0,-1.41,5943170.0,6677746.0,8936330.0,1353858.0,3625292.0,3052453.0,2054453.0,-2295998.0,-942139.0,-0.675,-0.2013,0.0237,1,72,0.07,0.0,0.4308,20.8,62.0,51.0,47.4,0,4.4,0.0,0.0,0.0,50.1,57.2,90,36.6,127
sale,3 Bedroom House,4990000,3,2,600 m²,Paarl South,Paarl South,Paarl,https://www.property24.com/for-sale/paarl-south/paarl/western-cape/8623/116786767,,,"Lovely home with many extras!

This completed home is equipped with air-conditioning, 

an irrigation system, and 900mm kitchen ...",,https://images.prop24.com/251717957/Ensure264x153,9500,114000,2.28,False,,17000.0,204000.0,rental_suburb,2322.0,3119.0,6238.0,0.0,1200,33139.0,0.0066,4.09,24.46,0.34,0.7576,326256.0,50000,1395756.0,3992000.0,41205.0,-38443.0,-461320.0,-0.3305,0.07,3.1814,368216.0,-92.62,8317.0,8723.0,-4.66,5988000.0,4790400.0,798400.0,597356.0,-46684.0,-1.41,5943170.0,6677746.0,8936330.0,1353858.0,3625292.0,3052453.0,2054453.0,-2295998.0,-942139.0,-0.675,-0.2013,0.0237,1,72,0.07,0.0,0.4308,20.8,62.0,51.0,47.4,0,4.4,0.0,0.0,0.0,50.1,57.2,90,36.6,128
sale,3 Bedroom House,3150000,3,3,200 m²,Paarl East,Paarl East,Paarl,https://www.property24.com/for-sale/paarl-east/paarl/western-cape/16876/115513955,,,"ON SHOW - ONLY ON APPOINTMENT 
Exclusive mandate for an exclusive private estate
This Estate offers you the best security - 24-hour ...",,https://images.prop24.com/317418390/Ensure264x153,9500,114000,3.62,False,,7000.0,84000.0,rental_area_q1,1401.0,1969.0,3938.0,0.0,1200,-24810.0,-0.0079,2.67,37.5,0.22,1.2154,123856.0,50000,825356.0,2520000.0,26011.0,-28079.0,-336944.0,-0.4082,-0.08,4.9312,-275671.0,-108.75,15750.0,6383.0,146.75,3780000.0,3024000.0,504000.0,321356.0,-33281.0,-1.84,3751700.0,4215411.0,5641170.0,854640.0,2288511.0,1926899.0,1296899.0,-1704855.0,-850215.0,-1.0301,0.0,-0.0301,0,7,0.14,,0.5483,24.2,54.0,51.0,44.5,0,-5.3,0.0,0.0,0.0,68.5,61.1,100,36.6,129
sale,2 Bedroom Apartment,3995000,2,2,,"Suite 20, Zanddrift Lifestyle Estate",Paarl South,Paarl,https://www.property24.com/for-sale/paarl-south/paarl/western-cape/8623/116932243,,,"New, to build, 36 luxury 2 and - 3 bedroomed large suites. Ony 4 suites per building ...",,https://images.prop24.com/332376227/Ensure264x153,9500,114000,2.85,False,,11925.0,143100.0,rental_suburb,1824.0,2497.0,4994.0,0.0,1200,5474.0,0.0014,3.58,27.92,0.3,0.8817,216806.0,50000,1087306.0,3196000.0,32989.0,-32533.0,-390390.0,-0.359,0.01,3.6481,60827.0,-98.48,,8723.0,,4794000.0,3835200.0,639200.0,448106.0,-39130.0,-1.57,4758109.0,5346211.0,7154437.0,1083901.0,2902413.0,2443798.0,1644798.0,-1955837.0,-871937.0,-0.8019,-0.2766,0.005,2,72,0.07,0.35,0.4308,20.8,62.0,51.0,47.4,0,0.9,0.0,0.0,0.0,60.1,58.8,80,36.5,130
sale,2 Bedroom Apartment,3995000,2,2,,"Suite 20, Zanddrift Lifestyle Estate",Paarl South,Paarl,https://www.property24.com/for-sale/paarl-south/paarl/western-cape/8623/116854704,,,"New, to build, 36 luxury 2 and - 3 bedroomed large suites. Ony 4 suites per building ...",,https://images.prop24.com/332376227/Ensure264x153,9500,114000,2.85,False,,11925.0,143100.0,rental_suburb,1824.0,2497.0,4994.0,0.0,1200,5474.0,0.0014,3.58,27.92,0.3,0.8817,216806.0,50000,1087306.0,3196000.0,32989.0,-32533.0,-390390.0,-0.359,0.01,3.6481,60827.0,-98.48,,8723.0,,4794000.0,3835200.0,639200.0,448106.0,-39130.0,-1.57,4758109.0,5346211.0,7154437.0,1083901.0,2902413.0,2443798.0,1644798.0,-1955837.0,-871937.0,-0.8019,-0.2766,0.005,2,72,0.07,0.35,0.4308,20.8,62.0,51.0,47.4,0,0.9,0.0,0.0,0.0,60.1,58.8,80,36.5,131
sale,3 Bedroom House,5200000,3,2,610 m²,Paarl South,Paarl South,Paarl,https://www.property24.com/for-sale/paarl-south/paarl/western-cape/8623/117008271,,,"RARE OPPORTUNITY | WILDE PAARDE COUNTRY ESTATE – PAARL
Homes with this erf size (610m²) is rare in newer Paarl estates and rarely ...",,,9500,114000,2.19,False,,17000.0,204000.0,rental_suburb,2427.0,3250.0,6500.0,0.0,1200,27153.0,0.0052,3.92,25.49,0.33,0.7869,349356.0,50000,1460856.0,4160000.0,42939.0,-40676.0,-488115.0,-0.3341,0.05,3.3127,301704.0,-94.2,8525.0,8723.0,-2.27,6240000.0,4992000.0,832000.0,628856.0,-49264.0,-1.44,6193283.0,6958773.0,9312408.0,1410834.0,3777860.0,3180913.0,2140913.0,-2433787.0,-1022952.0,-0.7002,-0.2141,0.0186,1,72,0.07,0.0,0.4308,20.8,62.0,51.0,47.4,0,3.5,0.0,0.0,0.0,48.0,57.0,90,36.4,132
sale,3 Bedroom Apartment,5295000,3,2,,"Suite 5, Zanddrift Lifestyle Estate, Paarl",Paarl South,Paarl,https://www.property24.com/for-sale/paarl-south/paarl/western-cape/8623/116853924,,,"New, to build, 36 luxury 2 and - 3 bedroomed large suites. Ony 4 suites per building ...",,https://images.prop24.com/332376227/Ensure264x153,9500,114000,2.15,False,,17000.0,204000.0,rental_suburb,2475.0,3309.0,6619.0,0.0,1200,24445.0,0.0046,3.85,25.96,0.32,0.8002,359806.0,50000,1490306.0,4236000.0,43724.0,-41686.0,-500237.0,-0.3357,0.05,3.3721,271614.0,-94.87,,8723.0,,6354000.0,5083200.0,847200.0,643106.0,-50431.0,-1.45,6306430.0,7085904.0,9482539.0,1436609.0,3846878.0,3239026.0,2180026.0,-2496120.0,-1059511.0,-0.7109,-0.2198,0.0164,1,72,0.07,0.0,0.4308,20.8,62.0,51.0,47.4,0,3.1,0.0,0.0,0.0,47.1,56.8,90,36.4,133
sale,3 Bedroom House,5526916,3,2,888 m²,"Wilde Paarde Country Estate, 25 Olive Street",Paarl South,Paarl,https://www.property24.com/for-sale/paarl-south/paarl/western-cape/8623/116552063,,,"Newly built and move-in ready, this elegant 3-bedroom, 2-bathroom home in the ...",,https://images.prop24.com/367210921/Crop600x400,9500,114000,2.06,False,,17000.0,204000.0,rental_suburb,2591.0,3454.0,6909.0,0.0,1200,17834.0,0.0032,3.69,27.09,0.31,0.8326,385317.0,50000,1562200.0,4421533.0,45639.0,-44152.0,-529828.0,-0.3392,0.03,3.5172,198160.0,-96.41,6224.0,8723.0,-28.65,6632299.0,5305839.0,884307.0,677893.0,-53280.0,-1.47,6582645.0,7396260.0,9897865.0,1499531.0,4015368.0,3380892.0,2275509.0,-2648289.0,-1148758.0,-0.7353,-0.2335,0.0114,1,72,0.07,0.0,0.4308,20.8,62.0,51.0,47.4,0,2.2,0.0,0.0,0.0,44.7,56.6,90,36.2,134
sale,3 Bedroom House,5526916,3,2,888 m²,"31798 Wilde Paarde Country Estate, 1 Brumby Avenue",Paarl South,Paarl,https://www.property24.com/for-sale/paarl-south/paarl/western-cape/8623/116375742,,,"Discover contemporary elegance in the exclusive Wilde Paarde Country Estate, a gated ...",,https://images.prop24.com/363993854/Crop600x400,9500,114000,2.06,False,,17000.0,204000.0,rental_suburb,2591.0,3454.0,6909.0,0.0,1200,17834.0,0.0032,3.69,27.09,0.31,0.8326,385317.0,50000,1562200.0,4421533.0,45639.0,-44152.0,-529828.0,-0.3392,0.03,3.5172,198160.0,-96.41,6224.0,8723.0,-28.65,6632299.0,5305839.0,884307.0,677893.0,-53280.0,-1.47,6582645.0,7396260.0,9897865.0,1499531.0,4015368.0,3380892.0,2275509.0,-2648289.0,-1148758.0,-0.7353,-0.2335,0.0114,1,72,0.07,0.0,0.4308,20.8,62.0,51.0,47.4,0,2.2,0.0,0.0,0.0,44.7,56.6,90,36.2,135
sale,3 Bedroom House,5526916,3,2,888 m²,Paarl South,Paarl South,Paarl,https://www.property24.com/for-sale/paarl-south/paarl/western-cape/8623/116807778,,,"This stunning property in Paarl, Western Cape, offers a perfect blend of comfort and security, ideal for families seeking a peaceful ...",,https://images.prop24.com/353650893/Ensure264x153,9500,114000,2.06,False,,17000.0,204000.0,rental_suburb,2591.0,3454.0,6909.0,0.0,1200,17834.0,0.0032,3.69,27.09,0.31,0.8326,385317.0,50000,1562200.0,4421533.0,45639.0,-44152.0,-529828.0,-0.3392,0.03,3.5172,198160.0,-96.41,6224.0,8723.0,-28.65,6632299.0,5305839.0,884307.0,677893.0,-53280.0,-1.47,6582645.0,7396260.0,9897865.0,1499531.0,4015368.0,3380892.0,2275509.0,-2648289.0,-1148758.0,-0.7353,-0.2335,0.0114,1,72,0.07,0.0,0.4308,20.8,62.0,51.0,47.4,0,2.2,0.0,0.0,0.0,44.7,56.6,90,36.2,136
sale,3 Bedroom House,5526916,3,2,888 m²,Paarl South,Paarl South,Paarl,https://www.property24.com/for-sale/paarl-south/paarl/western-cape/8623/116959049,,,"This stunning property in Paarl, Western Cape, offers a perfect blend of comfort and security, ideal for families seeking a peaceful ...",,https://images.prop24.com/353650893/Ensure264x153,9500,114000,2.06,False,,17000.0,204000.0,rental_suburb,2591.0,3454.0,6909.0,0.0,1200,17834.0,0.0032,3.69,27.09,0.31,0.8326,385317.0,50000,1562200.0,4421533.0,45639.0,-44152.0,-529828.0,-0.3392,0.03,3.5172,198160.0,-96.41,6224.0,8723.0,-28.65,6632299.0,5305839.0,884307.0,677893.0,-53280.0,-1.47,6582645.0,7396260.0,9897865.0,1499531.0,4015368.0,3380892.0,2275509.0,-2648289.0,-1148758.0,-0.7353,-0.2335,0.0114,1,72,0.07,0.0,0.4308,20.8,62.0,51.0,47.4,0,2.2,0.0,0.0,0.0,44.7,56.6,90,36.2,137
sale,3 Bedroom House,5526916,3,2,888 m²,Paarl South,Paarl South,Paarl,https://www.property24.com/for-sale/paarl-south/paarl/western-cape/8623/115325957,,,Properties in our lovely Estate are flying off the shelves. This large 3 bedroom 2 bathroom property just oozes possibilities. Built on ...,,https://images.prop24.com/242461081/Ensure264x153,9500,114000,2.06,False,,17000.0,204000.0,rental_suburb,2591.0,3454.0,6909.0,0.0,1200,17834.0,0.0032,3.69,27.09,0.31,0.8326,385317.0,50000,1562200.0,4421533.0,45639.0,-44152.0,-529828.0,-0.3392,0.03,3.5172,198160.0,-96.41,6224.0,8723.0,-28.65,6632299.0,5305839.0,884307.0,677893.0,-53280.0,-1.47,6582645.0,7396260.0,9897865.0,1499531.0,4015368.0,3380892.0,2275509.0,-2648289.0,-1148758.0,-0.7353,-0.2335,0.0114,1,72,0.07,0.0,0.4308,20.8,62.0,51.0,47.4,0,2.2,0.0,0.0,0.0,44.7,56.6,90,36.2,138
sale,3 Bedroom Apartment,1099000,3,1,76 m²,3 Keerweder Road,Klein Drakenstein,Paarl,https://www.property24.com/for-sale/klein-drakenstein/paarl/western-cape/8591/115971406,,,"Sole Mandate Just Listed – A Place That Feels Like Home. 
Imagine coming home after a ...",,https://images.prop24.com/233852929/Ensure264x153,9500,114000,10.37,True,mandate,10125.0,121500.0,rental_suburb,375.0,687.0,1374.0,0.0,1200,68154.0,0.062,11.06,9.05,0.92,0.3591,0.0,100000,341300.0,879200.0,9075.0,-3395.0,-40746.0,-0.1194,0.63,1.2554,757271.0,-31.09,14461.0,14461.0,0.0,1318800.0,1055040.0,175840.0,165460.0,-5210.0,-0.22,1308927.0,1470710.0,1968142.0,298174.0,798436.0,672274.0,452474.0,-166567.0,131607.0,0.3856,0.0674,0.1997,2,3,2.0,0.07,0.1223,10.8,52.0,51.0,39.5,30,41.3,0.0,0.0,0.0,89.0,51.5,80,36.0,139
sale,3 Bedroom House,1250000,3,2,895 m²,Prince Alfred Hamlet,Prince Alfred Hamlet,Ceres,https://www.property24.com/for-sale/prince-alfred-hamlet/ceres/western-cape/7615/115704167,,,"Sole mandate:

REDUCED TO SELL!
Three bedroom house, with Granny flat, for sale in PA Hamlet - loads of potential!

Situated in PA ...",,,6000,72000,5.76,False,"mandate,reduced",6000.0,72000.0,csv_estimate,300,781.0,1562.0,0.0,1200,20115.0,0.0161,5.76,17.36,0.48,0.6406,1200.0,50000,322700.0,1000000.0,10322.0,-8646.0,-103748.0,-0.3215,0.16,2.3609,182864.0,-85.37,1397.0,1397.0,0.0,1500000.0,1200000.0,200000.0,122700.0,-10710.0,-1.32,1488770.0,1672782.0,2238560.0,339143.0,908139.0,764643.0,514643.0,-509632.0,-170490.0,-0.5283,-0.1395,0.0623,0,2,0.0,,0.2918,0.0,50.0,50.0,35.0,100,10.7,0.0,0.0,0.0,87.5,62.0,100,36.0,140
sale,3 Bedroom House,5890000,3,3,909 m²,Paarl South,Paarl South,Paarl,https://www.property24.com/for-sale/paarl-south/paarl/western-cape/8623/116983804,,,"Positioned in the sought after suburb of Vrykyk, Paarl, this spacious and flexible property offers comfortable family living with the ...",,https://images.prop24.com/375031539/Crop600x400,9500,114000,1.94,False,,17000.0,204000.0,rental_suburb,2773.0,3681.0,7362.0,0.0,1200,7485.0,0.0013,3.46,28.87,0.29,0.8833,425256.0,50000,1674756.0,4712000.0,48637.0,-48013.0,-576156.0,-0.344,0.01,3.7443,83161.0,-98.59,6480.0,8723.0,-25.72,7068000.0,5654400.0,942400.0,732356.0,-57740.0,-1.5,7015084.0,7882149.0,10548093.0,1598041.0,4279153.0,3602996.0,2424996.0,-2886522.0,-1288481.0,-0.7694,-0.2543,0.0045,1,72,0.07,0.0,0.4308,20.8,62.0,51.0,47.4,0,0.8,0.0,0.0,0.0,41.1,56.3,90,35.9,141
sale,3 Bedroom House,1980000,3,3,694 m²,31 Nerina Street,Sunnyside,Malmesbury,https://www.property24.com/for-sale/sunnyside/malmesbury/western-cape/12937/117058281,,,"Proudly presented under sole mandate, this property in the Sunnyside area of Malmesbury ...",,https://images.prop24.com/362902721/Ensure264x153,7500,90000,4.55,False,mandate,15000.0,180000.0,rental_area_q1,400,1238.0,2475.0,0.0,1200,101850.0,0.0514,9.09,11.0,0.76,0.3542,32586.0,50000,500086.0,1584000.0,16350.0,-7862.0,-94348.0,-0.1887,0.52,1.4442,970000.0,-51.01,2853.0,2853.0,0.0,2376000.0,1900800.0,316800.0,183286.0,-11132.0,-0.52,2358212.0,2649687.0,3545878.0,537202.0,1438493.0,1211194.0,815194.0,-416128.0,121074.0,0.2421,0.0443,0.2037,0,1,0.0,,,0.0,50.0,73.0,39.6,30,34.3,0.0,0.0,0.0,80.2,63.3,100,35.9,142
sale,3 Bedroom House,5995000,3,2,888 m²,Paarl South,Paarl South,Paarl,https://www.property24.com/for-sale/paarl-south/paarl/western-cape/8623/117023826,,,"Modern 3-Bedroom Home in Wilde Paarde Country Estate

Set on a generous 888m² stand, this modern home offers secure estate living ...",,https://images.prop24.com/375599489/Crop600x400,9500,114000,1.9,False,,17000.0,204000.0,rental_suburb,2825.0,3747.0,7494.0,0.0,1200,4491.0,0.0007,3.4,29.39,0.28,0.898,436806.0,50000,1707306.0,4796000.0,49504.0,-49129.0,-589554.0,-0.3453,0.01,3.81,49905.0,-99.17,6751.0,8723.0,-22.6,7194000.0,5755200.0,959200.0,748106.0,-59030.0,-1.51,7140141.0,8022662.0,10736132.0,1626529.0,4355436.0,3667226.0,2468226.0,-2955417.0,-1328888.0,-0.7784,-0.2602,0.0026,1,72,0.07,0.0,0.4308,20.8,62.0,51.0,47.4,0,0.5,0.0,0.0,0.0,40.0,56.2,90,35.8,143
sale,3 Bedroom House,5995000,3,2,888 m²,Paarl South,Paarl South,Paarl,https://www.property24.com/for-sale/paarl-south/paarl/western-cape/8623/117052268,,,"Modern 3-Bedroom Home in Wilde Paarde Country Estate

Set on a generous 888m² stand, this modern home offers secure estate living ...",,https://images.prop24.com/375599489/Crop600x400,9500,114000,1.9,False,,17000.0,204000.0,rental_suburb,2825.0,3747.0,7494.0,0.0,1200,4491.0,0.0007,3.4,29.39,0.28,0.898,436806.0,50000,1707306.0,4796000.0,49504.0,-49129.0,-589554.0,-0.3453,0.01,3.81,49905.0,-99.17,6751.0,8723.0,-22.6,7194000.0,5755200.0,959200.0,748106.0,-59030.0,-1.51,7140141.0,8022662.0,10736132.0,1626529.0,4355436.0,3667226.0,2468226.0,-2955417.0,-1328888.0,-0.7784,-0.2602,0.0026,1,72,0.07,0.0,0.4308,20.8,62.0,51.0,47.4,0,0.5,0.0,0.0,0.0,40.0,56.2,90,35.8,144
sale,3 Bedroom House,1400000,3,3,805 m²,Darling,Darling,Darling,https://www.property24.com/for-sale/darling/darling/western-cape/7920/116589864,,,"FIXER UPPER in Darling
With an open mind, some vision accompanied by your own flair and charisma you would be able to turn this house ...",,https://images.prop24.com/362894105/Ensure264x153,6000,72000,5.14,False,as-is,6000.0,72000.0,csv_estimate,300,875.0,1750.0,0.0,1200,16740.0,0.012,5.14,19.44,0.43,0.6875,5700.0,50000,357200.0,1120000.0,11561.0,-10166.0,-121986.0,-0.3415,0.12,2.6143,167400.0,-88.04,1739.0,7488.0,-76.77,1680000.0,1344000.0,224000.0,133200.0,-12478.0,-1.43,1667422.0,1873516.0,2507187.0,379840.0,1017116.0,856400.0,576400.0,-602975.0,-223135.0,-0.6247,-0.178,0.0469,0,10,0.0,,0.4698,0.0,50.0,50.0,35.0,100,8.0,0.0,0.0,0.0,86.0,62.7,100,35.8,145
sale,3 Bedroom House,6525000,3,2,401 m²,Paarl South,Paarl South,Paarl,https://www.property24.com/for-sale/paarl-south/paarl/western-cape/8623/114304619,,,"No Transfer duty - Direct from the Developer

Nestled in the picturesque Cape Winelands, Avec la Terre is an exclusive lifestyle estate ...",,https://images.prop24.com/233852929/Ensure264x153,9500,114000,1.75,False,,17000.0,204000.0,rental_suburb,3090.0,4078.0,8156.0,0.0,1200,-10616.0,-0.0016,3.13,31.99,0.26,0.972,495106.0,50000,1871606.0,5220000.0,53880.0,-54765.0,-657179.0,-0.3511,-0.02,4.1415,-117961.0,-101.81,16272.0,8723.0,86.54,7830000.0,6264000.0,1044000.0,827606.0,-65541.0,-1.55,7771379.0,8731922.0,11685281.0,1770326.0,4740487.0,3991435.0,2686435.0,-3303170.0,-1532845.0,-0.819,-0.2895,-0.0057,1,72,0.07,0.0,0.4308,20.8,62.0,51.0,47.4,0,-1.1,0.0,0.0,0.0,34.8,55.8,90,35.5,146
sale,3 Bedroom House,6525000,3,2,400 m²,Avec La Terre Lifestyle Estate 14 Glenrosa Crescent,Paarl South,Paarl,https://www.property24.com/for-sale/paarl-south/paarl/western-cape/8623/115922820,,,"Nestled within a renowned lifestyle estate, this 3-bedroom home (residence 1 layout ...",,https://images.prop24.com/329299895/Ensure264x153,9500,114000,1.75,False,,17000.0,204000.0,rental_suburb,3090.0,4078.0,8156.0,0.0,1200,-10616.0,-0.0016,3.13,31.99,0.26,0.972,495106.0,50000,1871606.0,5220000.0,53880.0,-54765.0,-657179.0,-0.3511,-0.02,4.1415,-117961.0,-101.81,16312.0,8723.0,87.01,7830000.0,6264000.0,1044000.0,827606.0,-65541.0,-1.55,7771379.0,8731922.0,11685281.0,1770326.0,4740487.0,3991435.0,2686435.0,-3303170.0,-1532845.0,-0.819,-0.2895,-0.0057,1,72,0.07,0.0,0.4308,20.8,62.0,51.0,47.4,0,-1.1,0.0,0.0,0.0,34.8,55.8,90,35.5,147
sale,3 Bedroom House,6573500,3,2,435 m²,Paarl South,Paarl South,Paarl,https://www.property24.com/for-sale/paarl-south/paarl/western-cape/8623/116601893,,,Discover a home where contemporary architecture and mindful design meet. Set within a private lifestyle estate surrounded by panoramic ...,,https://images.prop24.com/329299895/Ensure264x153,9500,114000,1.73,False,,17000.0,204000.0,rental_suburb,3115.0,4108.0,8217.0,0.0,1200,-11999.0,-0.0018,3.1,32.22,0.26,0.9788,500441.0,50000,1886641.0,5258800.0,54281.0,-55281.0,-663368.0,-0.3516,-0.02,4.1718,-133322.0,-102.03,15111.0,8723.0,73.24,7888200.0,6310560.0,1051760.0,834881.0,-66137.0,-1.55,7829144.0,8796826.0,11772137.0,1783485.0,4775723.0,4021103.0,2706403.0,-3334993.0,-1551509.0,-0.8224,-0.2922,-0.0064,1,72,0.07,0.0,0.4308,20.8,62.0,51.0,47.4,0,-1.2,0.0,0.0,0.0,34.3,55.7,90,35.5,148
sale,1 Bedroom Apartment,2440000,1,1,25 m²,Universiteitsoord,Universiteitsoord,Stellenbosch,https://www.property24.com/for-sale/universiteitsoord/stellenbosch/western-cape/8545/116994559,,,"Exclusive sole mandate. Situated in a secure eco living complex, close to campus. This apartment has 24-hour security, with an ...",,https://images.prop24.com/342430475/Ensure264x153,8500,102000,4.18,False,mandate,10870.0,130440.0,rental_suburb,600,1525.0,3050.0,0.0,1200,43505.0,0.0178,5.35,18.71,0.45,0.5865,62400.0,50000,621900.0,1952000.0,20148.0,-16523.0,-198275.0,-0.3188,0.18,2.44,543810.0,-77.71,97600.0,104569.0,-6.66,2928000.0,2342400.0,390400.0,231500.0,-20553.0,-1.29,2906079.0,3265270.0,4369668.0,662007.0,1772688.0,1492582.0,1004582.0,-970379.0,-308372.0,-0.4959,-0.128,0.07,2,5,0.4,0.29,0.0842,17.2,50.0,50.0,40.2,30,11.9,0.0,0.0,0.0,75.6,62.8,80,35.5,149
sale,3 Bedroom Apartment,895000,3,1,75 m²,3 Keerweder Rd,Klein Drakenstein,Paarl,https://www.property24.com/for-sale/klein-drakenstein/paarl/western-cape/8591/115932153,,,Introducing a stunning modern 3-bedroom unit located on the first floor of the ...,,https://images.prop24.com/329458126/Ensure264x153,9500,114000,12.74,True,,10125.0,121500.0,rental_suburb,273.0,559.0,1119.0,0.0,1200,73970.0,0.0826,13.58,7.37,1.13,0.3112,0.0,100000,300500.0,716000.0,7390.0,-1226.0,-14716.0,-0.049,0.83,1.0411,821883.0,-8.17,11933.0,14461.0,-17.48,1074000.0,859200.0,143200.0,157300.0,-2704.0,0.16,1065959.0,1197712.0,1602809.0,242826.0,650228.0,547484.0,368484.0,-32715.0,210111.0,0.6992,0.1119,0.2462,2,3,2.0,0.07,0.1223,10.8,52.0,51.0,39.5,0,55.1,0.0,4.9,0.0,91.0,47.7,80,35.4,150
sale,3 Bedroom House,6669100,3,2,414 m²,Avec La Terre Lifestyle Estate 8 Glenrosa Crescent Paarl 7646,Paarl South,Paarl,https://www.property24.com/for-sale/paarl-south/paarl/western-cape/8623/115997634,,,"Tucked away in an exclusive lifestyle estate, this stunning 3-bedroom home (Residence 2 ...",,https://images.prop24.com/329299895/Ensure264x153,9500,114000,1.71,False,,17000.0,204000.0,rental_suburb,3162.0,4168.0,8336.0,0.0,1200,-14724.0,-0.0022,3.06,32.69,0.25,0.9922,510957.0,50000,1916277.0,5335280.0,55070.0,-56297.0,-675566.0,-0.3525,-0.02,4.2316,-163601.0,-102.45,16109.0,8723.0,84.67,8002920.0,6402336.0,1067056.0,849221.0,-67311.0,-1.56,7943005.0,8924760.0,11943342.0,1809422.0,4845178.0,4079583.0,2745763.0,-3397720.0,-1588298.0,-0.8288,-0.2974,-0.0077,1,72,0.07,0.0,0.4308,20.8,62.0,51.0,47.4,0,-1.5,0.0,0.0,0.0,33.3,55.7,90,35.4,151
sale,3 Bedroom House,1600000,3,1,444 m²,Garden Village,Garden Village,Malmesbury,https://www.property24.com/for-sale/garden-village/malmesbury/western-cape/12934/115234617,,,"This charming home is perfect for families seeking ample living space and practical features in a welcoming environment.
Bedrooms:
3 ...",,https://images.prop24.com/362902721/Ensure264x153,7500,90000,5.62,False,,15000.0,180000.0,rental_area_q1,400,1000.0,2000.0,0.0,1200,110400.0,0.069,11.25,8.89,0.94,0.3067,11700.0,50000,403200.0,1280000.0,13212.0,-4012.0,-48144.0,-0.1194,0.7,1.1875,1051429.0,-34.29,3604.0,3604.0,0.0,1920000.0,1536000.0,256000.0,147200.0,-6654.0,-0.11,1905626.0,2141161.0,2865356.0,434103.0,1162418.0,978743.0,658743.0,-179660.0,254443.0,0.6311,0.1028,0.2738,0,2,0.0,,0.2685,0.0,50.0,73.0,39.6,0,46.0,0.0,0.0,0.0,84.0,63.5,100,35.2,152
sale,2 Bedroom Apartment,895000,2,1,60 m²,Klein Drakenstein,Klein Drakenstein,Paarl,https://www.property24.com/for-sale/klein-drakenstein/paarl/western-cape/8591/116799173,,,"This stunning apartment offers a spacious open-plan kitchen, dining, and living area that flows seamlessly through sliding doors onto a ...",,https://images.prop24.com/368849620/Crop600x400,9500,114000,12.74,True,,10200.0,122400.0,rental_suburb,273.0,559.0,1119.0,0.0,1200,74798.0,0.0836,13.68,7.31,1.14,0.3089,0.0,100000,300500.0,716000.0,7390.0,-1157.0,-13888.0,-0.0462,0.84,1.0335,831083.0,-7.14,14917.0,14461.0,3.15,1074000.0,859200.0,143200.0,157300.0,-2635.0,0.17,1065959.0,1197712.0,1602809.0,242826.0,650228.0,547484.0,368484.0,-28094.0,214732.0,0.7146,0.1139,0.2489,3,3,2.0,0.93,0.1223,10.8,52.0,51.0,39.5,0,55.7,0.0,6.2,0.0,91.0,47.7,70,35.0,153
sale,2 Bedroom House,2200000,2,1,293 m²,Ceres,Ceres,Ceres,https://www.property24.com/for-sale/ceres/ceres/western-cape/7612/116522213,,,"Reduced to sell!

This well-maintained two-bedroom townhouse offers comfort, convenience, and peace of mind in a secure, gated ...",,https://images.prop24.com/284368778/Ensure264x153,6000,72000,3.27,False,reduced,6000.0,72000.0,csv_estimate,300,1375.0,2750.0,0.0,1200,-1260.0,-0.0006,3.27,30.56,0.27,0.9375,45786.0,50000,557286.0,1760000.0,18167.0,-18272.0,-219258.0,-0.3934,-0.01,3.9653,-11455.0,-100.52,7509.0,8288.0,-9.41,2640000.0,2112000.0,352000.0,205286.0,-21905.0,-1.73,2620235.0,2944096.0,3939865.0,596891.0,1598325.0,1345771.0,905771.0,-1100803.0,-503912.0,-0.9042,-0.3745,-0.0023,0,16,0.0,,0.2232,0.0,50.0,50.0,35.0,100,-0.4,0.0,0.0,0.0,78.0,63.2,100,35.0,154
sale,2 Bedroom Townhouse,2200000,2,1,293 m²,Ceres,Ceres,Ceres,https://www.property24.com/for-sale/ceres/ceres/western-cape/7612/116032948,,,"Perfectly Positioned Townhouse – Ideal Lock-Up-and-Go in Gated Community

Reduced to sell!

Own one of these well-located ...",,,6000,72000,3.27,False,reduced,6000.0,72000.0,csv_estimate,300,1375.0,2750.0,0.0,1200,-1260.0,-0.0006,3.27,30.56,0.27,0.9375,45786.0,50000,557286.0,1760000.0,18167.0,-18272.0,-219258.0,-0.3934,-0.01,3.9653,-11455.0,-100.52,7509.0,8288.0,-9.41,2640000.0,2112000.0,352000.0,205286.0,-21905.0,-1.73,2620235.0,2944096.0,3939865.0,596891.0,1598325.0,1345771.0,905771.0,-1100803.0,-503912.0,-0.9042,-0.3745,-0.0023,0,16,0.0,,0.2232,0.0,50.0,50.0,35.0,100,-0.4,0.0,0.0,0.0,78.0,63.2,100,35.0,155
sale,3 Bedroom House,7650000,3,3,340 m²,"6 Drakenzicht Estate, 851 Lustigan Road",Paarl South,Paarl,https://www.property24.com/for-sale/paarl-south/paarl/western-cape/8623/116899684,,,"3 Bedroom Designer Home with Pool & Solar – Drakenzicht Estate, Paarl South

This ...",,https://images.prop24.com/353500467/Ensure264x153,9500,114000,1.49,False,,17000.0,204000.0,rental_suburb,3653.0,4781.0,9562.0,0.0,1200,-42685.0,-0.0056,2.67,37.5,0.22,1.1292,618856.0,50000,2220356.0,6120000.0,63170.0,-66727.0,-800724.0,-0.3606,-0.06,4.8451,-474279.0,-106.2,22500.0,8723.0,157.94,9180000.0,7344000.0,1224000.0,996356.0,-79361.0,-1.61,9111272.0,10237426.0,13699985.0,2075554.0,5557813.0,4679613.0,3149613.0,-4041326.0,-1965772.0,-0.8853,-0.3515,-0.0192,1,72,0.07,0.0,0.4308,20.8,62.0,51.0,47.4,0,-3.7,0.0,0.0,0.0,23.5,55.1,90,34.8,156
sale,3 Bedroom House,7650000,3,3,340 m²,"6b, Drakenzicht Estate, Lustigan Road, Paarl",Paarl South,Paarl,https://www.property24.com/for-sale/paarl-south/paarl/western-cape/8623/116505912,,,"LUXURY LIVING in DRAKENZICHT ESTATE, PAARL

Offered by Owner - Immediate ...",,,9500,114000,1.49,False,,17000.0,204000.0,rental_suburb,3653.0,4781.0,9562.0,0.0,1200,-42685.0,-0.0056,2.67,37.5,0.22,1.1292,618856.0,50000,2220356.0,6120000.0,63170.0,-66727.0,-800724.0,-0.3606,-0.06,4.8451,-474279.0,-106.2,22500.0,8723.0,157.94,9180000.0,7344000.0,1224000.0,996356.0,-79361.0,-1.61,9111272.0,10237426.0,13699985.0,2075554.0,5557813.0,4679613.0,3149613.0,-4041326.0,-1965772.0,-0.8853,-0.3515,-0.0192,1,72,0.07,0.0,0.4308,20.8,62.0,51.0,47.4,0,-3.7,0.0,0.0,0.0,23.5,55.1,90,34.8,157
sale,3 Bedroom House,7650000,3,3,340 m²,Paarl South,Paarl South,Paarl,https://www.property24.com/for-sale/paarl-south/paarl/western-cape/8623/116236049,,,This brand new 3-bedroom home is perfectly located in the exclusive Drakenzicht Estate - Immediately available -  Paarl’s newest luxury ...,,https://images.prop24.com/233852929/Ensure264x153,9500,114000,1.49,False,,17000.0,204000.0,rental_suburb,3653.0,4781.0,9562.0,0.0,1200,-42685.0,-0.0056,2.67,37.5,0.22,1.1292,618856.0,50000,2220356.0,6120000.0,63170.0,-66727.0,-800724.0,-0.3606,-0.06,4.8451,-474279.0,-106.2,22500.0,8723.0,157.94,9180000.0,7344000.0,1224000.0,996356.0,-79361.0,-1.61,9111272.0,10237426.0,13699985.0,2075554.0,5557813.0,4679613.0,3149613.0,-4041326.0,-1965772.0,-0.8853,-0.3515,-0.0192,1,72,0.07,0.0,0.4308,20.8,62.0,51.0,47.4,0,-3.7,0.0,0.0,0.0,23.5,55.1,90,34.8,158
sale,2 Bedroom Apartment,935000,2,1,48 m²,De Wijnlanden Residential Estate,De Wijnlanden Residential Estate,Stellenbosch,https://www.property24.com/for-sale/de-wijnlanden-residential-estate/stellenbosch/western-cape/17618/116667692,,,"Solid Tenants | Cash-Flow Property | Ground Floor Unit 

Figures: 

• Rent secured for 2026 R9250 / month (2026), R111 000 annual ...",,https://images.prop24.com/341773167/Ensure264x153,12000,144000,15.4,True,,11220.0,134640.0,rental_area_q1,600,584.0,1169.0,0.0,1200,81231.0,0.0869,14.4,6.94,1.2,0.3167,0.0,100000,308500.0,748000.0,7721.0,-951.0,-11418.0,-0.037,0.88,1.0048,1015391.0,8.6,19479.0,19479.0,0.0,1122000.0,897600.0,149600.0,158900.0,-2496.0,0.23,1113600.0,1251241.0,1674443.0,253679.0,679288.0,571953.0,384953.0,-12275.0,241404.0,0.7825,0.1226,0.2633,0,3,0.0,,0.8124,0.0,50.0,50.0,35.0,0,57.9,0.0,11.0,28.7,90.6,48.5,100,34.8,159
sale,2 Bedroom Apartment,1300000,2,2,85 m²,"Prospect Street, Zwartland Hof",Dalsig,Malmesbury,https://www.property24.com/for-sale/dalsig/malmesbury/western-cape/7897/116955174,,,"Situated on the first floor of the well-known and secure Zwartland Hof, this neatly ...",,https://images.prop24.com/185178535/Ensure264x153,7500,90000,6.92,False,,12000.0,144000.0,rental_suburb,400,812.0,1625.0,0.0,1200,84030.0,0.0646,11.08,9.03,0.92,0.3365,2700.0,50000,334200.0,1040000.0,10735.0,-3732.0,-44787.0,-0.134,0.65,1.231,800286.0,-38.44,15294.0,15672.0,-2.41,1560000.0,1248000.0,208000.0,126200.0,-5879.0,-0.21,1548321.0,1739693.0,2328102.0,352709.0,944465.0,795228.0,535228.0,-177820.0,174889.0,0.5233,0.0878,0.2514,4,9,0.44,0.12,0.2015,0.0,56.0,73.0,42.6,0,43.1,0.0,0.0,0.0,87.0,62.2,60,34.6,160
sale,2 Bedroom Apartment,1300000,2,2,81 m²,"13 Zwartlandhof, 2 Prospect",Dalsig,Malmesbury,https://www.property24.com/for-sale/dalsig/malmesbury/western-cape/7897/116878875,,,This neat and well-maintained ground floor apartment is situated in the popular ...,,https://images.prop24.com/242461081/Ensure264x153,7500,90000,6.92,False,,12000.0,144000.0,rental_suburb,400,812.0,1625.0,0.0,1200,84030.0,0.0646,11.08,9.03,0.92,0.3365,2700.0,50000,334200.0,1040000.0,10735.0,-3732.0,-44787.0,-0.134,0.65,1.231,800286.0,-38.44,16049.0,15672.0,2.41,1560000.0,1248000.0,208000.0,126200.0,-5879.0,-0.21,1548321.0,1739693.0,2328102.0,352709.0,944465.0,795228.0,535228.0,-177820.0,174889.0,0.5233,0.0878,0.2514,4,9,0.44,0.12,0.2015,0.0,56.0,73.0,42.6,0,43.1,0.0,0.0,0.0,87.0,62.2,60,34.6,161
sale,2 Bedroom Apartment,1300000,2,2,80 m²,Dalsig,Dalsig,Malmesbury,https://www.property24.com/for-sale/dalsig/malmesbury/western-cape/7897/116902714,,,"INVEST OR CALL IT HOME 

This well-positioned 2-bedroom, 2-bathroom ground-floor corner unit is located in the secure and popular ...",,https://images.prop24.com/341773167/Ensure264x153,7500,90000,6.92,False,,12000.0,144000.0,rental_suburb,400,812.0,1625.0,0.0,1200,84030.0,0.0646,11.08,9.03,0.92,0.3365,2700.0,50000,334200.0,1040000.0,10735.0,-3732.0,-44787.0,-0.134,0.65,1.231,800286.0,-38.44,16250.0,15672.0,3.69,1560000.0,1248000.0,208000.0,126200.0,-5879.0,-0.21,1548321.0,1739693.0,2328102.0,352709.0,944465.0,795228.0,535228.0,-177820.0,174889.0,0.5233,0.0878,0.2514,4,9,0.44,0.12,0.2015,0.0,56.0,73.0,42.6,0,43.1,0.0,0.0,0.0,87.0,62.2,60,34.6,162
sale,2 Bedroom Apartment,1300000,2,2,,Dalsig,Dalsig,Malmesbury,https://www.property24.com/for-sale/dalsig/malmesbury/western-cape/7897/116832507,,,"Beautifully Renovated 2-Bedroom Ground-Floor Corner Unit in Zwartland Hof

Enjoy privacy, comfort, and convenience in this tastefully ...",,https://images.prop24.com/275940058/Ensure264x153,7500,90000,6.92,False,,12000.0,144000.0,rental_suburb,400,812.0,1625.0,0.0,1200,84030.0,0.0646,11.08,9.03,0.92,0.3365,2700.0,50000,334200.0,1040000.0,10735.0,-3732.0,-44787.0,-0.134,0.65,1.231,800286.0,-38.44,,15672.0,,1560000.0,1248000.0,208000.0,126200.0,-5879.0,-0.21,1548321.0,1739693.0,2328102.0,352709.0,944465.0,795228.0,535228.0,-177820.0,174889.0,0.5233,0.0878,0.2514,4,9,0.44,0.12,0.2015,0.0,56.0,73.0,42.6,0,43.1,0.0,0.0,0.0,87.0,62.2,60,34.6,163
sale,2 Bedroom Apartment,1300000,2,2,80 m²,Dalsig,Dalsig,Malmesbury,https://www.property24.com/for-sale/dalsig/malmesbury/western-cape/7897/116767130,,,"INVEST OR CALL IT HOME 

This well-positioned 2-bedroom, 2-bathroom ground-floor corner unit is located in the secure and popular ...",,https://images.prop24.com/374814307/Crop600x400,7500,90000,6.92,False,,12000.0,144000.0,rental_suburb,400,812.0,1625.0,0.0,1200,84030.0,0.0646,11.08,9.03,0.92,0.3365,2700.0,50000,334200.0,1040000.0,10735.0,-3732.0,-44787.0,-0.134,0.65,1.231,800286.0,-38.44,16250.0,15672.0,3.69,1560000.0,1248000.0,208000.0,126200.0,-5879.0,-0.21,1548321.0,1739693.0,2328102.0,352709.0,944465.0,795228.0,535228.0,-177820.0,174889.0,0.5233,0.0878,0.2514,4,9,0.44,0.12,0.2015,0.0,56.0,73.0,42.6,0,43.1,0.0,0.0,0.0,87.0,62.2,60,34.6,164
sale,2 Bedroom Apartment,1420000,2,1,,Dalsig,Dalsig,Malmesbury,https://www.property24.com/for-sale/dalsig/malmesbury/western-cape/7897/116273400,,,This neat and well-maintained upper-level flat offers comfortable and secure living in a sought-after security complex. Featuring 2 ...,,https://images.prop24.com/259410876/Ensure264x153,7500,90000,6.34,False,,12000.0,144000.0,rental_suburb,400,888.0,1775.0,0.0,1200,81330.0,0.0573,10.14,9.86,0.85,0.3552,6300.0,50000,361800.0,1136000.0,11726.0,-4948.0,-59378.0,-0.1641,0.58,1.3323,774571.0,-45.45,,15672.0,,1704000.0,1363200.0,227200.0,134600.0,-7293.0,-0.38,1691243.0,1900280.0,2543004.0,385266.0,1031646.0,868634.0,584634.0,-252494.0,132772.0,0.367,0.0645,0.2248,4,9,0.44,0.12,0.2015,0.0,56.0,73.0,42.6,0,38.2,0.0,0.0,0.0,85.8,62.8,60,34.4,165
sale,3 Bedroom House,2099000,3,2,993 m²,Newclair,Newclair,Malmesbury,https://www.property24.com/for-sale/newclair/malmesbury/western-cape/12933/116744402,,,"Discover a unique opportunity in Malmesbury, South Africa, with this expansive residential property set on a generous 993 sqm erf in ...",,https://images.prop24.com/370833323/Crop600x400,7500,90000,4.29,False,,15000.0,180000.0,rental_area_q1,400,1312.0,2624.0,0.0,1200,99172.0,0.0472,8.58,11.66,0.71,0.369,39726.0,50000,531026.0,1679200.0,17333.0,-9068.0,-108818.0,-0.2049,0.48,1.5245,944500.0,-55.0,2114.0,2114.0,0.0,2518800.0,2015040.0,335840.0,195186.0,-12535.0,-0.62,2499943.0,2808935.0,3758989.0,569489.0,1524948.0,1283988.0,864188.0,-490180.0,79309.0,0.1494,0.0282,0.1868,0,1,0.0,,,0.0,50.0,73.0,39.6,0,31.5,0.0,0.0,0.0,79.0,63.2,100,34.2,166
sale,2 Bedroom House,2595000,2,1,365 m²,5 Barouni Circle,Klipfontein AH,Malmesbury,https://www.property24.com/for-sale/klipfontein-ah/malmesbury/western-cape/15988/113139384,,,"Exclusive Sole Mandate

Nestled in the picturesque locale of Malmesbury, Olive Place ...",,https://images.prop24.com/95450643/Ensure264x153,7500,90000,3.47,False,mandate,9000.0,108000.0,rental_area_q1,400,1622.0,3244.0,0.0,1200,21772.0,0.0084,4.16,24.03,0.35,0.7184,74800.0,50000,665300.0,2076000.0,21428.0,-19614.0,-235366.0,-0.3538,0.08,3.0993,207357.0,-92.01,7110.0,10979.0,-35.24,3114000.0,2491200.0,415200.0,250100.0,-23900.0,-1.5,3090687.0,3472695.0,4647250.0,704061.0,1885297.0,1587398.0,1068398.0,-1168525.0,-464464.0,-0.6981,-0.213,0.0327,0,6,0.0,,0.1031,0.0,50.0,73.0,39.6,30,5.6,0.0,0.0,0.0,74.0,62.4,100,34.1,167
sale,1 Bedroom Apartment,2400000,1,1,26 m²,Universiteitsoord,Universiteitsoord,Stellenbosch,https://www.property24.com/for-sale/universiteitsoord/stellenbosch/western-cape/8545/116900423,,,"Situated in a secure eco living complex, close to campus. This apartment has 24-hour security, with an allocated, secure parking inside ...",,https://images.prop24.com/342430475/Ensure264x153,8500,102000,4.25,False,,10870.0,130440.0,rental_suburb,600,1500.0,3000.0,0.0,1200,44405.0,0.0185,5.44,18.4,0.45,0.5796,59200.0,50000,610700.0,1920000.0,19818.0,-16118.0,-193411.0,-0.3167,0.19,2.4028,555060.0,-76.87,92308.0,104569.0,-11.73,2880000.0,2304000.0,384000.0,226700.0,-20081.0,-1.28,2858438.0,3211741.0,4298034.0,651154.0,1743628.0,1468114.0,988114.0,-945488.0,-294333.0,-0.482,-0.1233,0.0727,2,5,0.4,0.29,0.0842,17.2,50.0,50.0,40.2,0,12.3,0.0,0.0,0.0,76.0,62.9,80,34.0,168
sale,1 Bedroom Apartment,2400000,1,1,20 m²,Universiteitsoord,Universiteitsoord,Stellenbosch,https://www.property24.com/for-sale/universiteitsoord/stellenbosch/western-cape/8545/116597851,,,"Ultimate student lifestyle at 17 ON CLUVER!  

Prime location, walking distance to Stellenbosch University campus. Universiteit Oord ...",,https://images.prop24.com/342430475/Ensure264x153,8500,102000,4.25,False,,10870.0,130440.0,rental_suburb,600,1500.0,3000.0,0.0,1200,44405.0,0.0185,5.44,18.4,0.45,0.5796,59200.0,50000,610700.0,1920000.0,19818.0,-16118.0,-193411.0,-0.3167,0.19,2.4028,555060.0,-76.87,120000.0,104569.0,14.76,2880000.0,2304000.0,384000.0,226700.0,-20081.0,-1.28,2858438.0,3211741.0,4298034.0,651154.0,1743628.0,1468114.0,988114.0,-945488.0,-294333.0,-0.482,-0.1233,0.0727,2,5,0.4,0.29,0.0842,17.2,50.0,50.0,40.2,0,12.3,0.0,0.0,0.0,76.0,62.9,80,34.0,169
sale,3 Bedroom House,950000,3,2,102 m²,Worcester Central,Worcester Central,Worcester,https://www.property24.com/for-sale/worcester-central/worcester/western-cape/8860/117061051,,,Sparkling new home put on the market for a family or couple looking to put own stamp on a graceful and stylishly built property. Three  ...,,https://images.prop24.com/252535644/Ensure264x153,7000,84000,8.84,True,,12000.0,144000.0,rental_suburb,400,594.0,1188.0,0.0,1200,91905.0,0.0967,15.16,6.6,1.26,0.2818,0.0,100000,311500.0,760000.0,7845.0,-186.0,-2231.0,-0.0072,0.98,0.9355,919050.0,-3.26,9314.0,10714.0,-13.07,1140000.0,912000.0,152000.0,159500.0,-1755.0,0.41,1131465.0,1271314.0,1701305.0,257749.0,690186.0,581128.0,391128.0,39980.0,297729.0,0.9558,0.1436,0.295,1,20,0.6,0.0,1.0847,0.0,50.0,50.0,35.0,0,64.5,0.0,25.2,0.0,90.5,48.8,90,33.9,170
sale,3 Bedroom House,2890000,3,2,349 m²,"Mission Street, Olive Place 2",Malmesbury Rural,Malmesbury,https://www.property24.com/for-sale/malmesbury-rural/malmesbury/western-cape/16580/116959444,,,"EXCLUSIVE SOLE MANDATE
Situated in the sought-after town of Malmesbury, this ...",,https://images.prop24.com/350420434/Ensure264x153,7500,90000,3.11,False,mandate,16250.0,195000.0,rental_suburb,400,1806.0,3612.0,0.0,1200,95175.0,0.0329,6.75,14.82,0.56,0.4319,98400.0,50000,747900.0,2312000.0,23864.0,-15933.0,-191195.0,-0.2556,0.33,1.9005,906429.0,-68.64,8281.0,9845.0,-15.89,3468000.0,2774400.0,462400.0,285500.0,-20706.0,-0.93,3442036.0,3867472.0,5175550.0,784098.0,2099618.0,1767854.0,1189854.0,-905388.0,-121290.0,-0.1622,-0.0348,0.1273,2,8,0.38,0.15,0.4913,0.0,50.0,73.0,39.6,30,22.0,0.0,0.0,0.0,71.1,61.8,80,33.8,171
sale,3 Bedroom House,2350000,3,2,,Garden Village,Garden Village,Malmesbury,https://www.property24.com/for-sale/garden-village/malmesbury/western-cape/12934/117065003,,,"Exclusively marketed.

The property features 3 generously sized bedrooms and 2 bathrooms, including a main en-suite for added ...",,https://images.prop24.com/190959453/Ensure264x153,7500,90000,3.83,False,,15000.0,180000.0,rental_area_q1,400,1469.0,2938.0,0.0,1200,93525.0,0.0398,7.66,13.06,0.64,0.4004,55200.0,50000,596700.0,1880000.0,19405.0,-11611.0,-139337.0,-0.2335,0.4,1.6941,890714.0,-62.1,,3604.0,,2820000.0,2256000.0,376000.0,220700.0,-15492.0,-0.79,2798888.0,3144830.0,4208492.0,637589.0,1707302.0,1437528.0,967528.0,-646373.0,-8785.0,-0.0147,-0.003,0.1567,0,2,0.0,,0.2685,0.0,50.0,73.0,39.6,0,26.5,0.0,0.0,0.0,76.5,63.0,100,33.8,172
sale,1 Bedroom Apartment,1070000,1,1,35 m²,La Colline,La Colline,Stellenbosch,https://www.property24.com/for-sale/la-colline/stellenbosch/western-cape/8537/116428725,,,Exclusive Sole mandate. Cosy one-bedroom apartment with open plan kitchen and living area. East facing living room and bedroom. One ...,,https://images.prop24.com/186075711/Ensure264x153,8500,102000,9.53,True,mandate,8000.0,96000.0,rental_suburb,600,669.0,1338.0,0.0,1200,42645.0,0.0399,8.97,11.15,0.75,0.4758,0.0,100000,335500.0,856000.0,8836.0,-5282.0,-63381.0,-0.1889,0.4,1.5802,533062.0,-50.18,30571.0,51124.0,-40.2,1284000.0,1027200.0,171200.0,164300.0,-7049.0,-0.64,1274387.0,1431901.0,1916207.0,290306.0,777367.0,654534.0,440534.0,-294684.0,-4378.0,-0.013,-0.0026,0.1271,3,56,0.14,0.39,0.3779,9.5,50.0,50.0,37.9,30,26.6,0.0,0.0,0.0,89.3,51.0,70,33.8,173
sale,1 Bedroom Apartment,2620000,1,1,,Universiteitsoord,Universiteitsoord,Stellenbosch,https://www.property24.com/for-sale/universiteitsoord/stellenbosch/western-cape/8545/116172134,,,"Studiovijf: Premium Student Living in UniversiteitsoordSet within lush, landscaped gardens, Studiovijf offers upscale, sustainable ...",,https://images.prop24.com/100958998/Ensure264x153,8500,102000,3.89,False,,10870.0,130440.0,rental_suburb,600,1638.0,3275.0,0.0,1200,39455.0,0.0151,4.98,20.09,0.41,0.6175,76800.0,50000,672300.0,2096000.0,21635.0,-18347.0,-220161.0,-0.3275,0.15,2.6078,493185.0,-81.18,,104569.0,,3144000.0,2515200.0,419200.0,253100.0,-22674.0,-1.35,3120462.0,3506151.0,4692021.0,710843.0,1903460.0,1602691.0,1078691.0,-1082390.0,-371547.0,-0.5527,-0.1486,0.0587,2,5,0.4,0.29,0.0842,17.2,50.0,50.0,40.2,0,10.0,0.0,0.0,0.0,73.8,62.4,80,33.8,174
sale,2 Bedroom Apartment,1995000,2,1,48 m²,79 Bird Street,Dennesig,Stellenbosch,https://www.property24.com/for-sale/dennesig/stellenbosch/western-cape/8529/116961532,,,"Sole Mandate
Spacious, light student apartment located within 500m from Stellenbosch ...",,https://images.prop24.com/256559818/Ensure264x153,12000,144000,7.22,False,mandate,20000.0,240000.0,rental_suburb,600,1247.0,2494.0,0.0,1200,154312.0,0.0773,12.03,8.31,1.0,0.277,33486.0,50000,503986.0,1596000.0,16474.0,-3614.0,-43372.0,-0.0861,0.78,1.1007,1928906.0,-3.31,41562.0,73641.0,-43.56,2394000.0,1915200.0,319200.0,184786.0,-6909.0,0.08,2376077.0,2669760.0,3572741.0,541272.0,1449390.0,1220370.0,821370.0,-130915.0,410357.0,0.8142,0.1265,0.3062,1,14,0.21,0.0,0.2863,0.0,50.0,50.0,35.0,30,51.6,0.0,0.0,0.0,80.0,63.3,90,33.7,175
sale,1 Bedroom Townhouse,1500000,1,1,265 m²,Sending Street 4,Riebeek West,Riebeek Valley,https://www.property24.com/for-sale/riebeek-west/riebeek-valley/western-cape/7910/116997504,,,"SOLE MANDATE  This beautiful, fully furnished cottage is situated in Riebeek West and ...",,https://images.prop24.com/185178535/Ensure264x153,5000,60000,4.0,False,mandate,14000.0,168000.0,rental_suburb,350,938.0,1875.0,0.0,1200,102210.0,0.0681,11.2,8.93,0.93,0.3116,8700.0,50000,380200.0,1200000.0,12386.0,-3869.0,-46425.0,-0.1221,0.69,1.1963,1135667.0,-24.29,5660.0,5483.0,3.23,1800000.0,1440000.0,240000.0,140200.0,-6346.0,-0.13,1786524.0,2007338.0,2686272.0,406971.0,1089767.0,917571.0,617571.0,-175664.0,231307.0,0.6084,0.0997,0.2688,1,15,0.2,0.0,0.5219,0.0,50.0,50.0,35.0,30,45.4,0.0,0.0,0.0,85.0,63.1,90,33.7,176
sale,1 Bedroom Townhouse,1500000,1,1,265 m²,Sending Street 4,Riebeek West,Riebeek Valley,https://www.property24.com/for-sale/riebeek-west/riebeek-valley/western-cape/7910/116832018,,,"SOLE MANDATE  This beautiful, fully furnished cottage is situated in Riebeek West and ...",,https://images.prop24.com/185178535/Ensure264x153,5000,60000,4.0,False,mandate,14000.0,168000.0,rental_suburb,350,938.0,1875.0,0.0,1200,102210.0,0.0681,11.2,8.93,0.93,0.3116,8700.0,50000,380200.0,1200000.0,12386.0,-3869.0,-46425.0,-0.1221,0.69,1.1963,1135667.0,-24.29,5660.0,5483.0,3.23,1800000.0,1440000.0,240000.0,140200.0,-6346.0,-0.13,1786524.0,2007338.0,2686272.0,406971.0,1089767.0,917571.0,617571.0,-175664.0,231307.0,0.6084,0.0997,0.2688,1,15,0.2,0.0,0.5219,0.0,50.0,50.0,35.0,30,45.4,0.0,0.0,0.0,85.0,63.1,90,33.7,177
sale,3 Bedroom House,1195000,3,1,552 m²,Bergsig,Bergsig,Worcester,https://www.property24.com/for-sale/bergsig/worcester/western-cape/7617/116898033,,,"EXCLUSIVE SOLE MANDATE 

This three-bedroom, one-bathroom home sits on a spacious erf and includes a separate garage. 

It is securely ...",,https://images.prop24.com/317418390/Ensure264x153,7000,84000,7.03,False,mandate,12500.0,150000.0,rental_suburb,400,747.0,1494.0,0.0,1200,91912.0,0.0769,12.55,7.97,1.05,0.3073,0.0,100000,360500.0,956000.0,9868.0,-2208.0,-26500.0,-0.0735,0.78,1.0967,919125.0,-23.09,2165.0,2165.0,0.0,1434000.0,1147200.0,191200.0,169300.0,-4182.0,0.06,1423264.0,1599180.0,2140063.0,324221.0,868181.0,730998.0,491998.0,-81672.0,242548.0,0.6728,0.1084,0.255,1,2,0.5,0.0,0.0,0.0,50.0,50.0,35.0,30,51.3,0.0,0.0,0.0,88.1,53.0,90,33.6,178
sale,3 Bedroom House,1195000,3,1,552 m²,Bergsig,Bergsig,Worcester,https://www.property24.com/for-sale/bergsig/worcester/western-cape/7617/116645397,,,"EXCLUSIVE SOLE MANDATE 

This three-bedroom, one-bathroom home sits on a spacious erf and includes a separate garage. 

It is securely ...",,https://images.prop24.com/317418390/Ensure264x153,7000,84000,7.03,False,mandate,12500.0,150000.0,rental_suburb,400,747.0,1494.0,0.0,1200,91912.0,0.0769,12.55,7.97,1.05,0.3073,0.0,100000,360500.0,956000.0,9868.0,-2208.0,-26500.0,-0.0735,0.78,1.0967,919125.0,-23.09,2165.0,2165.0,0.0,1434000.0,1147200.0,191200.0,169300.0,-4182.0,0.06,1423264.0,1599180.0,2140063.0,324221.0,868181.0,730998.0,491998.0,-81672.0,242548.0,0.6728,0.1084,0.255,1,2,0.5,0.0,0.0,0.0,50.0,50.0,35.0,30,51.3,0.0,0.0,0.0,88.1,53.0,90,33.6,179
sale,3 Bedroom House,2590000,3,1,,Doornkuil,Doornkuil,Malmesbury,https://www.property24.com/for-sale/doornkuil/malmesbury/western-cape/32915/116353056,,,"Unlock the full potential of this rare offering: a charming heritage home set on its own plot, accompanied by two adjacent open ...",,https://images.prop24.com/190959453/Ensure264x153,7500,90000,3.47,False,,15000.0,180000.0,rental_area_q1,400,1619.0,3238.0,0.0,1200,88125.0,0.034,6.95,14.39,0.58,0.4304,74400.0,50000,663900.0,2072000.0,21387.0,-14043.0,-168518.0,-0.2538,0.34,1.8562,839286.0,-67.6,,,,3108000.0,2486400.0,414400.0,249500.0,-18321.0,-0.91,3084731.0,3466004.0,4638296.0,702704.0,1881665.0,1584340.0,1066340.0,-795722.0,-93018.0,-0.1401,-0.0297,0.1327,0,1,1.0,,,0.0,50.0,73.0,39.6,0,22.7,0.0,0.0,0.0,74.1,62.4,100,33.5,180
sale,1 Bedroom Apartment,2900000,1,1,26 m²,Universiteitsoord,Universiteitsoord,Stellenbosch,https://www.property24.com/for-sale/universiteitsoord/stellenbosch/western-cape/8545/116801417?plId=2345271&plt=4,,,"Step into comfortable, modern living with this warm and inviting bachelor apartment in Universiteitsoord, where thoughtful design meets a vibrant lifestyle. 

This stylish open-plan apartment offers a seamless blend of living ...",,https://images.prop24.com/332501863/Ensure528x153,8500,102000,3.52,False,,10870.0,130440.0,rental_suburb,600,1812.0,3625.0,0.0,1200,33155.0,0.0114,4.5,22.23,0.37,0.6658,99200.0,50000,750700.0,2320000.0,23947.0,-21184.0,-254206.0,-0.3386,0.12,2.8688,414435.0,-85.71,111538.0,104569.0,6.66,3480000.0,2784000.0,464000.0,286700.0,-25973.0,-1.42,3453946.0,3880854.0,5193458.0,786811.0,2106883.0,1773971.0,1193971.0,-1256630.0,-469819.0,-0.6258,-0.1785,0.0442,2,5,0.4,0.29,0.0842,17.2,50.0,50.0,40.2,0,7.6,0.0,0.0,0.0,71.0,61.8,80,33.5,181
sale,2 Bedroom Apartment,1700000,2,1,39 m²,Melrose Square,Stellenbosch Central,Stellenbosch,https://www.property24.com/for-sale/stellenbosch-central/stellenbosch/western-cape/8566/116415407,,,"SOLE MANDATE AGENT

Ultra-modern partly furnished well-spaced two-bedroom apartment ...",,https://images.prop24.com/256559818/Ensure264x153,12000,144000,8.47,True,mandate,17000.0,204000.0,rental_suburb,600,1062.0,2125.0,0.0,1200,127830.0,0.0752,12.0,8.33,1.0,0.2934,15786.0,50000,427286.0,1360000.0,14038.0,-3385.0,-40623.0,-0.0951,0.76,1.1191,1597875.0,-6.01,43590.0,55882.0,-22.0,2040000.0,1632000.0,272000.0,155286.0,-6193.0,0.03,2024727.0,2274983.0,3044441.0,461234.0,1235070.0,1039914.0,699914.0,-132187.0,329048.0,0.7701,0.121,0.2992,16,87,0.54,0.99,0.4083,16.1,50.0,50.0,39.8,30,50.1,0.0,0.0,0.0,83.0,63.7,0,33.5,182
sale,3 Bedroom Apartment,1195000,3,1,,73 Baring Street,Worcester Central,Worcester,https://www.property24.com/for-sale/worcester-central/worcester/western-cape/8860/116867165,,,"EXCLUSIVE SOLE MANDATE

This very spacious ground-level apartment offers three ...",,https://images.prop24.com/319767968/Ensure264x153,7000,84000,7.03,False,mandate,12000.0,144000.0,rental_suburb,400,747.0,1494.0,0.0,1200,86392.0,0.0723,12.05,8.3,1.0,0.3201,0.0,100000,360500.0,956000.0,9868.0,-2668.0,-32020.0,-0.0888,0.73,1.1424,863925.0,-27.71,,10714.0,,1434000.0,1147200.0,191200.0,169300.0,-4642.0,-0.03,1423264.0,1599180.0,2140063.0,324221.0,868181.0,730998.0,491998.0,-112480.0,211741.0,0.5874,0.0968,0.2396,1,20,0.6,0.0,1.0847,0.0,50.0,50.0,35.0,30,48.2,0.0,0.0,0.0,88.1,53.0,90,33.5,183
sale,2 Bedroom House,530000,2,1,333 m²,Montagu,Montagu,Montagu,https://www.property24.com/for-sale/montagu/montagu/western-cape/7595/116460222,,,"Sole Mandate

Escape to the renowned Montagu Springs Resort in the heart of Montagu, Western Cape – the ideal destination for a relaxed ...",,https://images.prop24.com/179603478/Ensure264x153,6000,72000,13.58,True,mandate,5830.0,69960.0,csv_estimate,250,331.0,662.0,0.0,1200,35038.0,0.0661,13.2,7.58,1.1,0.4192,0.0,80000,207500.0,424000.0,4376.0,-1457.0,-17480.0,-0.0842,0.67,1.1699,350382.0,-33.89,1592.0,3921.0,-59.4,636000.0,508800.0,84800.0,122700.0,-2332.0,-0.12,631238.0,709260.0,949149.0,143797.0,385051.0,324208.0,218208.0,-68680.0,75117.0,0.362,0.0637,0.1689,0,21,0.0,,0.529,0.0,50.0,50.0,35.0,30,44.1,0.0,0.0,0.0,94.7,40.9,100,33.5,184
sale,3 Bedroom House,2669900,3,1,239 m²,Klipfontein AH,Klipfontein AH,Malmesbury,https://www.property24.com/for-sale/klipfontein-ah/malmesbury/western-cape/15988/116391478,,,"Welcome to Klippenwag, a distinguished haven nestled within the prestigious Klipfontein Country Estate. This beautifully designed ...",,https://images.prop24.com/244520442/Ensure264x153,7500,90000,3.37,False,,15000.0,180000.0,rental_area_q1,400,1669.0,3337.0,0.0,1200,86327.0,0.0323,6.74,14.83,0.56,0.4404,80792.0,50000,686272.0,2135920.0,22047.0,-14853.0,-178233.0,-0.2597,0.33,1.9102,822164.0,-69.21,11171.0,10979.0,1.75,3203880.0,2563104.0,427184.0,259088.0,-19262.0,-0.95,3179894.0,3572928.0,4781384.0,724382.0,1939713.0,1633215.0,1099235.0,-845442.0,-121060.0,-0.1764,-0.0381,0.1258,0,6,0.0,,0.1031,0.0,50.0,73.0,39.6,0,21.6,0.0,0.0,0.0,73.3,62.2,100,33.4,185
sale,3 Bedroom House,2669900,3,1,240 m²,Klipfontein AH,Klipfontein AH,Malmesbury,https://www.property24.com/for-sale/klipfontein-ah/malmesbury/western-cape/15988/115752981,,,"Type 1A 

Welcome to Klipfontein Country Estate, where resort-style living meets the comfort of your forever home. Nestled in the ...",,https://images.prop24.com/82629464/Ensure264x153,7500,90000,3.37,False,,15000.0,180000.0,rental_area_q1,400,1669.0,3337.0,0.0,1200,86327.0,0.0323,6.74,14.83,0.56,0.4404,80792.0,50000,686272.0,2135920.0,22047.0,-14853.0,-178233.0,-0.2597,0.33,1.9102,822164.0,-69.21,11125.0,10979.0,1.33,3203880.0,2563104.0,427184.0,259088.0,-19262.0,-0.95,3179894.0,3572928.0,4781384.0,724382.0,1939713.0,1633215.0,1099235.0,-845442.0,-121060.0,-0.1764,-0.0381,0.1258,0,6,0.0,,0.1031,0.0,50.0,73.0,39.6,0,21.6,0.0,0.0,0.0,73.3,62.2,100,33.4,186
sale,2 Bedroom Apartment,1350000,2,1,48 m²,La Colline,La Colline,Stellenbosch,https://www.property24.com/for-sale/la-colline/stellenbosch/western-cape/8537/116978463,,,Sole mandate -  We present a two bedroom apartment in Prinspark that is an exceptional opportunity for first time buyers and investors. ...,,https://images.prop24.com/374927526/Crop600x400,12000,144000,10.67,True,mandate,10000.0,120000.0,rental_suburb,600,844.0,1688.0,0.0,1200,58425.0,0.0433,8.89,11.25,0.74,0.4331,4200.0,50000,345700.0,1080000.0,11148.0,-6279.0,-75347.0,-0.218,0.44,1.5479,730312.0,-45.9,28125.0,51124.0,-44.99,1620000.0,1296000.0,216000.0,129700.0,-8508.0,-0.7,1607872.0,1806605.0,2417644.0,366274.0,980790.0,825814.0,555814.0,-345694.0,20581.0,0.0595,0.0116,0.169,5,56,0.14,0.73,0.3779,9.5,50.0,50.0,37.9,30,28.9,0.0,0.0,0.0,86.5,62.5,50,33.4,187
sale,3 Bedroom House,2995000,3,3,280 m²,Aan de Wijnlanden,Aan de Wijnlanden,Stellenbosch,https://www.property24.com/for-sale/aan-de-wijnlanden/stellenbosch/western-cape/17617/116929831,,,"Exclusive Sole Mandate. Set within one of the region’s most desirable lifestyle estates, this beautifully maintained home offers the ...",,,12000,144000,4.81,False,mandate,6500.0,78000.0,rental_area_q1,600,1872.0,3744.0,0.0,1200,-17228.0,-0.0058,2.6,38.4,0.22,1.1409,106806.0,50000,777306.0,2396000.0,24731.0,-26167.0,-314002.0,-0.404,-0.06,4.9457,-215344.0,-107.19,10696.0,14384.0,-25.64,3594000.0,2875200.0,479200.0,298106.0,-31113.0,-1.8,3567093.0,4007986.0,5363589.0,812586.0,2175902.0,1832084.0,1233084.0,-1585006.0,-772419.0,-0.9937,-0.6372,-0.0222,0,32,0.16,,0.5383,9.6,50.0,50.0,37.9,30,-3.8,0.0,0.0,0.0,70.0,61.6,100,33.4,188
sale,3 Bedroom House,2100000,3,2,178 m²,Stellenbosch Central,Stellenbosch Central,Stellenbosch,https://www.property24.com/for-sale/stellenbosch-central/stellenbosch/western-cape/8566/117015144,,,"Vacant Plot with Approved Building Plans – Voliere Estate

This is a fantastic opportunity to secure a 178m2 vacant plot with approved ...",,https://images.prop24.com/242461081/Ensure264x153,12000,144000,6.86,False,,10000.0,120000.0,rental_suburb,600,1312.0,2625.0,0.0,1200,41550.0,0.0198,5.71,17.5,0.48,0.5737,39786.0,50000,531286.0,1680000.0,17341.0,-13878.0,-166539.0,-0.3135,0.2,2.3078,519375.0,-75.27,11798.0,55882.0,-78.89,2520000.0,2016000.0,336000.0,195286.0,-17346.0,-1.26,2501134.0,2810274.0,3760780.0,569760.0,1525674.0,1284600.0,864600.0,-812407.0,-242647.0,-0.4567,-0.1149,0.0782,3,87,0.54,0.4,0.4083,16.1,50.0,50.0,39.8,0,13.2,0.0,0.0,0.0,79.0,63.2,70,33.4,189
sale,2 Bedroom Apartment,1350000,2,1,50 m²,La Colline,La Colline,Stellenbosch,https://www.property24.com/for-sale/la-colline/stellenbosch/western-cape/8537/116430676,,,"Exclusive Sole mandate. Located in the sought-after Prinspark, this apartment is ideal for students, first-time buyers, or investors. ...",,https://images.prop24.com/186075711/Ensure264x153,12000,144000,10.67,True,mandate,10000.0,120000.0,rental_suburb,600,844.0,1688.0,0.0,1200,58425.0,0.0433,8.89,11.25,0.74,0.4331,4200.0,50000,345700.0,1080000.0,11148.0,-6279.0,-75347.0,-0.218,0.44,1.5479,730312.0,-45.9,27000.0,51124.0,-47.19,1620000.0,1296000.0,216000.0,129700.0,-8508.0,-0.7,1607872.0,1806605.0,2417644.0,366274.0,980790.0,825814.0,555814.0,-345694.0,20581.0,0.0595,0.0116,0.169,5,56,0.14,0.73,0.3779,9.5,50.0,50.0,37.9,30,28.9,0.0,0.0,0.0,86.5,62.5,50,33.4,190
sale,2 Bedroom Apartment,1895000,2,2,67 m²,Silwerstrand Golf And River Estate,Silwerstrand Golf And River Estate,Robertson,https://www.property24.com/for-sale/silwerstrand-golf-and-river-estate/robertson/western-cape/12920/116860085,,,"Exclusive sole mandate!

Direct from developer - deposit to secure registration november 2026!

Investment opportunity - these units ...",,https://images.prop24.com/179603478/Ensure264x153,6000,72000,3.8,False,mandate,16500.0,198000.0,rental_suburb,300,1184.0,2369.0,0.0,1200,121522.0,0.0641,10.45,9.57,0.87,0.3063,27486.0,50000,477986.0,1516000.0,15648.0,-5521.0,-66253.0,-0.1386,0.65,1.2546,1215225.0,-35.87,28284.0,21701.0,30.33,2274000.0,1819200.0,303200.0,174786.0,-8651.0,-0.23,2256975.0,2535937.0,3393656.0,514141.0,1376739.0,1159198.0,780198.0,-264046.0,250094.0,0.5232,0.0878,0.2542,1,10,0.1,0.0,0.4149,0.0,50.0,50.0,35.0,30,42.8,0.0,0.0,0.0,81.0,63.4,90,33.4,191
sale,Vacant Land,1250000,1,0,384 m²,2 Morse Close,Mount Royal Golf Estate,Malmesbury,https://www.property24.com/for-sale/mount-royal-golf-estate/malmesbury/western-cape/12932/116806236,,,The Developer is offering a limited number of only 20 x full title designer homes in the ...,,https://images.prop24.com/336182789/Ensure264x153,5500,66000,5.28,False,,5300.0,63600.0,rental_area_q1,400,781.0,1562.0,0.0,1200,11187.0,0.0089,5.09,19.65,0.42,0.7441,1200.0,50000,322700.0,1000000.0,10322.0,-9390.0,-112676.0,-0.3492,0.09,2.6916,106543.0,-91.48,3255.0,9082.0,-64.16,1500000.0,1200000.0,200000.0,122700.0,-11454.0,-1.48,1488770.0,1672782.0,2238560.0,339143.0,908139.0,764643.0,514643.0,-559528.0,-220385.0,-0.6829,-0.2053,0.0347,0,14,0.0,,0.4082,0.0,50.0,73.0,39.6,0,6.0,0.0,0.0,0.0,87.5,62.0,100,33.3,192
sale,2 Bedroom Apartment,1800000,2,1,66 m²,Stellenbosch Central,Stellenbosch Central,Stellenbosch,https://www.property24.com/for-sale/stellenbosch-central/stellenbosch/western-cape/8566/116822930,,,"EXCLUSIVE SOLE MANDATE
Situated only 3 km from Central Stellenbosch, this much sought after modern apartment boasts two spacious ...",,https://images.prop24.com/242461081/Ensure264x153,12000,144000,8.0,True,mandate,17000.0,204000.0,rental_suburb,600,1125.0,2250.0,0.0,1200,125580.0,0.0698,11.33,8.82,0.94,0.3044,21786.0,50000,453286.0,1440000.0,14864.0,-4399.0,-52782.0,-0.1164,0.7,1.1787,1569750.0,-12.79,27273.0,55882.0,-51.2,2160000.0,1728000.0,288000.0,165286.0,-7371.0,-0.09,2143829.0,2408806.0,3223526.0,488366.0,1307721.0,1101085.0,741085.0,-194415.0,293951.0,0.6485,0.1051,0.277,16,87,0.54,0.99,0.4083,16.1,50.0,50.0,39.8,30,46.5,0.0,0.0,0.0,82.0,63.5,0,33.3,193
sale,2 Bedroom Townhouse,2850000,2,2,125 m²,"Stellenoord, Tarentaal Straat",Onder Papegaaiberg,Stellenbosch,https://www.property24.com/for-sale/onder-papegaaiberg/stellenbosch/western-cape/8539/116997569,,,"Townhouse for sale in a Retirement Village in Stellenbosch.

This immaculate townhouse ...",,,12000,144000,5.05,False,,14000.0,168000.0,rental_area_q1,600,1781.0,3562.0,0.0,1200,68835.0,0.0242,5.89,16.96,0.49,0.5103,95200.0,50000,736700.0,2280000.0,23534.0,-17798.0,-213572.0,-0.2899,0.24,2.1913,860438.0,-69.81,22800.0,33333.0,-31.6,3420000.0,2736000.0,456000.0,280700.0,-22504.0,-1.13,3394396.0,3813943.0,5103916.0,773246.0,2070558.0,1743385.0,1173385.0,-1032660.0,-259414.0,-0.3521,-0.0832,0.0934,0,7,0.29,,0.3646,10.3,50.0,50.0,38.1,0,16.1,0.0,0.0,0.0,71.5,61.9,100,33.2,194
sale,2 Bedroom Apartment,1995000,2,2,67 m²,7885 Silwerstrand,Silwerstrand Golf And River Estate,Robertson,https://www.property24.com/for-sale/silwerstrand-golf-and-river-estate/robertson/western-cape/12920/116898033,,,"Exclusive sole mandate!

Direct from developer - deposit to secure registration november ...",,https://images.prop24.com/179603478/Ensure264x153,6000,72000,3.61,False,mandate,16500.0,198000.0,rental_suburb,300,1247.0,2494.0,0.0,1200,119272.0,0.0598,9.92,10.08,0.83,0.3176,33486.0,50000,503986.0,1596000.0,16474.0,-6534.0,-78412.0,-0.1556,0.6,1.316,1192725.0,-40.21,29776.0,21701.0,37.21,2394000.0,1915200.0,319200.0,184786.0,-9829.0,-0.33,2376077.0,2669760.0,3572741.0,541272.0,1449390.0,1220370.0,821370.0,-326275.0,214997.0,0.4266,0.0736,0.2367,1,10,0.1,0.0,0.4149,0.0,50.0,50.0,35.0,30,39.9,0.0,0.0,0.0,80.0,63.3,90,33.2,195
sale,2 Bedroom Apartment,1995000,2,2,67 m²,7885 Silwerstrand,Silwerstrand Golf And River Estate,Robertson,https://www.property24.com/for-sale/silwerstrand-golf-and-river-estate/robertson/western-cape/12920/116983607,,,"Exclusive sole mandate!

Direct from developer - deposit to secure registration november ...",,https://images.prop24.com/179603478/Ensure264x153,6000,72000,3.61,False,mandate,16500.0,198000.0,rental_suburb,300,1247.0,2494.0,0.0,1200,119272.0,0.0598,9.92,10.08,0.83,0.3176,33486.0,50000,503986.0,1596000.0,16474.0,-6534.0,-78412.0,-0.1556,0.6,1.316,1192725.0,-40.21,29776.0,21701.0,37.21,2394000.0,1915200.0,319200.0,184786.0,-9829.0,-0.33,2376077.0,2669760.0,3572741.0,541272.0,1449390.0,1220370.0,821370.0,-326275.0,214997.0,0.4266,0.0736,0.2367,1,10,0.1,0.0,0.4149,0.0,50.0,50.0,35.0,30,39.9,0.0,0.0,0.0,80.0,63.3,90,33.2,196
sale,2 Bedroom Apartment,1995000,2,2,67 m²,7885 Robertson,Silwerstrand Golf And River Estate,Robertson,https://www.property24.com/for-sale/silwerstrand-golf-and-river-estate/robertson/western-cape/12920/116792862,,,"Exclusive sole mandate!

Direct from developer - deposit to secure registration november ...",,https://images.prop24.com/179603478/Ensure264x153,6000,72000,3.61,False,mandate,16500.0,198000.0,rental_suburb,300,1247.0,2494.0,0.0,1200,119272.0,0.0598,9.92,10.08,0.83,0.3176,33486.0,50000,503986.0,1596000.0,16474.0,-6534.0,-78412.0,-0.1556,0.6,1.316,1192725.0,-40.21,29776.0,21701.0,37.21,2394000.0,1915200.0,319200.0,184786.0,-9829.0,-0.33,2376077.0,2669760.0,3572741.0,541272.0,1449390.0,1220370.0,821370.0,-326275.0,214997.0,0.4266,0.0736,0.2367,1,10,0.1,0.0,0.4149,0.0,50.0,50.0,35.0,30,39.9,0.0,0.0,0.0,80.0,63.3,90,33.2,197
sale,2 Bedroom Apartment,1995000,2,2,67 m²,7217 Silwerstrand Road,Silwerstrand Golf And River Estate,Robertson,https://www.property24.com/for-sale/silwerstrand-golf-and-river-estate/robertson/western-cape/12920/115844684,,,"Exclusive sole mandate!

Direct from developer - deposit to secure registration only ...",,https://images.prop24.com/179603478/Ensure264x153,6000,72000,3.61,False,mandate,16500.0,198000.0,rental_suburb,300,1247.0,2494.0,0.0,1200,119272.0,0.0598,9.92,10.08,0.83,0.3176,33486.0,50000,503986.0,1596000.0,16474.0,-6534.0,-78412.0,-0.1556,0.6,1.316,1192725.0,-40.21,29776.0,21701.0,37.21,2394000.0,1915200.0,319200.0,184786.0,-9829.0,-0.33,2376077.0,2669760.0,3572741.0,541272.0,1449390.0,1220370.0,821370.0,-326275.0,214997.0,0.4266,0.0736,0.2367,1,10,0.1,0.0,0.4149,0.0,50.0,50.0,35.0,30,39.9,0.0,0.0,0.0,80.0,63.3,90,33.2,198
sale,3 Bedroom House,2895000,3,2,324 m²,Fonteine Retirement Village,Fonteine Retirement Village,Malmesbury,https://www.property24.com/for-sale/fonteine-retirement-village/malmesbury/western-cape/32913/116812859,,,"**Sole and Exclusive Mandate** Agents are welcome to contact the agent and bring client

This beautifully maintained 3-bedroom ...",,https://images.prop24.com/336182789/Ensure264x153,7500,90000,3.11,False,,15000.0,180000.0,rental_area_q1,400,1809.0,3619.0,0.0,1200,81262.0,0.0281,6.22,16.08,0.52,0.4685,98800.0,50000,749300.0,2316000.0,23905.0,-17134.0,-205603.0,-0.2744,0.28,2.0622,773929.0,-73.27,8935.0,10408.0,-14.15,3474000.0,2779200.0,463200.0,286100.0,-21915.0,-1.04,3447991.0,3874163.0,5184504.0,785455.0,2103251.0,1770912.0,1191912.0,-985519.0,-200064.0,-0.267,-0.0602,0.1085,0,2,0.0,,0.105,0.0,50.0,73.0,39.6,0,18.7,0.0,0.0,0.0,71.0,61.8,100,33.1,199
sale,2 Bedroom House,1740000,2,1,327 m²,Bergzicht,Bergzicht,Malmesbury,https://www.property24.com/for-sale/bergzicht/malmesbury/western-cape/7896/116718081,,,"Exclusive Mandate | Theresa’s Properties 

This charming 2-bedroom home is situated in the quiet neighbourhood of Bergzicht ...",,https://images.prop24.com/82629464/Ensure264x153,7500,90000,5.17,False,,9000.0,108000.0,rental_suburb,400,1088.0,2175.0,0.0,1200,41010.0,0.0236,6.21,16.11,0.52,0.5403,18186.0,50000,437686.0,1392000.0,14368.0,-10951.0,-131407.0,-0.3002,0.24,2.1367,390571.0,-77.55,5321.0,5122.0,3.88,2088000.0,1670400.0,278400.0,159286.0,-13824.0,-1.18,2072368.0,2328513.0,3116075.0,472087.0,1264130.0,1064383.0,716383.0,-636471.0,-164384.0,-0.3756,-0.0899,0.0937,1,5,0.8,0.0,0.3685,0.0,50.0,73.0,39.6,0,15.7,0.0,0.0,0.0,82.6,63.6,90,33.1,200
sale,3 Bedroom House,2939900,3,2,260 m²,Klipfontein AH,Klipfontein AH,Malmesbury,https://www.property24.com/for-sale/klipfontein-ah/malmesbury/western-cape/15988/115753421,,,"Type 2A 

Welcome to Klipfontein Country Estate, where luxurious living meets tranquility. Presenting Klippenwag, our latest ...",,https://images.prop24.com/82629464/Ensure264x153,7500,90000,3.06,False,,15000.0,180000.0,rental_area_q1,400,1837.0,3675.0,0.0,1200,80252.0,0.0273,6.12,16.33,0.51,0.4742,102392.0,50000,761872.0,2351920.0,24276.0,-17589.0,-211063.0,-0.277,0.28,2.0926,764307.0,-74.0,11307.0,10979.0,2.99,3527880.0,2822304.0,470384.0,291488.0,-22444.0,-1.06,3501468.0,3934249.0,5264913.0,797637.0,2135871.0,1798378.0,1210398.0,-1013459.0,-215822.0,-0.2833,-0.0644,0.1053,0,6,0.0,,0.1031,0.0,50.0,73.0,39.6,0,18.2,0.0,0.0,0.0,70.6,61.7,100,33.1,201
sale,3 Bedroom House,2950000,3,2,884 m²,Amandelrug,Amandelrug,Malmesbury,https://www.property24.com/for-sale/amandelrug/malmesbury/western-cape/7895/116837712,,,"EXCLUSIVE MANDATE: THERESA`S PROPERTIES 

This spacious and well-equipped family home is situated in the popular Amandelrug area of ...",,https://images.prop24.com/82629464/Ensure264x153,7500,90000,3.05,False,,15000.0,180000.0,rental_area_q1,400,1844.0,3688.0,0.0,1200,80025.0,0.0271,6.1,16.39,0.51,0.4754,103200.0,50000,764700.0,2360000.0,24360.0,-17691.0,-212291.0,-0.2776,0.27,2.0994,762143.0,-74.16,3337.0,3337.0,0.0,3540000.0,2832000.0,472000.0,292700.0,-22563.0,-1.06,3513497.0,3947765.0,5283001.0,800377.0,2143209.0,1804557.0,1214557.0,-1019744.0,-219367.0,-0.2869,-0.0654,0.1046,0,1,3.0,,,0.0,50.0,73.0,39.6,0,18.1,0.0,0.0,0.0,70.5,61.7,100,33.0,202
sale,2 Bedroom Apartment,1500000,2,1,68 m²,Tafelzicht,Tafelzicht,Malmesbury,https://www.property24.com/for-sale/tafelzicht/malmesbury/western-cape/7901/117006545,,,"Discover the perfect blend of comfort, convenience, and modern living with this stylish 2-bedroom apartment located in the growing town ...",,https://images.prop24.com/244520442/Ensure264x153,7500,90000,6.0,False,,9000.0,108000.0,rental_area_q1,400,938.0,1875.0,0.0,1200,46410.0,0.0309,7.2,13.89,0.6,0.4903,8700.0,50000,380200.0,1200000.0,12386.0,-8519.0,-102225.0,-0.2689,0.31,1.8665,442000.0,-70.53,22059.0,28448.0,-22.46,1800000.0,1440000.0,240000.0,140200.0,-10996.0,-1.0,1786524.0,2007338.0,2686272.0,406971.0,1089767.0,917571.0,617571.0,-487123.0,-80151.0,-0.2108,-0.0462,0.1221,0,7,0.14,,0.2827,0.0,46.0,73.0,37.6,0,20.6,0.0,0.0,0.0,85.0,63.1,100,33.0,203
sale,2 Bedroom House,2950000,2,2,189 m²,Onder Papegaaiberg,Onder Papegaaiberg,Stellenbosch,https://www.property24.com/for-sale/onder-papegaaiberg/stellenbosch/western-cape/8539/116963995,,,Are you looking for a relaxing and peaceful place to call home? Look no further! Our modern-bedroom townhouse is located in a beautiful ...,,https://images.prop24.com/100958998/Ensure264x153,12000,144000,4.88,False,,14000.0,168000.0,rental_area_q1,600,1844.0,3688.0,0.0,1200,66585.0,0.0226,5.69,17.56,0.47,0.5237,103200.0,50000,764700.0,2360000.0,24360.0,-18811.0,-225731.0,-0.2952,0.23,2.2636,832312.0,-71.79,15608.0,33333.0,-53.17,3540000.0,2832000.0,472000.0,292700.0,-23683.0,-1.16,3513497.0,3947765.0,5283001.0,800377.0,2143209.0,1804557.0,1214557.0,-1094889.0,-294511.0,-0.3851,-0.0927,0.0871,0,7,0.29,,0.3646,10.3,50.0,50.0,38.1,0,15.0,0.0,0.0,0.0,70.5,61.7,100,33.0,204
sale,3 Bedroom House,2669900,3,1,241 m²,Glen Lilly,Glen Lilly,Malmesbury,https://www.property24.com/for-sale/glen-lilly/malmesbury/western-cape/12931/116629352,,,"Brand-New Homes at Klipfontein Country Estate – Last Type 1 Available! 
Welcome to Klipfontein Country Estate, a thoughtfully designed ...",,https://images.prop24.com/353650893/Ensure264x153,7500,90000,3.37,False,,18400.0,220800.0,rental_suburb,400,1669.0,3337.0,0.0,1200,123863.0,0.0464,8.27,12.09,0.69,0.359,80792.0,50000,686272.0,2135920.0,22047.0,-11725.0,-140697.0,-0.205,0.47,1.5572,1179650.0,-55.82,11078.0,11078.0,0.0,3203880.0,2563104.0,427184.0,259088.0,-16134.0,-0.63,3179894.0,3572928.0,4781384.0,724382.0,1939713.0,1633215.0,1099235.0,-635950.0,88432.0,0.1289,0.0245,0.1805,2,1,2.0,0.0,,0.0,50.0,73.0,39.6,0,30.9,0.0,0.0,0.0,73.3,62.2,80,32.9,205
sale,2 Bedroom Apartment,2000000,2,1,38 m²,Stellenbosch Central,Stellenbosch Central,Stellenbosch,https://www.property24.com/for-sale/stellenbosch-central/stellenbosch/western-cape/8566/116618533,,,"VACANT OCCUPATION FOR 2026 

Exclusive Sole Mandate / 

Prime Investment in Stellenbosch 
Modern two-bedroom apartment in the ...",,https://images.prop24.com/341773167/Ensure264x153,12000,144000,7.2,False,mandate,17000.0,204000.0,rental_suburb,600,1250.0,2500.0,0.0,1200,121080.0,0.0605,10.2,9.8,0.85,0.3265,33786.0,50000,505286.0,1600000.0,16515.0,-6425.0,-77100.0,-0.1526,0.61,1.2979,1513500.0,-24.32,52632.0,55882.0,-5.82,2400000.0,1920000.0,320000.0,185286.0,-9728.0,-0.31,2382032.0,2676451.0,3581695.0,542629.0,1453023.0,1223428.0,823428.0,-318872.0,223757.0,0.4428,0.0761,0.2396,16,87,0.54,0.99,0.4083,16.1,50.0,50.0,39.8,30,40.4,0.0,0.0,0.0,80.0,63.3,0,32.9,206
sale,2 Bedroom Apartment,1995000,2,1,38 m²,Stellenbosch Central,Stellenbosch Central,Stellenbosch,https://www.property24.com/for-sale/stellenbosch-central/stellenbosch/western-cape/8566/116692648,,,"VACANT OCCUPATION FOR 2026 

Exclusive Sole Mandate / 

Prime Investment in Stellenbosch 
Modern two-bedroom apartment in the ...",,https://images.prop24.com/341773167/Ensure264x153,12000,144000,7.22,False,mandate,17000.0,204000.0,rental_suburb,600,1247.0,2494.0,0.0,1200,121192.0,0.0607,10.23,9.78,0.85,0.3259,33486.0,50000,503986.0,1596000.0,16474.0,-6374.0,-76492.0,-0.1518,0.61,1.295,1514906.0,-24.06,52500.0,55882.0,-6.05,2394000.0,1915200.0,319200.0,184786.0,-9669.0,-0.3,2376077.0,2669760.0,3572741.0,541272.0,1449390.0,1220370.0,821370.0,-315761.0,225511.0,0.4475,0.0768,0.2405,16,87,0.54,0.99,0.4083,16.1,50.0,50.0,39.8,30,40.5,0.0,0.0,0.0,80.0,63.3,0,32.9,207
sale,2 Bedroom Apartment,1995000,2,1,38 m²,Stellenbosch Central,Stellenbosch Central,Stellenbosch,https://www.property24.com/for-sale/stellenbosch-central/stellenbosch/western-cape/8566/116781541,,,"VACANT OCCUPATION FOR 2026 

Exclusive Sole Mandate / 

Prime Investment in Stellenbosch 
Modern two-bedroom apartment in the ...",,https://images.prop24.com/341773167/Ensure264x153,12000,144000,7.22,False,mandate,17000.0,204000.0,rental_suburb,600,1247.0,2494.0,0.0,1200,121192.0,0.0607,10.23,9.78,0.85,0.3259,33486.0,50000,503986.0,1596000.0,16474.0,-6374.0,-76492.0,-0.1518,0.61,1.295,1514906.0,-24.06,52500.0,55882.0,-6.05,2394000.0,1915200.0,319200.0,184786.0,-9669.0,-0.3,2376077.0,2669760.0,3572741.0,541272.0,1449390.0,1220370.0,821370.0,-315761.0,225511.0,0.4475,0.0768,0.2405,16,87,0.54,0.99,0.4083,16.1,50.0,50.0,39.8,30,40.5,0.0,0.0,0.0,80.0,63.3,0,32.9,208
sale,2 Bedroom House,1995000,2,1,390 m²,4 Sending Street,Riebeek West,Riebeek Valley,https://www.property24.com/for-sale/riebeek-west/riebeek-valley/western-cape/7910/117002227,,,"Exclusive sole mandate - Tucked away in a secure, small gated complex in the quiet ...",,https://images.prop24.com/206466645/Ensure264x153,7000,84000,4.21,False,mandate,15000.0,180000.0,rental_suburb,350,1247.0,2494.0,0.0,1200,102112.0,0.0512,9.02,11.08,0.75,0.3527,33486.0,50000,503986.0,1596000.0,16474.0,-7964.0,-95572.0,-0.1896,0.52,1.451,1134583.0,-43.13,5115.0,5483.0,-6.71,2394000.0,1915200.0,319200.0,184786.0,-11259.0,-0.53,2376077.0,2669760.0,3572741.0,541272.0,1449390.0,1220370.0,821370.0,-422080.0,119192.0,0.2365,0.0434,0.2026,1,15,0.2,0.0,0.5219,0.0,50.0,50.0,35.0,30,34.1,0.0,0.0,0.0,80.0,63.3,90,32.9,209
sale,2 Bedroom Apartment,1650000,2,1,58 m²,Tafelzicht,Tafelzicht,Malmesbury,https://www.property24.com/for-sale/tafelzicht/malmesbury/western-cape/7901/117006538,,,"This modern two bedroom apartment offers a fantastic opportunity to own a home in the fast-growing town of Malmesbury, Western Cape. ...",,https://images.prop24.com/244520442/Ensure264x153,7500,90000,5.45,False,,9000.0,108000.0,rental_area_q1,400,1031.0,2062.0,0.0,1200,43035.0,0.0261,6.55,15.28,0.55,0.5215,13200.0,50000,414700.0,1320000.0,13625.0,-10039.0,-120464.0,-0.2905,0.26,2.0354,409857.0,-75.16,28448.0,28448.0,0.0,1980000.0,1584000.0,264000.0,150700.0,-12764.0,-1.12,1965176.0,2208072.0,2954899.0,447669.0,1198744.0,1009328.0,679328.0,-580465.0,-132797.0,-0.3202,-0.0743,0.1038,0,7,0.14,,0.2827,0.0,46.0,73.0,37.6,0,17.4,0.0,0.0,0.0,83.5,63.7,100,32.8,210
sale,3 Bedroom House,2519900,3,1,260 m²,Tafelzicht,Tafelzicht,Malmesbury,https://www.property24.com/for-sale/tafelzicht/malmesbury/western-cape/7901/116885842,,,"Discover Klipfontein Country Estate ” Your Forever-Home in Malmesbury, Western Cape 

Welcome to Klipfontein Country Estate, a ...",,https://images.prop24.com/353650893/Ensure264x153,7500,90000,3.57,False,,20000.0,240000.0,rental_suburb,400,1575.0,3150.0,0.0,1200,144902.0,0.0575,9.52,10.5,0.79,0.3162,68792.0,50000,644272.0,2015920.0,20808.0,-8733.0,-104795.0,-0.1627,0.58,1.3566,1380021.0,-45.24,9692.0,28448.0,-65.93,3023880.0,2419104.0,403184.0,241088.0,-12895.0,-0.38,3001241.0,3372195.0,4512757.0,683685.0,1830736.0,1541458.0,1037478.0,-444023.0,239662.0,0.372,0.0653,0.2249,1,7,0.14,0.0,0.2827,0.0,46.0,73.0,37.6,0,38.3,0.0,0.0,0.0,74.8,62.6,90,32.8,211
sale,2 Bedroom Apartment,1650000,2,1,56 m²,Hoog En Droog,Hoog En Droog,Paarl,https://www.property24.com/for-sale/hoog-en-droog/paarl/western-cape/16385/116903591,,,"Sole mandate. 
Own exclusivity to a small, quiet, new-yet-established block.
Verdi is situated in the popular Lane area with easy ...",,https://images.prop24.com/310646377/Ensure264x153,9500,114000,6.91,False,mandate,8500.0,102000.0,rental_area_q1,651.0,1031.0,2062.0,0.0,1200,34508.0,0.0209,6.18,16.18,0.52,0.5817,13200.0,50000,414700.0,1320000.0,13625.0,-10749.0,-128991.0,-0.311,0.21,2.1846,383421.0,-76.76,29464.0,22162.0,32.95,1980000.0,1584000.0,264000.0,150700.0,-13474.0,-1.24,1965176.0,2208072.0,2954899.0,447669.0,1198744.0,1009328.0,679328.0,-628224.0,-180556.0,-0.4354,-0.108,0.0832,0,6,0.0,,0.4303,0.0,50.0,51.0,35.2,30,13.9,0.0,0.0,0.0,83.5,63.7,100,32.7,212
sale,2 Bedroom House,2495000,2,2,210 m²,37 Douvygie Street,Fonteine Retirement Village,Malmesbury,https://www.property24.com/for-sale/fonteine-retirement-village/malmesbury/western-cape/32913/117030394,,,"Property consist of the following:
2 Bedrooms;
2 Bathrooms;
Openplan kitchen ...",,https://images.prop24.com/72874115/Ensure264x153,7500,90000,3.61,False,,9000.0,108000.0,rental_area_q1,400,1559.0,3119.0,0.0,1200,24022.0,0.0096,4.33,23.1,0.36,0.6976,66800.0,50000,637300.0,1996000.0,20602.0,-18601.0,-223207.0,-0.3502,0.1,2.9867,228786.0,-90.83,11881.0,10408.0,14.15,2994000.0,2395200.0,399200.0,238100.0,-22721.0,-1.48,2971585.0,3338873.0,4468165.0,676929.0,1812646.0,1526227.0,1027227.0,-1106296.0,-429367.0,-0.6737,-0.2007,0.0377,0,2,0.0,,0.105,0.0,50.0,73.0,39.6,0,6.4,0.0,0.0,0.0,75.0,62.6,100,32.7,213
sale,3 Bedroom House,3250000,3,2,1 299 m²,33 Ford Street,Bergzicht,Malmesbury,https://www.property24.com/for-sale/bergzicht/malmesbury/western-cape/7896/116808437,,,** Sole and Exclusive Mandate** Agents are welcome to get in touch with me and bring ...,,https://images.prop24.com/336182789/Ensure264x153,7500,90000,2.77,False,,15000.0,180000.0,rental_area_q1,400,2031.0,4062.0,0.0,1200,73275.0,0.0225,5.54,18.06,0.46,0.5129,134856.0,50000,856356.0,2600000.0,26837.0,-20731.0,-248768.0,-0.2905,0.23,2.302,697857.0,-78.53,,5122.0,,3900000.0,3120000.0,520000.0,336356.0,-26098.0,-1.15,3870802.0,4349233.0,5820255.0,881771.0,2361162.0,1988071.0,1338071.0,-1206430.0,-324658.0,-0.3791,-0.0909,0.0856,0,5,0.8,,0.3685,0.0,50.0,73.0,39.6,0,15.0,0.0,0.0,0.0,67.5,60.7,100,32.7,214
sale,3 Bedroom House,3249900,3,2,300 m²,Klipfontein AH,Klipfontein AH,Malmesbury,https://www.property24.com/for-sale/klipfontein-ah/malmesbury/western-cape/15988/116391542,,,"Discover the perfect balance of modern elegance and sustainable living in Klippenwag, an exclusive residence within the sought-after ...",,https://images.prop24.com/244520442/Ensure264x153,7500,90000,2.77,False,,15000.0,180000.0,rental_area_q1,400,2031.0,4062.0,0.0,1200,73277.0,0.0225,5.54,18.05,0.46,0.5129,134845.0,50000,856325.0,2599920.0,26836.0,-20730.0,-248756.0,-0.2905,0.23,2.302,697879.0,-78.53,10833.0,10979.0,-1.33,3899880.0,3119904.0,519984.0,336341.0,-26097.0,-1.15,3870683.0,4349099.0,5820076.0,881744.0,2361090.0,1988010.0,1338030.0,-1206368.0,-324623.0,-0.3791,-0.0909,0.0856,0,6,0.0,,0.1031,0.0,50.0,73.0,39.6,0,15.0,0.0,0.0,0.0,67.5,60.7,100,32.7,215
sale,3 Bedroom House,3249900,3,2,300 m²,Klipfontein AH,Klipfontein AH,Malmesbury,https://www.property24.com/for-sale/klipfontein-ah/malmesbury/western-cape/15988/115753493,,,"Type 3A 

Welcome to Klipfontein Country Estate, where luxury meets tranquility. Introducing Klippenwag, our latest phase, featuring ...",,https://images.prop24.com/82629464/Ensure264x153,7500,90000,2.77,False,,15000.0,180000.0,rental_area_q1,400,2031.0,4062.0,0.0,1200,73277.0,0.0225,5.54,18.05,0.46,0.5129,134845.0,50000,856325.0,2599920.0,26836.0,-20730.0,-248756.0,-0.2905,0.23,2.302,697879.0,-78.53,10833.0,10979.0,-1.33,3899880.0,3119904.0,519984.0,336341.0,-26097.0,-1.15,3870683.0,4349099.0,5820076.0,881744.0,2361090.0,1988010.0,1338030.0,-1206368.0,-324623.0,-0.3791,-0.0909,0.0856,0,6,0.0,,0.1031,0.0,50.0,73.0,39.6,0,15.0,0.0,0.0,0.0,67.5,60.7,100,32.7,216
sale,2 Bedroom Apartment,3290000,2,1,75 m²,Onder Papegaaiberg,Onder Papegaaiberg,Stellenbosch,https://www.property24.com/for-sale/onder-papegaaiberg/stellenbosch/western-cape/8539/116932699,,,"Located at the centre of the Adam Tas Corridor upgrade, Bosmans Crossing is rapidly emerging as the “new town” of Stellenbosch. ...",,https://images.prop24.com/303954500/Ensure264x153,12000,144000,4.38,False,,14000.0,168000.0,rental_area_q1,600,2056.0,4112.0,0.0,1200,58935.0,0.0179,5.11,19.58,0.43,0.5692,139256.0,50000,868756.0,2632000.0,27167.0,-22256.0,-267071.0,-0.3074,0.18,2.5097,736688.0,-77.61,43867.0,33333.0,31.6,3948000.0,3158400.0,526400.0,342356.0,-27689.0,-1.25,3918443.0,4402762.0,5891889.0,892624.0,2390223.0,2012539.0,1354539.0,-1306465.0,-413841.0,-0.4764,-0.1214,0.0678,0,7,0.29,,0.3646,10.3,50.0,50.0,38.1,0,11.9,0.0,0.0,0.0,67.1,60.6,100,32.7,217
sale,Farm,5250000,1,0,27.5 ha,Worcester Rural,Worcester Rural,Worcester,https://www.property24.com/for-sale/worcester-rural/worcester/western-cape/16610/113801877,,,"Desperately in need of a quiet, clean & tranquil environment?

This 27.5 ha Lifestyle Farm, only 200 Km from Cape Town, near Touws ...",,https://images.prop24.com/194099441/Ensure264x153,5000,60000,1.14,False,motivated,4950.0,59400.0,rental_area_q1,400,3281.0,6562.0,0.0,1200,-82677.0,-0.0157,1.13,88.38,0.09,2.3119,354856.0,50000,1476356.0,4200000.0,43352.0,-50242.0,-602900.0,-0.4084,-0.16,11.0698,-826770.0,-115.75,,8018.0,,6300000.0,5040000.0,840000.0,636356.0,-58912.0,-1.87,6252834.0,7025684.0,9401950.0,1424400.0,3814185.0,3211499.0,2161499.0,-3070233.0,-1645833.0,-1.1148,0.0,-0.056,0,8,0.0,,0.7201,0.0,50.0,50.0,35.0,100,-10.5,0.0,0.0,0.0,47.5,56.9,100,32.7,218
sale,3 Bedroom House,3995000,3,2,400 m²,Aan de Wijnlanden,Aan de Wijnlanden,Stellenbosch,https://www.property24.com/for-sale/aan-de-wijnlanden/stellenbosch/western-cape/17617/117004738,,,"Exclusive Sole Mandate:

Situated on one of the larger 400m2 plots in the sought-after Aan de Wijnlanden Estate, this well-maintained ...",,https://images.prop24.com/373504379/Ensure264x153,12000,144000,3.6,False,mandate,6500.0,78000.0,rental_area_q1,600,2497.0,4994.0,0.0,1200,-39728.0,-0.0099,1.95,51.22,0.16,1.4293,216806.0,50000,1087306.0,3196000.0,32989.0,-36299.0,-435592.0,-0.4006,-0.1,6.5045,-496594.0,-112.43,9988.0,14384.0,-30.57,4794000.0,3835200.0,639200.0,448106.0,-42897.0,-1.81,4758109.0,5346211.0,7154437.0,1083901.0,2902413.0,2443798.0,1644798.0,-2207291.0,-1123390.0,-1.0332,0.0,-0.0365,0,32,0.16,,0.5383,9.6,50.0,50.0,37.9,30,-6.6,0.0,0.0,0.0,60.1,58.8,100,32.6,219
sale,3 Bedroom House,1675000,3,1,286 m²,Worcester West,Worcester West,Worcester,https://www.property24.com/for-sale/worcester-west/worcester/western-cape/8875/116857741,,,"EXCLUSIVE SOLE MANDATE

This property offers versatile living options or dual income potential. 

The main residence features three ...",,https://images.prop24.com/317418390/Ensure264x153,7000,84000,5.01,False,mandate,13000.0,156000.0,rental_suburb,400,1047.0,2094.0,0.0,1200,86632.0,0.0517,9.31,10.74,0.78,0.3647,14286.0,50000,420786.0,1340000.0,13831.0,-6612.0,-79343.0,-0.1886,0.52,1.4286,866325.0,-48.28,5857.0,2616.0,123.92,2010000.0,1608000.0,268000.0,152786.0,-9378.0,-0.52,1994952.0,2241528.0,2999670.0,454451.0,1216907.0,1024621.0,689621.0,-349561.0,104890.0,0.2493,0.0455,0.2059,2,4,0.5,0.31,0.2031,0.0,50.0,50.0,35.0,30,34.5,0.0,0.0,0.0,83.2,63.7,80,32.6,220
sale,2 Bedroom House,2250000,2,1,429 m²,18 Ford Street,Bergzicht,Malmesbury,https://www.property24.com/for-sale/bergzicht/malmesbury/western-cape/7896/117054970,,,PGP Exclusive - This characterful Edwardian semi-detached home offers timeless charm in ...,,https://images.prop24.com/206466645/Ensure264x153,7500,90000,4.0,False,,9000.0,108000.0,rental_suburb,400,1406.0,2812.0,0.0,1200,29535.0,0.0131,4.8,20.83,0.4,0.6465,48786.0,50000,570286.0,1800000.0,18579.0,-16118.0,-193418.0,-0.3392,0.13,2.7109,281286.0,-87.5,5245.0,5122.0,2.39,2700000.0,2160000.0,360000.0,210286.0,-19834.0,-1.41,2679786.0,3011008.0,4029407.0,610457.0,1634651.0,1376357.0,926357.0,-953836.0,-343379.0,-0.6021,-0.1683,0.0518,1,5,0.8,0.0,0.3685,0.0,50.0,73.0,39.6,0,8.8,0.0,0.0,0.0,77.5,63.1,90,32.5,221
sale,3 Bedroom House,2699900,3,2,273 m²,"Klipfontein Dr, Malmesbury, Malmesbury Rural",Malmesbury Rural,Malmesbury,https://www.property24.com/for-sale/malmesbury-rural/malmesbury/western-cape/16580/116790363?plId=2361902&plt=4,,,"Experience luxurious living at Klipfontein Country Estate with Klippenwag. Our latest phase features 85 beautifully designed homes, starting from just R2,519, 900.

These exquisite ...",,https://images.prop24.com/340225847/Ensure528x153,7500,90000,3.33,False,,16250.0,195000.0,rental_suburb,400,1687.0,3375.0,0.0,1200,99452.0,0.0368,7.22,13.85,0.6,0.41,83192.0,50000,694672.0,2159920.0,22294.0,-14007.0,-168081.0,-0.242,0.37,1.782,947164.0,-64.92,9890.0,9845.0,0.46,3239880.0,2591904.0,431984.0,262688.0,-18466.0,-0.85,3215624.0,3613075.0,4835110.0,732521.0,1961508.0,1651567.0,1111587.0,-787092.0,-54570.0,-0.0786,-0.0162,0.1432,2,8,0.38,0.15,0.4913,0.0,50.0,73.0,39.6,0,24.6,0.0,0.0,0.0,73.0,62.2,80,32.5,222
sale,Vacant Land,2150000,1,0,742 m²,18 Sherston Road,Mount Royal Golf Estate,Malmesbury,https://www.property24.com/for-sale/mount-royal-golf-estate/malmesbury/western-cape/12932/116898056,,,"Mount Royal Golf and Country Estate, Malmesbury is the premier estate in the Swartland ...",,https://images.prop24.com/336182789/Ensure264x153,5500,66000,3.07,False,,5300.0,63600.0,rental_area_q1,400,1344.0,2688.0,0.0,1200,-9063.0,-0.0042,2.96,33.81,0.25,1.0625,42786.0,50000,544286.0,1720000.0,17754.0,-18509.0,-222107.0,-0.4081,-0.04,4.4122,-86314.0,-104.01,2898.0,9082.0,-68.09,2580000.0,2064000.0,344000.0,200286.0,-22060.0,-1.81,2560684.0,2877185.0,3850323.0,583326.0,1562000.0,1315185.0,885185.0,-1119584.0,-536258.0,-0.9853,-0.5697,-0.0167,0,14,0.0,,0.4082,0.0,50.0,73.0,39.6,0,-2.8,0.0,0.0,0.0,78.5,63.2,100,32.5,223
sale,Vacant Land,2150000,1,0,742 m²,18 Sherston Road,Mount Royal Golf Estate,Malmesbury,https://www.property24.com/for-sale/mount-royal-golf-estate/malmesbury/western-cape/12932/116108417,,,"Mount Royal Golf and Country Estate, Malmesbury is the premier estate in the Swartland ...",,https://images.prop24.com/336182789/Ensure264x153,5500,66000,3.07,False,,5300.0,63600.0,rental_area_q1,400,1344.0,2688.0,0.0,1200,-9063.0,-0.0042,2.96,33.81,0.25,1.0625,42786.0,50000,544286.0,1720000.0,17754.0,-18509.0,-222107.0,-0.4081,-0.04,4.4122,-86314.0,-104.01,2898.0,9082.0,-68.09,2580000.0,2064000.0,344000.0,200286.0,-22060.0,-1.81,2560684.0,2877185.0,3850323.0,583326.0,1562000.0,1315185.0,885185.0,-1119584.0,-536258.0,-0.9853,-0.5697,-0.0167,0,14,0.0,,0.4082,0.0,50.0,73.0,39.6,0,-2.8,0.0,0.0,0.0,78.5,63.2,100,32.5,224
sale,3 Bedroom Apartment,2990000,3,2,77 m²,2 Induli Street,Stellenbosch Central,Stellenbosch,https://www.property24.com/for-sale/stellenbosch-central/stellenbosch/western-cape/8566/116984085,,,"On show friday - 20 march 2026 from 16:00 - 18:00, viewing by appointment ...",,https://images.prop24.com/308559161/Ensure264x153,12000,144000,4.82,False,,10000.0,120000.0,rental_suburb,600,1869.0,3738.0,0.0,1200,21525.0,0.0072,4.01,24.92,0.33,0.7406,106400.0,50000,775900.0,2392000.0,24690.0,-22896.0,-274754.0,-0.3541,0.07,3.2096,269062.0,-91.0,38831.0,55882.0,-30.51,3588000.0,2870400.0,478400.0,297500.0,-27834.0,-1.51,3561138.0,4001294.0,5354635.0,811230.0,2172269.0,1829025.0,1231025.0,-1366241.0,-555011.0,-0.7153,-0.2222,0.0277,3,87,0.54,0.4,0.4083,16.1,50.0,50.0,39.8,0,4.8,0.0,0.0,0.0,70.1,61.7,70,32.5,225
sale,2 Bedroom Apartment,820000,2,1,48 m²,Aan de Wijnlanden,Aan de Wijnlanden,Stellenbosch,https://www.property24.com/for-sale/aan-de-wijnlanden/stellenbosch/western-cape/17617/116427914,,,"This charming 2-Bedroom apartment is situated in a secure gated complex in Eersteriver.

Features: 
2 spacious bedrooms with built-in ...",,https://images.prop24.com/103291119/Ensure264x153,12000,144000,17.56,True,,9500.0,114000.0,rental_suburb,600,512.0,1025.0,0.0,1200,64830.0,0.0791,13.9,7.19,1.16,0.3513,0.0,100000,285500.0,656000.0,6771.0,-1369.0,-16424.0,-0.0575,0.8,1.0641,810375.0,-1.17,17083.0,14384.0,18.76,984000.0,787200.0,131200.0,154300.0,-2723.0,0.09,976633.0,1097345.0,1468495.0,222478.0,595739.0,501606.0,337606.0,-46690.0,175788.0,0.6157,0.1007,0.2271,5,32,0.16,1.08,0.5383,9.6,50.0,50.0,37.9,0,52.7,0.0,0.0,0.0,91.8,46.0,50,32.5,226
sale,2 Bedroom House,1600000,2,2,171 m²,80 Lindida Drive,Lindida,Stellenbosch,https://www.property24.com/for-sale/lindida/stellenbosch/western-cape/8565/117050680,,,"This neatly fenced corner property offers excellent value and versatility, ideal for ...",,https://images.prop24.com/340428568/Ensure264x153,12000,144000,9.0,True,,14000.0,168000.0,rental_area_q1,600,1000.0,2000.0,0.0,1200,96960.0,0.0606,10.5,9.52,0.88,0.3429,11700.0,50000,403200.0,1280000.0,13212.0,-5132.0,-61584.0,-0.1527,0.61,1.2866,1212000.0,-24.25,9357.0,9357.0,0.0,1920000.0,1536000.0,256000.0,147200.0,-7774.0,-0.31,1905626.0,2141161.0,2865356.0,434103.0,1162418.0,978743.0,658743.0,-254804.0,179299.0,0.4447,0.0764,0.2405,0,1,0.0,,,0.0,50.0,50.0,35.0,0,40.4,0.0,0.0,0.0,84.0,63.5,100,32.4,227
sale,2 Bedroom Apartment,865000,2,1,,Aan de Wijnlanden,Aan de Wijnlanden,Stellenbosch,https://www.property24.com/for-sale/aan-de-wijnlanden/stellenbosch/western-cape/17617/116987084,,,"Solid Tenants | Modern Block | Top Floor Unit (48m²) 

Figures: 

• Rent secured for 2026: R8 960 / month (R107 520 annual ...",,https://images.prop24.com/341773167/Ensure264x153,12000,144000,16.65,True,,9500.0,114000.0,rental_suburb,600,541.0,1081.0,0.0,1200,63818.0,0.0738,13.18,7.59,1.1,0.3602,0.0,100000,294500.0,692000.0,7143.0,-1825.0,-21895.0,-0.0743,0.74,1.1121,797719.0,-7.78,,14384.0,,1038000.0,830400.0,138400.0,156100.0,-3253.0,-0.0,1030229.0,1157565.0,1549083.0,234687.0,628432.0,529133.0,356133.0,-74693.0,159994.0,0.5433,0.0907,0.2167,5,32,0.16,1.08,0.5383,9.6,50.0,50.0,37.9,0,49.2,0.0,0.0,0.0,91.3,47.0,50,32.4,228
sale,2 Bedroom Apartment,850000,2,1,51 m²,Aan de Wijnlanden,Aan de Wijnlanden,Stellenbosch,https://www.property24.com/for-sale/aan-de-wijnlanden/stellenbosch/western-cape/17617/116502313,,,"Solaris Place is a very popular complex for investors and and working professionals, the Unit is spacious, it offers two bedrooms with ...",,https://images.prop24.com/216775224/Ensure264x153,12000,144000,16.94,True,,9500.0,114000.0,rental_suburb,600,531.0,1062.0,0.0,1200,64155.0,0.0755,13.41,7.46,1.12,0.3572,0.0,100000,291500.0,680000.0,7019.0,-1673.0,-20072.0,-0.0689,0.76,1.0961,801938.0,-5.65,16667.0,14384.0,15.87,1020000.0,816000.0,136000.0,155500.0,-3076.0,0.03,1012364.0,1137492.0,1522221.0,230617.0,617535.0,519957.0,349957.0,-65359.0,165259.0,0.5669,0.094,0.2201,5,32,0.16,1.08,0.5383,9.6,50.0,50.0,37.9,0,50.3,0.0,0.0,0.0,91.5,46.7,50,32.4,229
sale,2 Bedroom Apartment,870000,2,1,51 m²,Aan de Wijnlanden,Aan de Wijnlanden,Stellenbosch,https://www.property24.com/for-sale/aan-de-wijnlanden/stellenbosch/western-cape/17617/115595197,,,"This lovely 2-bedroom apartment is situated in the sought-after complex of Solaris Place, close to all shopping amenities. The secure ...",,https://images.prop24.com/227269494/Ensure264x153,12000,144000,16.55,True,,9500.0,114000.0,rental_suburb,600,544.0,1088.0,0.0,1200,63705.0,0.0732,13.1,7.63,1.09,0.3612,0.0,100000,295500.0,696000.0,7184.0,-1875.0,-22503.0,-0.0762,0.74,1.1174,796312.0,-8.47,17059.0,14384.0,18.59,1044000.0,835200.0,139200.0,156300.0,-3312.0,-0.01,1036184.0,1164256.0,1558037.0,236043.0,632065.0,532191.0,358191.0,-77804.0,158239.0,0.5355,0.0896,0.2156,5,32,0.16,1.08,0.5383,9.6,50.0,50.0,37.9,0,48.8,0.0,0.0,0.0,91.3,47.1,50,32.4,230
sale,2 Bedroom House,1250000,2,1,450 m²,20a Nel Street,Hospital Hill,Worcester,https://www.property24.com/for-sale/hospital-hill/worcester/western-cape/10850/116923494,,,"DUAL MANDATE

Key features:
• Stoep
• Garden
• Pet friendly
• Space for future ...",,https://images.prop24.com/319767968/Ensure264x153,7000,84000,6.72,False,mandate,7350.0,88200.0,rental_suburb,400,781.0,1562.0,0.0,1200,33819.0,0.0271,7.06,14.17,0.59,0.5366,1200.0,50000,322700.0,1000000.0,10322.0,-7504.0,-90044.0,-0.279,0.27,1.9409,338190.0,-72.94,2778.0,2778.0,0.0,1500000.0,1200000.0,200000.0,122700.0,-9568.0,-1.07,1488770.0,1672782.0,2238560.0,339143.0,908139.0,764643.0,514643.0,-433216.0,-94074.0,-0.2915,-0.0666,0.1048,1,2,0.5,0.0,0.4714,0.0,50.0,50.0,35.0,30,18.0,0.0,0.0,0.0,87.5,62.0,90,32.4,231
sale,2 Bedroom Townhouse,1500000,2,1,152 m²,Riebeek West,Riebeek West,Riebeek Valley,https://www.property24.com/for-sale/riebeek-west/riebeek-valley/western-cape/7910/117011171,,,"Tucked away in a town called Riebeek West in the Western Cape, this secure lock-up-and-go home offers the kind of privacy you notice ...",,https://images.prop24.com/185178535/Ensure264x153,7000,84000,5.6,False,,15000.0,180000.0,rental_suburb,350,938.0,1875.0,0.0,1200,113250.0,0.0755,12.0,8.33,1.0,0.2908,8700.0,50000,380200.0,1200000.0,12386.0,-2949.0,-35385.0,-0.0931,0.76,1.1166,1258333.0,-16.11,9868.0,5483.0,79.97,1800000.0,1440000.0,240000.0,140200.0,-5426.0,0.04,1786524.0,2007338.0,2686272.0,406971.0,1089767.0,917571.0,617571.0,-114049.0,292923.0,0.7704,0.121,0.2979,1,15,0.2,0.0,0.5219,0.0,50.0,50.0,35.0,0,50.3,0.0,0.0,0.0,85.0,63.1,90,32.4,232
sale,2 Bedroom Apartment,1950000,2,1,65 m²,Tafelzicht,Tafelzicht,Malmesbury,https://www.property24.com/for-sale/tafelzicht/malmesbury/western-cape/7901/116372738,,,"Step into comfort and convenience with this beautifully designed two-bedroom apartment, created exclusively for those aged 50 and ...",,https://images.prop24.com/244520442/Ensure264x153,7500,90000,4.62,False,,9000.0,108000.0,rental_area_q1,400,1219.0,2438.0,0.0,1200,36285.0,0.0186,5.54,18.06,0.46,0.584,30786.0,50000,492286.0,1560000.0,16102.0,-13078.0,-156941.0,-0.3188,0.19,2.3732,345571.0,-82.28,30000.0,28448.0,5.45,2340000.0,1872000.0,312000.0,180286.0,-16299.0,-1.29,2322481.0,2609540.0,3492153.0,529063.0,1416697.0,1192843.0,802843.0,-767151.0,-238088.0,-0.4836,-0.1238,0.0737,0,7,0.14,,0.2827,0.0,46.0,73.0,37.6,0,12.4,0.0,0.0,0.0,80.5,63.4,100,32.3,233
sale,2 Bedroom Apartment,880000,2,1,48 m²,Aan de Wijnlanden,Aan de Wijnlanden,Stellenbosch,https://www.property24.com/for-sale/aan-de-wijnlanden/stellenbosch/western-cape/17617/116987038,,,"Solid Tenants | Cash-Flow Property | Modern 2nd Floor Unit (48m²) 

Figures: 

• Rent secured for 2026: R9 250 / month (R111 ...",,https://images.prop24.com/341773167/Ensure264x153,12000,144000,16.36,True,,9500.0,114000.0,rental_suburb,600,550.0,1100.0,0.0,1200,63480.0,0.0721,12.95,7.72,1.08,0.3632,0.0,100000,297500.0,704000.0,7267.0,-1977.0,-23719.0,-0.0797,0.73,1.1281,793500.0,-9.83,18333.0,14384.0,27.45,1056000.0,844800.0,140800.0,156700.0,-3430.0,-0.03,1048094.0,1177639.0,1575946.0,238757.0,639330.0,538308.0,362308.0,-84027.0,154729.0,0.5201,0.0874,0.2134,5,32,0.16,1.08,0.5383,9.6,50.0,50.0,37.9,0,48.1,0.0,0.0,0.0,91.2,47.3,50,32.3,234
sale,2 Bedroom Apartment,885000,2,1,,Aan de Wijnlanden,Aan de Wijnlanden,Stellenbosch,https://www.property24.com/for-sale/aan-de-wijnlanden/stellenbosch/western-cape/17617/117050203,,,"This 51 square meter top floor, modern 2-bedroom apartment is for Sale in Solaris Place. Great for new families, it is centrally ...",,https://images.prop24.com/87133270/Ensure264x153,12000,144000,16.27,True,,9500.0,114000.0,rental_suburb,600,553.0,1106.0,0.0,1200,63368.0,0.0716,12.88,7.76,1.07,0.3641,0.0,100000,298500.0,708000.0,7308.0,-2027.0,-24327.0,-0.0815,0.72,1.1334,792094.0,-10.5,,14384.0,,1062000.0,849600.0,141600.0,156900.0,-3489.0,-0.04,1054049.0,1184330.0,1584900.0,240113.0,642963.0,541367.0,364367.0,-87139.0,152975.0,0.5125,0.0863,0.2123,5,32,0.16,1.08,0.5383,9.6,50.0,50.0,37.9,0,47.7,0.0,0.0,0.0,91.1,47.4,50,32.3,235
sale,2 Bedroom Apartment,2800000,2,1,56 m²,9 Dennesig,Dennesig,Stellenbosch,https://www.property24.com/for-sale/dennesig/stellenbosch/western-cape/8529/116812871,,,Exclusive sole mandate. Student`s Dream Apartment in Stellenbosch`s New Hub! This is a ...,,,12000,144000,5.14,False,mandate,20000.0,240000.0,rental_suburb,600,1750.0,3500.0,0.0,1200,136200.0,0.0486,8.57,11.67,0.71,0.3525,91200.0,50000,722700.0,2240000.0,23121.0,-11771.0,-141252.0,-0.1955,0.49,1.5086,1702500.0,-39.2,50000.0,73641.0,-32.1,3360000.0,2688000.0,448000.0,274700.0,-16395.0,-0.57,3334845.0,3747032.0,5014374.0,759680.0,2034232.0,1712799.0,1152799.0,-631854.0,127826.0,0.1769,0.0331,0.1885,1,14,0.21,0.0,0.2863,0.0,50.0,50.0,35.0,30,32.4,0.0,0.0,0.0,72.0,62.0,90,32.3,236
sale,3 Bedroom House,2590000,3,1,187 m²,Bergenzicht Estate,Bergenzicht Estate,Paarl,https://www.property24.com/for-sale/bergenzicht-estate/paarl/western-cape/17466/116830923,,,"Exclusive Sole Mandate - Positioned in the sought after Bergenzicht Estate, this very neat three bedroom  one bathroom home offers low ...",,https://images.prop24.com/372270180/Crop600x400,9500,114000,4.4,False,mandate,20000.0,240000.0,rental_suburb,1121.0,1619.0,3238.0,0.0,1200,134673.0,0.052,9.27,10.79,0.77,0.3589,74400.0,50000,663900.0,2072000.0,21387.0,-10164.0,-121971.0,-0.1837,0.52,1.4282,1496363.0,-42.23,13850.0,14266.0,-2.91,3108000.0,2486400.0,414400.0,249500.0,-14442.0,-0.5,3084731.0,3466004.0,4638296.0,702704.0,1881665.0,1584340.0,1066340.0,-536419.0,166285.0,0.2505,0.0457,0.2029,2,2,1.0,0.0,0.1026,0.0,50.0,51.0,35.2,30,34.7,0.0,0.0,0.0,74.1,62.4,80,32.2,237
sale,3 Bedroom House,2939900,3,2,300 m²,"Klipfontein Dr, Malmesbury, Malmesbury Rural,",Malmesbury Rural,Malmesbury,https://www.property24.com/for-sale/malmesbury-rural/malmesbury/western-cape/16580/116790242?plId=2361905&plt=4,,,"Luxury Living Awaits at Klipfontein Country Estate – Klippenwag

Step into Klippenwag, the newest phase of Klipfontein Country Estate, offering 85 exceptional homes priced from ...",,https://images.prop24.com/340225847/Ensure528x153,7500,90000,3.06,False,,16250.0,195000.0,rental_suburb,400,1837.0,3675.0,0.0,1200,94052.0,0.032,6.63,15.08,0.55,0.4377,102392.0,50000,761872.0,2351920.0,24276.0,-16439.0,-197263.0,-0.2589,0.32,1.9316,895736.0,-69.53,9800.0,9845.0,-0.46,3527880.0,2822304.0,470384.0,291488.0,-21294.0,-0.95,3501468.0,3934249.0,5264913.0,797637.0,2135871.0,1798378.0,1210398.0,-936440.0,-138803.0,-0.1822,-0.0394,0.1234,2,8,0.38,0.15,0.4913,0.0,50.0,73.0,39.6,0,21.3,0.0,0.0,0.0,70.6,61.7,80,32.2,238
sale,2 Bedroom Apartment,2100000,2,1,65 m²,Tafelzicht,Tafelzicht,Malmesbury,https://www.property24.com/for-sale/tafelzicht/malmesbury/western-cape/7901/116372741,,,"Discover the perfect balance of comfort, convenience, and peace of mind in this stylish two-bedroom, ground floor apartment, tailored ...",,https://images.prop24.com/244520442/Ensure264x153,7500,90000,4.29,False,,9000.0,108000.0,rental_area_q1,400,1312.0,2625.0,0.0,1200,32910.0,0.0157,5.14,19.44,0.43,0.6153,39786.0,50000,531286.0,1680000.0,17341.0,-14598.0,-175179.0,-0.3297,0.16,2.542,313429.0,-85.07,32308.0,28448.0,13.57,2520000.0,2016000.0,336000.0,195286.0,-18066.0,-1.35,2501134.0,2810274.0,3760780.0,569760.0,1525674.0,1284600.0,864600.0,-860494.0,-290733.0,-0.5472,-0.1466,0.0619,0,7,0.14,,0.2827,0.0,46.0,73.0,37.6,0,10.4,0.0,0.0,0.0,79.0,63.2,100,32.2,239
sale,3 Bedroom House,3300000,3,3,494 m²,2 Voorplein Street,Stellenbosch Central,Stellenbosch,https://www.property24.com/for-sale/stellenbosch-central/stellenbosch/western-cape/8566/110230292,,,"Situated on Bird Street this well built, solid structure in good condition offers loads ...",,https://images.prop24.com/362901358/Ensure264x153,12000,144000,4.36,False,,10000.0,120000.0,rental_suburb,600,2062.0,4125.0,0.0,1200,14550.0,0.0044,3.64,27.5,0.3,0.7987,140356.0,50000,871856.0,2640000.0,27250.0,-26037.0,-312447.0,-0.3584,0.04,3.5237,181875.0,-94.49,6680.0,55882.0,-88.05,3960000.0,3168000.0,528000.0,343856.0,-31487.0,-1.55,3930353.0,4416144.0,5909797.0,895337.0,2397488.0,2018657.0,1358657.0,-1559149.0,-663812.0,-0.7614,-0.2492,0.0167,3,87,0.54,0.4,0.4083,16.1,50.0,50.0,39.8,0,2.9,0.0,0.0,0.0,67.0,60.6,70,32.2,240
sale,3 Bedroom House,3300000,3,3,494 m²,2 Voorplein Street,Stellenbosch Central,Stellenbosch,https://www.property24.com/for-sale/stellenbosch-central/stellenbosch/western-cape/8566/116995679,,,"Situated on Bird Street this well built, solid structure in good condition offers loads ...",,https://images.prop24.com/362901358/Ensure264x153,12000,144000,4.36,False,,10000.0,120000.0,rental_suburb,600,2062.0,4125.0,0.0,1200,14550.0,0.0044,3.64,27.5,0.3,0.7987,140356.0,50000,871856.0,2640000.0,27250.0,-26037.0,-312447.0,-0.3584,0.04,3.5237,181875.0,-94.49,6680.0,55882.0,-88.05,3960000.0,3168000.0,528000.0,343856.0,-31487.0,-1.55,3930353.0,4416144.0,5909797.0,895337.0,2397488.0,2018657.0,1358657.0,-1559149.0,-663812.0,-0.7614,-0.2492,0.0167,3,87,0.54,0.4,0.4083,16.1,50.0,50.0,39.8,0,2.9,0.0,0.0,0.0,67.0,60.6,70,32.2,241
sale,2 Bedroom House,1730000,2,2,195 m²,"45 Mill Street, Mall Mews",Hospital Park,Worcester,https://www.property24.com/for-sale/hospital-park/worcester/western-cape/18077/116757371,,,"Sole Mandate:
Discover the ultimate in low-maintenance living with this stunning two ...",,https://images.prop24.com/72874115/Ensure264x153,7000,84000,4.86,False,mandate,7100.0,85200.0,rental_area_q1,400,1081.0,2162.0,0.0,1200,20259.0,0.0117,4.92,20.31,0.41,0.6822,17586.0,50000,435086.0,1384000.0,14285.0,-12597.0,-151167.0,-0.3474,0.12,2.6943,202590.0,-88.29,8872.0,8351.0,6.24,2076000.0,1660800.0,276800.0,158286.0,-15454.0,-1.45,2060458.0,2315130.0,3098167.0,469374.0,1256865.0,1058265.0,712265.0,-747317.0,-277943.0,-0.6388,-0.1843,0.0466,0,4,0.25,,0.3959,0.0,50.0,50.0,35.0,30,7.8,0.0,0.0,0.0,82.7,63.6,100,32.2,242
sale,3 Bedroom House,2875000,3,2,980 m²,9 Nickprinsloo Street,Panorama,Worcester,https://www.property24.com/for-sale/panorama/worcester/western-cape/8853/116822757,,,"SOLE MANDATE
Situated in a peaceful cul-de-sac within a sought-after, family-orientated ...",,https://images.prop24.com/319767968/Ensure264x153,7000,84000,2.92,False,mandate,20000.0,240000.0,rental_suburb,400,1797.0,3594.0,0.0,1200,136912.0,0.0476,8.35,11.98,0.7,0.3495,97200.0,50000,743700.0,2300000.0,23740.0,-12331.0,-147971.0,-0.199,0.48,1.5365,1369125.0,-52.38,2934.0,2934.0,0.0,3450000.0,2760000.0,460000.0,283700.0,-17079.0,-0.6,3424171.0,3847399.0,5148687.0,780029.0,2088720.0,1758678.0,1183678.0,-664997.0,115032.0,0.1547,0.0292,0.1841,1,1,2.0,0.0,,0.0,50.0,50.0,35.0,30,31.7,0.0,0.0,0.0,71.2,61.9,90,32.2,243
sale,3 Bedroom House,1850000,3,1,763 m²,13 Transvaalweg,Worcester West,Worcester,https://www.property24.com/for-sale/worcester-west/worcester/western-cape/8875/116876504,,,"* Exclusive Sole Mandate*

This 3-bedroom, 1-full-bath home offers solid structure and ...",,https://images.prop24.com/156700672/Ensure264x153,7000,84000,4.54,False,mandate,13000.0,156000.0,rental_suburb,400,1156.0,2312.0,0.0,1200,82695.0,0.0447,8.43,11.86,0.7,0.3899,24786.0,50000,466286.0,1480000.0,15276.0,-8385.0,-100622.0,-0.2158,0.45,1.565,826950.0,-55.3,2425.0,2616.0,-7.3,2220000.0,1776000.0,296000.0,170286.0,-11440.0,-0.68,2203380.0,2475717.0,3313068.0,501931.0,1344046.0,1131671.0,761671.0,-458461.0,43470.0,0.0932,0.018,0.1773,2,4,0.5,0.31,0.2031,0.0,50.0,50.0,35.0,30,29.8,0.0,0.0,0.0,81.5,63.5,80,32.2,244
sale,2 Bedroom House,1730000,2,2,195 m²,"45 Mill Street, Mall Mews",Hospital Park,Worcester,https://www.property24.com/for-sale/hospital-park/worcester/western-cape/18077/116769208,,,"Sole Mandate:
Discover the ultimate in low-maintenance living with this stunning two ...",,https://images.prop24.com/72874115/Ensure264x153,7000,84000,4.86,False,mandate,7100.0,85200.0,rental_area_q1,400,1081.0,2162.0,0.0,1200,20259.0,0.0117,4.92,20.31,0.41,0.6822,17586.0,50000,435086.0,1384000.0,14285.0,-12597.0,-151167.0,-0.3474,0.12,2.6943,202590.0,-88.29,8872.0,8351.0,6.24,2076000.0,1660800.0,276800.0,158286.0,-15454.0,-1.45,2060458.0,2315130.0,3098167.0,469374.0,1256865.0,1058265.0,712265.0,-747317.0,-277943.0,-0.6388,-0.1843,0.0466,0,4,0.25,,0.3959,0.0,50.0,50.0,35.0,30,7.8,0.0,0.0,0.0,82.7,63.6,100,32.2,245
sale,1 Bedroom Apartment,960000,1,1,39 m²,Tafelzicht,Tafelzicht,Malmesbury,https://www.property24.com/for-sale/tafelzicht/malmesbury/western-cape/7901/117006556,,,"Don’t miss this fantastic opportunity to own a stylish one bedroom apartment in the growing town of Malmesbury, Western Cape. Perfect ...",,https://images.prop24.com/244520442/Ensure264x153,5500,66000,6.88,False,,5300.0,63600.0,rental_area_q1,400,600.0,1200.0,0.0,1200,17712.0,0.0185,6.62,15.09,0.55,0.6415,0.0,100000,313500.0,768000.0,7927.0,-6451.0,-77414.0,-0.2469,0.19,2.1372,168686.0,-82.43,24615.0,28448.0,-13.47,1152000.0,921600.0,153600.0,159900.0,-8037.0,-1.0,1143375.0,1284697.0,1719214.0,260462.0,697451.0,587246.0,395246.0,-379065.0,-118603.0,-0.3783,-0.0907,0.0565,0,7,0.14,,0.2827,0.0,46.0,73.0,37.6,0,12.3,0.0,0.0,0.0,90.4,49.0,100,32.1,246
sale,2 Bedroom Apartment,1670000,2,1,70 m²,8 Papegaaiberg Close,Stellenbosch Central,Stellenbosch,https://www.property24.com/for-sale/stellenbosch-central/stellenbosch/western-cape/8566/117019992,,,Tenanted Investment Townhouse – Secure Estate – ±2 km from Stellenbosch ...,,https://images.prop24.com/356528736/Ensure264x153,12000,144000,8.62,True,,17000.0,204000.0,rental_suburb,600,1044.0,2088.0,0.0,1200,128505.0,0.0769,12.22,8.19,1.02,0.2901,13986.0,50000,419486.0,1336000.0,13790.0,-3081.0,-36975.0,-0.0881,0.78,1.1013,1606312.0,-3.81,23857.0,55882.0,-57.31,2004000.0,1603200.0,267200.0,152286.0,-5839.0,0.07,1988997.0,2234837.0,2990716.0,453095.0,1213274.0,1021563.0,687563.0,-113518.0,339577.0,0.8095,0.1259,0.3063,16,87,0.54,0.99,0.4083,16.1,50.0,50.0,39.8,0,51.3,0.0,0.0,0.0,83.3,63.7,0,32.1,247
sale,2 Bedroom Apartment,950000,2,1,48 m²,Aan de Wijnlanden,Aan de Wijnlanden,Stellenbosch,https://www.property24.com/for-sale/aan-de-wijnlanden/stellenbosch/western-cape/17617/117023922,,,"SOLE EXCLUSIVE MANDATE
This stylish 48m² apartment offers comfortable, low-maintenance living in the secure and sought-after Aan ...",,https://images.prop24.com/362901358/Ensure264x153,12000,144000,15.16,True,,9500.0,114000.0,rental_suburb,600,594.0,1188.0,0.0,1200,61905.0,0.0652,12.0,8.33,1.0,0.377,0.0,100000,311500.0,760000.0,7845.0,-2686.0,-32231.0,-0.1035,0.66,1.2027,773812.0,-18.55,19792.0,14384.0,37.59,1140000.0,912000.0,152000.0,159500.0,-4255.0,-0.16,1131465.0,1271314.0,1701305.0,257749.0,690186.0,581128.0,391128.0,-127587.0,130161.0,0.4179,0.0723,0.1987,5,32,0.16,1.08,0.5383,9.6,50.0,50.0,37.9,0,43.4,0.0,0.0,0.0,90.5,48.8,50,32.1,248
sale,2 Bedroom Apartment,960000,2,1,52 m²,Aan de Wijnlanden,Aan de Wijnlanden,Stellenbosch,https://www.property24.com/for-sale/aan-de-wijnlanden/stellenbosch/western-cape/17617/116999558,,,"Buy Smart. Live Modern. – Your Dream Lifestyle Awaits at Solaris Crest

Discover your next home or investment opportunity in the ...",,,12000,144000,15.0,True,,9500.0,114000.0,rental_suburb,600,600.0,1200.0,0.0,1200,61680.0,0.0643,11.88,8.42,0.99,0.3789,0.0,100000,313500.0,768000.0,7927.0,-2787.0,-33446.0,-0.1067,0.65,1.2134,771000.0,-19.69,18462.0,14384.0,28.35,1152000.0,921600.0,153600.0,159900.0,-4373.0,-0.17,1143375.0,1284697.0,1719214.0,260462.0,697451.0,587246.0,395246.0,-133810.0,126652.0,0.404,0.0702,0.1967,5,32,0.16,1.08,0.5383,9.6,50.0,50.0,37.9,0,42.8,0.0,0.0,0.0,90.4,49.0,50,32.1,249
sale,2 Bedroom Apartment,960000,2,1,52 m²,Aan de Wijnlanden,Aan de Wijnlanden,Stellenbosch,https://www.property24.com/for-sale/aan-de-wijnlanden/stellenbosch/western-cape/17617/116786243,,,"Buy Smart. Live Modern. – Your Dream Lifestyle Awaits at Solaris Crest

Discover your next home or investment opportunity in the ...",,,12000,144000,15.0,True,,9500.0,114000.0,rental_suburb,600,600.0,1200.0,0.0,1200,61680.0,0.0643,11.88,8.42,0.99,0.3789,0.0,100000,313500.0,768000.0,7927.0,-2787.0,-33446.0,-0.1067,0.65,1.2134,771000.0,-19.69,18462.0,14384.0,28.35,1152000.0,921600.0,153600.0,159900.0,-4373.0,-0.17,1143375.0,1284697.0,1719214.0,260462.0,697451.0,587246.0,395246.0,-133810.0,126652.0,0.404,0.0702,0.1967,5,32,0.16,1.08,0.5383,9.6,50.0,50.0,37.9,0,42.8,0.0,0.0,0.0,90.4,49.0,50,32.1,250
sale,2 Bedroom Apartment,975000,2,1,48 m²,Aan de Wijnlanden,Aan de Wijnlanden,Stellenbosch,https://www.property24.com/for-sale/aan-de-wijnlanden/stellenbosch/western-cape/17617/116990573,,,"Suburb: Aan de Wijnlanden

Discover your next home or investment opportunity in the heart of Aan de Wijnlanden at Solaris Crest ...",,,12000,144000,14.77,True,,9500.0,114000.0,rental_suburb,600,609.0,1219.0,0.0,1200,61342.0,0.0629,11.69,8.55,0.97,0.3819,0.0,100000,316500.0,780000.0,8051.0,-2939.0,-35270.0,-0.1114,0.63,1.2294,766781.0,-21.36,20312.0,14384.0,41.21,1170000.0,936000.0,156000.0,160500.0,-4549.0,-0.2,1161241.0,1304770.0,1746077.0,264531.0,708349.0,596421.0,401421.0,-143144.0,121387.0,0.3835,0.0671,0.1938,5,32,0.16,1.08,0.5383,9.6,50.0,50.0,37.9,0,41.9,0.0,0.0,0.0,90.2,49.3,50,32.1,251
sale,2 Bedroom Apartment,950000,2,1,51 m²,Aan de Wijnlanden,Aan de Wijnlanden,Stellenbosch,https://www.property24.com/for-sale/aan-de-wijnlanden/stellenbosch/western-cape/17617/116608831,,,"Investor’s Dream | Cash-Flow Deal Western Cape | Second Floor With Solid Tenant 

Figures:
·Potential Rent R9,550 / month ...",,https://images.prop24.com/341773167/Ensure264x153,12000,144000,15.16,True,,9500.0,114000.0,rental_suburb,600,594.0,1188.0,0.0,1200,61905.0,0.0652,12.0,8.33,1.0,0.377,0.0,100000,311500.0,760000.0,7845.0,-2686.0,-32231.0,-0.1035,0.66,1.2027,773812.0,-18.55,18627.0,14384.0,29.5,1140000.0,912000.0,152000.0,159500.0,-4255.0,-0.16,1131465.0,1271314.0,1701305.0,257749.0,690186.0,581128.0,391128.0,-127587.0,130161.0,0.4179,0.0723,0.1987,5,32,0.16,1.08,0.5383,9.6,50.0,50.0,37.9,0,43.4,0.0,0.0,0.0,90.5,48.8,50,32.1,252
sale,2 Bedroom Apartment,960000,2,1,48 m²,Aan de Wijnlanden,Aan de Wijnlanden,Stellenbosch,https://www.property24.com/for-sale/aan-de-wijnlanden/stellenbosch/western-cape/17617/116015314,,,"Buy Smart. Live Modern. – Your Dream Lifestyle Awaits at Solaris Crest

Discover your next home or investment opportunity in the ...",,,12000,144000,15.0,True,,9500.0,114000.0,rental_suburb,600,600.0,1200.0,0.0,1200,61680.0,0.0643,11.88,8.42,0.99,0.3789,0.0,100000,313500.0,768000.0,7927.0,-2787.0,-33446.0,-0.1067,0.65,1.2134,771000.0,-19.69,20000.0,14384.0,39.04,1152000.0,921600.0,153600.0,159900.0,-4373.0,-0.17,1143375.0,1284697.0,1719214.0,260462.0,697451.0,587246.0,395246.0,-133810.0,126652.0,0.404,0.0702,0.1967,5,32,0.16,1.08,0.5383,9.6,50.0,50.0,37.9,0,42.8,0.0,0.0,0.0,90.4,49.0,50,32.1,253
sale,3 Bedroom Townhouse,1900000,3,2,94 m²,De Zoete Inval,De Zoete Inval,Paarl,https://www.property24.com/for-sale/de-zoete-inval/paarl/western-cape/8596/116687258,,,"*Exclusive Sole Mandate*

Discover your new home in this charming 3-bedroom duplex-townhouse located in the sought-after  Oude ...",,https://images.prop24.com/255290839/Ensure264x153,9500,114000,6.0,False,mandate,7000.0,84000.0,rental_area_q1,776.0,1188.0,2375.0,0.0,1200,10821.0,0.0057,4.42,22.62,0.37,0.7912,27786.0,50000,479286.0,1520000.0,15689.0,-14787.0,-177450.0,-0.3702,0.06,3.0325,120239.0,-93.67,20213.0,15625.0,29.36,2280000.0,1824000.0,304000.0,175286.0,-17925.0,-1.59,2262930.0,2542629.0,3402611.0,515497.0,1380372.0,1162257.0,782257.0,-884682.0,-369185.0,-0.7703,-0.2549,0.0226,0,11,0.27,,0.2194,0.0,50.0,51.0,35.2,30,3.8,0.0,0.0,0.0,81.0,63.4,100,32.0,254
sale,1 Bedroom Apartment,1598000,1,1,55 m²,Tafelzicht,Tafelzicht,Malmesbury,https://www.property24.com/for-sale/tafelzicht/malmesbury/western-cape/7901/116372728,,,"Embrace a relaxed, maintenance-free lifestyle in this modern one-bedroom apartment, purposefully designed for individuals aged 50 and ...",,https://images.prop24.com/244520442/Ensure264x153,5500,66000,4.13,False,,5300.0,63600.0,rental_area_q1,400,999.0,1998.0,0.0,1200,3357.0,0.0021,3.98,25.13,0.33,0.8672,11640.0,50000,402740.0,1278400.0,13195.0,-12916.0,-154989.0,-0.3848,0.02,3.3569,31971.0,-98.0,29055.0,28448.0,2.13,1917600.0,1534080.0,255680.0,147060.0,-15555.0,-1.68,1903244.0,2138484.0,2861775.0,433560.0,1160965.0,977519.0,657919.0,-776083.0,-342523.0,-0.8505,-0.3162,0.0083,0,7,0.14,,0.2827,0.0,46.0,73.0,37.6,0,1.4,0.0,0.0,0.0,84.0,63.5,100,32.0,255
sale,3 Bedroom House,2890000,3,2,250 m²,Gateway Street,Aan de Wijnlanden,Stellenbosch,https://www.property24.com/for-sale/aan-de-wijnlanden/stellenbosch/western-cape/17617/117043006?plId=2366209&plt=4,,,"Situated in Phase 2 of Aan de Wijnlanden, this modern home offers exceptional value and versatility—perfect for first-time buyers, those scaling up, or those looking to downsize in ...",,https://images.prop24.com/341187300/Ensure528x153,12000,144000,4.98,False,,6500.0,78000.0,rental_area_q1,600,1806.0,3612.0,0.0,1200,-14865.0,-0.0051,2.7,37.05,0.22,1.1106,98400.0,50000,747900.0,2312000.0,23864.0,-25103.0,-301235.0,-0.4028,-0.05,4.782,-185812.0,-106.43,11560.0,14384.0,-19.63,3468000.0,2774400.0,462400.0,285500.0,-29876.0,-1.8,3442036.0,3867472.0,5175550.0,784098.0,2099618.0,1767854.0,1189854.0,-1519666.0,-735568.0,-0.9835,-0.56,-0.0199,0,32,0.16,,0.5383,9.6,50.0,50.0,37.9,0,-3.4,0.0,0.0,0.0,71.1,61.8,100,32.0,256
sale,2 Bedroom Apartment,1300000,2,1,44 m²,La Colline,La Colline,Stellenbosch,https://www.property24.com/for-sale/la-colline/stellenbosch/western-cape/8537/116895473,,,This two-bedroom apartment presents an exciting opportunity for investors or buyers looking to add value in a well-located and secure ...,,https://images.prop24.com/186075711/Ensure264x153,12000,144000,11.08,True,,10000.0,120000.0,rental_suburb,600,812.0,1625.0,0.0,1200,59550.0,0.0458,9.23,10.83,0.77,0.4238,2700.0,50000,334200.0,1040000.0,10735.0,-5772.0,-69267.0,-0.2073,0.46,1.4972,744375.0,-42.74,29545.0,51124.0,-42.21,1560000.0,1248000.0,208000.0,126200.0,-7919.0,-0.64,1548321.0,1739693.0,2328102.0,352709.0,944465.0,795228.0,535228.0,-314579.0,38129.0,0.1141,0.0218,0.1782,5,56,0.14,0.73,0.3779,9.5,50.0,50.0,37.9,0,30.5,0.0,0.0,0.0,87.0,62.2,50,32.0,257
sale,1 Bedroom Apartment,1850000,1,1,58 m²,Stellenbosch Central,Stellenbosch Central,Stellenbosch,https://www.property24.com/for-sale/stellenbosch-central/stellenbosch/western-cape/8566/116797515,,,"EXCLUSIVE SOLE MANDATE
Tucked away in Molteno Park 1, this unfurnished one-bedroom flat offers comfortable, low-maintenance living ...",,https://images.prop24.com/371689368/Crop600x400,8500,102000,5.51,False,mandate,11250.0,135000.0,rental_suburb,600,1156.0,2312.0,0.0,1200,60975.0,0.033,7.3,13.7,0.61,0.4683,24786.0,50000,466286.0,1480000.0,15276.0,-10195.0,-122342.0,-0.2624,0.33,1.8262,762188.0,-58.8,31897.0,55882.0,-42.92,2220000.0,1776000.0,296000.0,170286.0,-13250.0,-0.95,2203380.0,2475717.0,3313068.0,501931.0,1344046.0,1131671.0,761671.0,-579817.0,-77886.0,-0.167,-0.0359,0.1308,28,87,0.54,1.2,0.4083,16.1,50.0,50.0,39.8,30,22.0,0.0,0.0,0.0,81.5,63.5,0,32.0,258
sale,2 Bedroom Apartment,1300000,2,1,44 m²,29 Doctor Malan Street,La Colline,Stellenbosch,https://www.property24.com/for-sale/la-colline/stellenbosch/western-cape/8537/116565518,,,"Exclusive Joint Mandate

Perfectly positioned in the sought-after Prinspark complex ...",,https://images.prop24.com/308559161/Ensure264x153,12000,144000,11.08,True,,10000.0,120000.0,rental_suburb,600,812.0,1625.0,0.0,1200,59550.0,0.0458,9.23,10.83,0.77,0.4238,2700.0,50000,334200.0,1040000.0,10735.0,-5772.0,-69267.0,-0.2073,0.46,1.4972,744375.0,-42.74,29545.0,51124.0,-42.21,1560000.0,1248000.0,208000.0,126200.0,-7919.0,-0.64,1548321.0,1739693.0,2328102.0,352709.0,944465.0,795228.0,535228.0,-314579.0,38129.0,0.1141,0.0218,0.1782,5,56,0.14,0.73,0.3779,9.5,50.0,50.0,37.9,0,30.5,0.0,0.0,0.0,87.0,62.2,50,32.0,259
sale,2 Bedroom Apartment,1300000,2,1,,La Colline,La Colline,Stellenbosch,https://www.property24.com/for-sale/la-colline/stellenbosch/western-cape/8537/116861169,,,"Renovator’s Dream in La Colline, Stellenbosch

This two-bedroom apartment presents an exciting opportunity for renovators or ...",,https://images.prop24.com/256559818/Ensure264x153,12000,144000,11.08,True,,10000.0,120000.0,rental_suburb,600,812.0,1625.0,0.0,1200,59550.0,0.0458,9.23,10.83,0.77,0.4238,2700.0,50000,334200.0,1040000.0,10735.0,-5772.0,-69267.0,-0.2073,0.46,1.4972,744375.0,-42.74,,51124.0,,1560000.0,1248000.0,208000.0,126200.0,-7919.0,-0.64,1548321.0,1739693.0,2328102.0,352709.0,944465.0,795228.0,535228.0,-314579.0,38129.0,0.1141,0.0218,0.1782,5,56,0.14,0.73,0.3779,9.5,50.0,50.0,37.9,0,30.5,0.0,0.0,0.0,87.0,62.2,50,32.0,260
sale,2 Bedroom Apartment,1300000,2,1,46 m²,La Colline,La Colline,Stellenbosch,https://www.property24.com/for-sale/la-colline/stellenbosch/western-cape/8537/116689067,,,"In the heart of Stellenbosch’s sought-after Prinspark, this sunlit apartment offers an appealing blend of security, convenience and ...",,https://images.prop24.com/369829524/Crop600x400,12000,144000,11.08,True,,10000.0,120000.0,rental_suburb,600,812.0,1625.0,0.0,1200,59550.0,0.0458,9.23,10.83,0.77,0.4238,2700.0,50000,334200.0,1040000.0,10735.0,-5772.0,-69267.0,-0.2073,0.46,1.4972,744375.0,-42.74,28261.0,51124.0,-44.72,1560000.0,1248000.0,208000.0,126200.0,-7919.0,-0.64,1548321.0,1739693.0,2328102.0,352709.0,944465.0,795228.0,535228.0,-314579.0,38129.0,0.1141,0.0218,0.1782,5,56,0.14,0.73,0.3779,9.5,50.0,50.0,37.9,0,30.5,0.0,0.0,0.0,87.0,62.2,50,32.0,261
sale,2 Bedroom Apartment,1300000,2,1,46 m²,La Colline,La Colline,Stellenbosch,https://www.property24.com/for-sale/la-colline/stellenbosch/western-cape/8537/116620262,,,"Ideal for Investors or First-Time Buyers

Located in Prinspark complex, this neat and spacious apartment is perfect for students ...",,https://images.prop24.com/186075711/Ensure264x153,12000,144000,11.08,True,,10000.0,120000.0,rental_suburb,600,812.0,1625.0,0.0,1200,59550.0,0.0458,9.23,10.83,0.77,0.4238,2700.0,50000,334200.0,1040000.0,10735.0,-5772.0,-69267.0,-0.2073,0.46,1.4972,744375.0,-42.74,28261.0,51124.0,-44.72,1560000.0,1248000.0,208000.0,126200.0,-7919.0,-0.64,1548321.0,1739693.0,2328102.0,352709.0,944465.0,795228.0,535228.0,-314579.0,38129.0,0.1141,0.0218,0.1782,5,56,0.14,0.73,0.3779,9.5,50.0,50.0,37.9,0,30.5,0.0,0.0,0.0,87.0,62.2,50,32.0,262
sale,2 Bedroom Apartment,1300000,2,1,43 m²,La Colline,La Colline,Stellenbosch,https://www.property24.com/for-sale/la-colline/stellenbosch/western-cape/8537/116619389,,,"Your Ideal Stellenbosch Apartment or Investment Awaits in Prinspark! 

This well-located two-bedroom apartment is ideally suited for ...",,https://images.prop24.com/368504709/Crop600x400,12000,144000,11.08,True,,10000.0,120000.0,rental_suburb,600,812.0,1625.0,0.0,1200,59550.0,0.0458,9.23,10.83,0.77,0.4238,2700.0,50000,334200.0,1040000.0,10735.0,-5772.0,-69267.0,-0.2073,0.46,1.4972,744375.0,-42.74,30233.0,51124.0,-40.86,1560000.0,1248000.0,208000.0,126200.0,-7919.0,-0.64,1548321.0,1739693.0,2328102.0,352709.0,944465.0,795228.0,535228.0,-314579.0,38129.0,0.1141,0.0218,0.1782,5,56,0.14,0.73,0.3779,9.5,50.0,50.0,37.9,0,30.5,0.0,0.0,0.0,87.0,62.2,50,32.0,263
sale,2 Bedroom Apartment,1300000,2,1,46 m²,La Colline,La Colline,Stellenbosch,https://www.property24.com/for-sale/la-colline/stellenbosch/western-cape/8537/116923989,,,"Nestled within the neighbourhood of La Colline in Stellenbosch, this two-bedroom apartment offers an ideal opportunity for first-time ...",,https://images.prop24.com/72874115/Ensure264x153,12000,144000,11.08,True,,10000.0,120000.0,rental_suburb,600,812.0,1625.0,0.0,1200,59550.0,0.0458,9.23,10.83,0.77,0.4238,2700.0,50000,334200.0,1040000.0,10735.0,-5772.0,-69267.0,-0.2073,0.46,1.4972,744375.0,-42.74,28261.0,51124.0,-44.72,1560000.0,1248000.0,208000.0,126200.0,-7919.0,-0.64,1548321.0,1739693.0,2328102.0,352709.0,944465.0,795228.0,535228.0,-314579.0,38129.0,0.1141,0.0218,0.1782,5,56,0.14,0.73,0.3779,9.5,50.0,50.0,37.9,0,30.5,0.0,0.0,0.0,87.0,62.2,50,32.0,264
sale,2 Bedroom Apartment,1300000,2,1,46 m²,La Colline,La Colline,Stellenbosch,https://www.property24.com/for-sale/la-colline/stellenbosch/western-cape/8537/116634093,,,"Nestled within the neighbourhood of La Colline in Stellenbosch, this two-bedroom apartment offers an ideal opportunity for first-time ...",,https://images.prop24.com/72874115/Ensure264x153,12000,144000,11.08,True,,10000.0,120000.0,rental_suburb,600,812.0,1625.0,0.0,1200,59550.0,0.0458,9.23,10.83,0.77,0.4238,2700.0,50000,334200.0,1040000.0,10735.0,-5772.0,-69267.0,-0.2073,0.46,1.4972,744375.0,-42.74,28261.0,51124.0,-44.72,1560000.0,1248000.0,208000.0,126200.0,-7919.0,-0.64,1548321.0,1739693.0,2328102.0,352709.0,944465.0,795228.0,535228.0,-314579.0,38129.0,0.1141,0.0218,0.1782,5,56,0.14,0.73,0.3779,9.5,50.0,50.0,37.9,0,30.5,0.0,0.0,0.0,87.0,62.2,50,32.0,265
sale,2 Bedroom Apartment,1300000,2,1,46 m²,La Colline,La Colline,Stellenbosch,https://www.property24.com/for-sale/la-colline/stellenbosch/western-cape/8537/116021683,,,"This lock-up-and-go apartment offers a comfortable living space with two bedrooms, and a bathroom. The open-plan kitchen seamlessly ...",,https://images.prop24.com/100958998/Ensure264x153,12000,144000,11.08,True,,10000.0,120000.0,rental_suburb,600,812.0,1625.0,0.0,1200,59550.0,0.0458,9.23,10.83,0.77,0.4238,2700.0,50000,334200.0,1040000.0,10735.0,-5772.0,-69267.0,-0.2073,0.46,1.4972,744375.0,-42.74,28261.0,51124.0,-44.72,1560000.0,1248000.0,208000.0,126200.0,-7919.0,-0.64,1548321.0,1739693.0,2328102.0,352709.0,944465.0,795228.0,535228.0,-314579.0,38129.0,0.1141,0.0218,0.1782,5,56,0.14,0.73,0.3779,9.5,50.0,50.0,37.9,0,30.5,0.0,0.0,0.0,87.0,62.2,50,32.0,266
sale,2 Bedroom Apartment,1300000,2,1,46 m²,La Colline,La Colline,Stellenbosch,https://www.property24.com/for-sale/la-colline/stellenbosch/western-cape/8537/116891787,,,"This lock-up-and-go apartment offers a comfortable living space with two bedrooms, and a bathroom. The open-plan kitchen seamlessly ...",,https://images.prop24.com/100958998/Ensure264x153,12000,144000,11.08,True,,10000.0,120000.0,rental_suburb,600,812.0,1625.0,0.0,1200,59550.0,0.0458,9.23,10.83,0.77,0.4238,2700.0,50000,334200.0,1040000.0,10735.0,-5772.0,-69267.0,-0.2073,0.46,1.4972,744375.0,-42.74,28261.0,51124.0,-44.72,1560000.0,1248000.0,208000.0,126200.0,-7919.0,-0.64,1548321.0,1739693.0,2328102.0,352709.0,944465.0,795228.0,535228.0,-314579.0,38129.0,0.1141,0.0218,0.1782,5,56,0.14,0.73,0.3779,9.5,50.0,50.0,37.9,0,30.5,0.0,0.0,0.0,87.0,62.2,50,32.0,267
sale,3 Bedroom House,2920000,3,2,203 m²,Aan de Wijnlanden,Aan de Wijnlanden,Stellenbosch,https://www.property24.com/for-sale/aan-de-wijnlanden/stellenbosch/western-cape/17617/116140990,,,"Final Phase Now Selling – Aan de Wijnlanden, Extension 5
Plot & Plan | 203m2 | Building Type J
Limited Offer: R42 000 Discount if ...",,https://images.prop24.com/242461081/Ensure264x153,12000,144000,4.93,False,,6500.0,78000.0,rental_area_q1,600,1825.0,3650.0,0.0,1200,-15540.0,-0.0053,2.67,37.44,0.22,1.1192,100800.0,50000,756300.0,2336000.0,24112.0,-25407.0,-304883.0,-0.4031,-0.05,4.8288,-194250.0,-106.65,14384.0,14384.0,0.0,3504000.0,2803200.0,467200.0,289100.0,-30229.0,-1.8,3477767.0,3907619.0,5229275.0,792238.0,2121414.0,1786205.0,1202205.0,-1538334.0,-746097.0,-0.9865,-0.5773,-0.0205,0,32,0.16,,0.5383,9.6,50.0,50.0,37.9,0,-3.5,0.0,0.0,0.0,70.8,61.8,100,32.0,268
sale,3 Bedroom House,2920000,3,2,203 m²,Aan de Wijnlanden,Aan de Wijnlanden,Stellenbosch,https://www.property24.com/for-sale/aan-de-wijnlanden/stellenbosch/western-cape/17617/117000960,,,"Final Phase Now Selling – Aan de Wijnlanden, Extension 5
Plot & Plan | 203m2 | Building Type J
Limited Offer: R42 000 Discount if ...",,https://images.prop24.com/242461081/Ensure264x153,12000,144000,4.93,False,,6500.0,78000.0,rental_area_q1,600,1825.0,3650.0,0.0,1200,-15540.0,-0.0053,2.67,37.44,0.22,1.1192,100800.0,50000,756300.0,2336000.0,24112.0,-25407.0,-304883.0,-0.4031,-0.05,4.8288,-194250.0,-106.65,14384.0,14384.0,0.0,3504000.0,2803200.0,467200.0,289100.0,-30229.0,-1.8,3477767.0,3907619.0,5229275.0,792238.0,2121414.0,1786205.0,1202205.0,-1538334.0,-746097.0,-0.9865,-0.5773,-0.0205,0,32,0.16,,0.5383,9.6,50.0,50.0,37.9,0,-3.5,0.0,0.0,0.0,70.8,61.8,100,32.0,269
sale,3 Bedroom House,2880000,3,2,177 m²,Aan de Wijnlanden,Aan de Wijnlanden,Stellenbosch,https://www.property24.com/for-sale/aan-de-wijnlanden/stellenbosch/western-cape/17617/116257583,,,"Aan de Wijnlanden Extension 5 – Plan I

Plan I is a comfortable and modern 3-bedroom home with 177 m2 of living space, designed for ...",,https://images.prop24.com/242461081/Ensure264x153,12000,144000,5.0,False,,6500.0,78000.0,rental_area_q1,600,1800.0,3600.0,0.0,1200,-14640.0,-0.0051,2.71,36.92,0.23,1.1077,97600.0,50000,745100.0,2304000.0,23782.0,-25002.0,-300019.0,-0.4027,-0.05,4.7664,-183000.0,-106.35,16271.0,14384.0,13.12,3456000.0,2764800.0,460800.0,284300.0,-29758.0,-1.8,3430126.0,3854090.0,5157641.0,781385.0,2092353.0,1761737.0,1185737.0,-1513443.0,-732058.0,-0.9825,-0.5547,-0.0196,0,32,0.16,,0.5383,9.6,50.0,50.0,37.9,0,-3.4,0.0,0.0,0.0,71.2,61.8,100,32.0,270
sale,2 Bedroom House,550000,2,1,920 m²,Saron,Saron,Tulbagh,https://www.property24.com/for-sale/saron/tulbagh/western-cape/7607/116984687,,,"Big 920m2 plot for Sale in Saron Western Cape. 


This big plot has a small home on it with 2 bedrooms and 1 bathroom. Surrounded by ...",,,6000,72000,13.09,True,,6000.0,72000.0,csv_estimate,300,344.0,688.0,0.0,1200,35865.0,0.0652,13.09,7.64,1.09,0.4219,0.0,80000,211500.0,440000.0,4542.0,-1553.0,-18635.0,-0.0881,0.66,1.1788,326045.0,-40.72,598.0,598.0,0.0,660000.0,528000.0,88000.0,123500.0,-2461.0,-0.13,655059.0,736024.0,984966.0,149223.0,399581.0,336443.0,226443.0,-74033.0,75190.0,0.3555,0.0627,0.1696,0,5,0.0,,0.6863,0.0,50.0,50.0,35.0,0,43.5,0.0,0.0,0.0,94.5,41.6,100,32.0,271
sale,3 Bedroom House,1729000,3,2,,Ceres,Ceres,Ceres,https://www.property24.com/for-sale/ceres/ceres/western-cape/7612/115710294,,,"Sole mandate!

Modern, newly-renovated three-bedroom townhouse for sale in Ceres in a very popular cul-de-sac. Open plan Kitchen and ...",,https://images.prop24.com/284368778/Ensure264x153,6000,72000,4.16,False,mandate,6000.0,72000.0,csv_estimate,300,1081.0,2161.0,0.0,1200,9338.0,0.0054,4.16,24.01,0.35,0.7903,17526.0,50000,434826.0,1383200.0,14277.0,-13499.0,-161989.0,-0.3725,0.05,3.1699,84886.0,-95.09,,8288.0,,2074800.0,1659840.0,276640.0,158186.0,-16355.0,-1.6,2059267.0,2313792.0,3096376.0,469102.0,1256138.0,1057654.0,711854.0,-807707.0,-338605.0,-0.7787,-0.2604,0.0215,0,16,0.0,,0.2232,0.0,50.0,50.0,35.0,30,3.6,0.0,0.0,0.0,82.7,63.6,100,32.0,272
sale,3 Bedroom House,2250000,3,2,576 m²,27a Porter Street,Worcester Central,Worcester,https://www.property24.com/for-sale/worcester-central/worcester/western-cape/8860/116868959,,,Exclusive sole mandate. Step inside a home where exposed timber ceilings rise overhead ...,,https://images.prop24.com/206466645/Ensure264x153,7000,84000,3.73,False,mandate,12000.0,144000.0,rental_suburb,400,1406.0,2812.0,0.0,1200,62655.0,0.0278,6.4,15.62,0.53,0.4849,48786.0,50000,570286.0,1800000.0,18579.0,-13358.0,-160298.0,-0.2811,0.28,2.0332,626550.0,-72.15,3906.0,10714.0,-63.54,2700000.0,2160000.0,360000.0,210286.0,-17074.0,-1.07,2679786.0,3011008.0,4029407.0,610457.0,1634651.0,1376357.0,926357.0,-768991.0,-158533.0,-0.278,-0.0631,0.1099,1,20,0.6,0.0,1.0847,0.0,50.0,50.0,35.0,30,18.6,0.0,0.0,0.0,77.5,63.1,90,32.0,273
sale,3 Bedroom House,2100000,3,3,662 m²,26 Hugo Street,Meiringspark,Worcester,https://www.property24.com/for-sale/meiringspark/worcester/western-cape/8850/116770491,,,"EXCLUSIVE SOLE MANDATE

Nestled in the sought-after Meiringspark area of Worcester ...",,https://images.prop24.com/319767968/Ensure264x153,7000,84000,4.0,False,mandate,8300.0,99600.0,rental_area_q1,400,1312.0,2625.0,0.0,1200,25182.0,0.012,4.74,21.08,0.4,0.6672,39786.0,50000,531286.0,1680000.0,17341.0,-15242.0,-182907.0,-0.3443,0.12,2.7564,251820.0,-88.01,3172.0,3172.0,0.0,2520000.0,2016000.0,336000.0,195286.0,-18710.0,-1.44,2501134.0,2810274.0,3760780.0,569760.0,1525674.0,1284600.0,864600.0,-903624.0,-333864.0,-0.6284,-0.1796,0.0474,0,1,0.0,,,0.0,50.0,50.0,35.0,30,8.0,0.0,0.0,0.0,79.0,63.2,100,32.0,274
sale,3 Bedroom Apartment,1350000,3,1,117 m²,Worcester Central,Worcester Central,Worcester,https://www.property24.com/for-sale/worcester-central/worcester/western-cape/8860/116848352,,,Joint mandate. This neat and move in ready apartment is set within a small block of just four apartments. The ground-floor position ...,,https://images.prop24.com/372574646/Crop600x400,7000,84000,6.22,False,,12000.0,144000.0,rental_suburb,400,844.0,1688.0,0.0,1200,82905.0,0.0614,10.67,9.38,0.89,0.3443,4200.0,50000,345700.0,1080000.0,11148.0,-4239.0,-50867.0,-0.1471,0.62,1.2732,829050.0,-38.59,11538.0,10714.0,7.69,1620000.0,1296000.0,216000.0,129700.0,-6468.0,-0.28,1607872.0,1806605.0,2417644.0,366274.0,980790.0,825814.0,555814.0,-208934.0,157340.0,0.4551,0.0779,0.2398,1,20,0.6,0.0,1.0847,0.0,50.0,50.0,35.0,0,40.9,0.0,0.0,0.0,86.5,62.5,90,32.0,275
sale,3 Bedroom House,1699000,3,1,552 m²,8 Smith Street,Robertson,Robertson,https://www.property24.com/for-sale/robertson/robertson/western-cape/16671/116749072,,,"Sole Mandate .

Welcome to your new family home in Robertson! Boasting a brand new roof ...",,https://images.prop24.com/242461081/Ensure264x153,6000,72000,4.24,False,mandate,15000.0,180000.0,rental_suburb,300,1062.0,2124.0,0.0,1200,109372.0,0.0644,10.59,9.44,0.88,0.3124,15726.0,50000,427026.0,1359200.0,14030.0,-4915.0,-58982.0,-0.1381,0.65,1.2477,1093725.0,-35.63,3078.0,9366.0,-67.14,2038800.0,1631040.0,271840.0,155186.0,-7721.0,-0.22,2023536.0,2273645.0,3042650.0,460963.0,1234343.0,1039302.0,699502.0,-234501.0,226462.0,0.5303,0.0888,0.2561,4,56,0.21,0.36,0.3369,0.0,50.0,50.0,35.0,30,42.9,0.0,0.0,0.0,83.0,63.7,60,32.0,276
sale,3 Bedroom House,4091125,3,2,402 m²,15 Sherston Road,Mount Royal Golf Estate,Malmesbury,https://www.property24.com/for-sale/mount-royal-golf-estate/malmesbury/western-cape/12932/116806501,,,The Developer is offering a limited number of only 20 x full title designer homes in the ...,,https://images.prop24.com/336182789/Ensure264x153,7500,90000,2.2,False,,15000.0,180000.0,rental_area_q1,400,2557.0,5114.0,0.0,1200,54350.0,0.0133,4.4,22.73,0.37,0.6181,227380.0,50000,1117105.0,3272900.0,33782.0,-29253.0,-351040.0,-0.3142,0.13,2.8702,517616.0,-87.35,10177.0,9082.0,12.06,4909350.0,3927480.0,654580.0,462525.0,-36010.0,-1.3,4872595.0,5474848.0,7326582.0,1109981.0,2972249.0,2502599.0,1684374.0,-1729849.0,-619869.0,-0.5549,-0.1495,0.0487,0,14,0.0,,0.4082,0.0,50.0,73.0,39.6,0,8.9,0.0,0.0,0.0,59.1,58.6,100,31.9,277
sale,2 Bedroom Apartment,1550000,2,2,60 m²,Nuutgevonden Estate,Nuutgevonden,Stellenbosch,https://www.property24.com/for-sale/nuutgevonden/stellenbosch/western-cape/14263/116115132,,,"SOLE MANDATE AGENT

This well-maintained and spacious two-bedroom, two-bathroom ...",,https://images.prop24.com/256559818/Ensure264x153,12000,144000,9.29,True,mandate,13750.0,165000.0,rental_suburb,600,969.0,1938.0,0.0,1200,95325.0,0.0615,10.65,9.39,0.89,0.3423,10200.0,50000,391700.0,1240000.0,12799.0,-4855.0,-58265.0,-0.1487,0.62,1.2731,1191562.0,-23.12,25833.0,26665.0,-3.12,1860000.0,1488000.0,248000.0,143700.0,-7415.0,-0.29,1846075.0,2074250.0,2775814.0,420537.0,1126093.0,948157.0,638157.0,-239093.0,181444.0,0.4632,0.0791,0.2434,4,4,1.5,0.67,0.0255,0.0,50.0,50.0,35.0,30,41.0,0.0,0.0,0.0,84.5,63.3,60,31.9,278
sale,3 Bedroom House,3010000,3,2,243 m²,Aan de Wijnlanden,Aan de Wijnlanden,Stellenbosch,https://www.property24.com/for-sale/aan-de-wijnlanden/stellenbosch/western-cape/17617/116773311,,,"Aan de Wijnlanden Extension 5 – Plan Type I

This 3-bedroom home offers modern comfort, quality finishes, and functional space in a ...",,https://images.prop24.com/242461081/Ensure264x153,12000,144000,4.78,False,,6500.0,78000.0,rental_area_q1,600,1881.0,3762.0,0.0,1200,-17565.0,-0.0058,2.59,38.59,0.22,1.1452,108456.0,50000,781956.0,2408000.0,24855.0,-26319.0,-315826.0,-0.4039,-0.06,4.9691,-219562.0,-107.29,12387.0,14384.0,-13.89,3612000.0,2889600.0,481600.0,300356.0,-31290.0,-1.8,3584958.0,4028059.0,5390452.0,816656.0,2186800.0,1841259.0,1239259.0,-1594340.0,-777684.0,-0.9945,-0.6472,-0.0225,0,32,0.16,,0.5383,9.6,50.0,50.0,37.9,0,-3.9,0.0,0.0,0.0,69.9,61.6,100,31.9,279
sale,3 Bedroom House,3010000,3,2,243 m²,Aan de Wijnlanden,Aan de Wijnlanden,Stellenbosch,https://www.property24.com/for-sale/aan-de-wijnlanden/stellenbosch/western-cape/17617/116208350,,,"Aan de Wijnlanden Extension 5 – Plan Type I

This 3-bedroom home offers modern comfort, quality finishes, and functional space in a ...",,https://images.prop24.com/242461081/Ensure264x153,12000,144000,4.78,False,,6500.0,78000.0,rental_area_q1,600,1881.0,3762.0,0.0,1200,-17565.0,-0.0058,2.59,38.59,0.22,1.1452,108456.0,50000,781956.0,2408000.0,24855.0,-26319.0,-315826.0,-0.4039,-0.06,4.9691,-219562.0,-107.29,12387.0,14384.0,-13.89,3612000.0,2889600.0,481600.0,300356.0,-31290.0,-1.8,3584958.0,4028059.0,5390452.0,816656.0,2186800.0,1841259.0,1239259.0,-1594340.0,-777684.0,-0.9945,-0.6472,-0.0225,0,32,0.16,,0.5383,9.6,50.0,50.0,37.9,0,-3.9,0.0,0.0,0.0,69.9,61.6,100,31.9,280
sale,3 Bedroom House,1380000,3,1,359 m²,10 Kirschbaum Street,Worcester Central,Worcester,https://www.property24.com/for-sale/worcester-central/worcester/western-cape/8860/116901853,,,"Welcome to this well-maintained and inviting home, perfectly located in the central part ...",,https://images.prop24.com/373525835/Crop600x400,7000,84000,6.09,False,,12000.0,144000.0,rental_suburb,400,862.0,1725.0,0.0,1200,82230.0,0.0596,10.43,9.58,0.87,0.349,5100.0,50000,352600.0,1104000.0,11395.0,-4543.0,-54514.0,-0.1546,0.6,1.2986,822300.0,-40.41,3844.0,10714.0,-64.12,1656000.0,1324800.0,220800.0,131800.0,-6822.0,-0.33,1643602.0,1846751.0,2471370.0,374414.0,1002586.0,844165.0,568165.0,-227603.0,146811.0,0.4164,0.0721,0.2332,1,20,0.6,0.0,1.0847,0.0,50.0,50.0,35.0,0,39.7,0.0,0.0,0.0,86.2,62.6,90,31.9,281
sale,3 Bedroom House,4106000,3,2,402 m²,13 Sherston Road,Mount Royal Golf Estate,Malmesbury,https://www.property24.com/for-sale/mount-royal-golf-estate/malmesbury/western-cape/12932/116804356,,,The Developer is offering a limited number of only 20 x full title designer homes in the ...,,https://images.prop24.com/336182789/Ensure264x153,7500,90000,2.19,False,,15000.0,180000.0,rental_area_q1,400,2566.0,5132.0,0.0,1200,54015.0,0.0132,4.38,22.81,0.37,0.6199,229016.0,50000,1121716.0,3284800.0,33905.0,-29404.0,-352849.0,-0.3146,0.13,2.8803,514429.0,-87.47,10214.0,9082.0,12.47,4927200.0,3941760.0,656960.0,464756.0,-36185.0,-1.31,4890312.0,5494754.0,7353221.0,1114017.0,2983056.0,2511698.0,1690498.0,-1739106.0,-625089.0,-0.5573,-0.1504,0.0482,0,14,0.0,,0.4082,0.0,50.0,73.0,39.6,0,8.8,0.0,0.0,0.0,58.9,58.6,100,31.8,282
sale,3 Bedroom House,3249900,3,2,300 m²,"Klipfontein Dr, Malmesbury, Malmesbury Rural, Malmesbury, Malmesbury Rural, Malmesbury,.",Malmesbury Rural,Malmesbury,https://www.property24.com/for-sale/malmesbury-rural/malmesbury/western-cape/16580/116711594?plId=2361907&plt=4,,,"Your Forever-Home at Klipfontein Country Estate – Klippenwag

Welcome to Klippenwag, the latest phase of Klipfontein Country Estate, featuring 85 beautifully crafted homes from ...",,https://images.prop24.com/340225847/Ensure528x153,7500,90000,2.77,False,,16250.0,195000.0,rental_suburb,400,2031.0,4062.0,0.0,1200,87077.0,0.0268,6.0,16.67,0.5,0.4734,134845.0,50000,856325.0,2599920.0,26836.0,-19580.0,-234956.0,-0.2744,0.27,2.1249,829307.0,-74.48,10833.0,9845.0,10.04,3899880.0,3119904.0,519984.0,336341.0,-24947.0,-1.05,3870683.0,4349099.0,5820076.0,881744.0,2361090.0,1988010.0,1338030.0,-1129349.0,-247604.0,-0.2891,-0.066,0.1017,2,8,0.38,0.15,0.4913,0.0,50.0,73.0,39.6,0,17.9,0.0,0.0,0.0,67.5,60.7,80,31.8,283
sale,3 Bedroom House,5500000,3,3,419 m²,Paradyskloof,Paradyskloof,Stellenbosch,https://www.property24.com/for-sale/paradyskloof/stellenbosch/western-cape/8540/116999222,,,"SOLE MANDATE

Discover refined family living in the heart of Paradyskloof, one of Stellenbosch's most sought-after and ...",,https://images.prop24.com/100958998/Ensure264x153,12000,144000,2.62,False,mandate,6500.0,78000.0,rental_area_q1,600,3438.0,6875.0,0.0,1200,-73590.0,-0.0134,1.42,70.51,0.12,1.8635,382356.0,50000,1553856.0,4400000.0,45416.0,-51549.0,-618585.0,-0.3981,-0.14,8.8506,-919875.0,-116.72,13126.0,16271.0,-19.33,6600000.0,5280000.0,880000.0,673856.0,-60632.0,-1.82,6550588.0,7360241.0,9849662.0,1492229.0,3995813.0,3364428.0,2264428.0,-3143830.0,-1651601.0,-1.0629,0.0,-0.0474,0,3,0.33,,0.2601,10.2,50.0,50.0,38.1,30,-8.9,0.0,0.0,0.0,45.0,56.6,100,31.8,284
sale,2 Bedroom Apartment,1599900,2,2,60 m²,Nuutgevonden Estate,Nuutgevonden,Stellenbosch,https://www.property24.com/for-sale/nuutgevonden/stellenbosch/western-cape/14263/116741824,,,"SOLE MANDATE AGENT

Nuutgevonden Estate - Modern two-bedroom, two-bathroom ground ...",,https://images.prop24.com/256559818/Ensure264x153,12000,144000,9.0,True,mandate,13750.0,165000.0,rental_suburb,600,1000.0,2000.0,0.0,1200,94202.0,0.0589,10.31,9.7,0.86,0.3491,11697.0,50000,403177.0,1279920.0,13211.0,-5361.0,-64332.0,-0.1596,0.59,1.3099,1177528.0,-26.4,26665.0,26665.0,0.0,1919880.0,1535904.0,255984.0,147193.0,-8003.0,-0.35,1905506.0,2141027.0,2865177.0,434076.0,1162346.0,978681.0,658701.0,-270145.0,163930.0,0.4066,0.0706,0.2336,4,4,1.5,0.67,0.0255,0.0,50.0,50.0,35.0,30,39.3,0.0,0.0,0.0,84.0,63.5,60,31.8,285
sale,2 Bedroom Apartment,2200000,2,1,38 m²,3 Dennesig Street,Dennesig,Stellenbosch,https://www.property24.com/for-sale/dennesig/stellenbosch/western-cape/8529/116451384,,,"**SOLE EXCLUSIVE MANDATE**
Investor Opportunity on your doorstep - Currently rental of ...",,https://images.prop24.com/279829804/Ensure264x153,12000,144000,6.55,False,,20000.0,240000.0,rental_suburb,600,1375.0,2750.0,0.0,1200,149700.0,0.068,10.91,9.17,0.91,0.2963,45786.0,50000,557286.0,1760000.0,18167.0,-5692.0,-68298.0,-0.1226,0.69,1.2046,1871250.0,-14.94,57895.0,73641.0,-21.38,2640000.0,2112000.0,352000.0,205286.0,-9325.0,-0.13,2620235.0,2944096.0,3939865.0,596891.0,1598325.0,1345771.0,905771.0,-258483.0,338408.0,0.6072,0.0996,0.2686,1,14,0.21,0.0,0.2863,0.0,50.0,50.0,35.0,0,45.4,0.0,0.0,0.0,78.0,63.2,90,31.8,286
sale,1 Bedroom Apartment,1750000,1,1,45 m²,La Colline,La Colline,Stellenbosch,https://www.property24.com/for-sale/la-colline/stellenbosch/western-cape/8537/116513802,,,"Discover an exceptional investment opportunity in the heart of Stellenbosch! This stylish one-bedroom, one-bathroom apartment offers ...",,https://images.prop24.com/366497451/Crop600x400,8500,102000,5.83,False,,8000.0,96000.0,rental_suburb,600,1094.0,2188.0,0.0,1200,27345.0,0.0156,5.49,18.23,0.46,0.6352,18786.0,50000,440286.0,1400000.0,14451.0,-12172.0,-146063.0,-0.3317,0.16,2.4415,341812.0,-80.47,38889.0,51124.0,-23.93,2100000.0,1680000.0,280000.0,160286.0,-15062.0,-1.36,2084278.0,2341895.0,3133983.0,474800.0,1271395.0,1070500.0,720500.0,-717838.0,-243038.0,-0.552,-0.1484,0.0621,3,56,0.14,0.39,0.3779,9.5,50.0,50.0,37.9,0,10.4,0.0,0.0,0.0,82.5,63.6,70,31.8,287
sale,3 Bedroom Apartment,5950000,3,3,92 m²,"- De Waal Center, 1 Andringa Street",Stellenbosch Central,Stellenbosch,https://www.property24.com/for-sale/stellenbosch-central/stellenbosch/western-cape/8566/114461516,,,"Dual Mandate.

Introducing a rare opportunity in the heart of Stellenbosch - 4 luxurious ...",,https://images.prop24.com/335035513/Crop600x400,12000,144000,2.42,False,mandate,10000.0,120000.0,rental_suburb,600,3719.0,7438.0,0.0,1200,-45075.0,-0.0076,2.02,49.58,0.17,1.2956,431856.0,50000,1693356.0,4760000.0,49132.0,-52888.0,-634661.0,-0.3748,-0.08,6.2088,-563438.0,-109.47,64674.0,55882.0,15.73,7140000.0,5712000.0,952000.0,741356.0,-62715.0,-1.68,7086545.0,7962442.0,10655544.0,1614320.0,4322743.0,3639699.0,2449699.0,-3208205.0,-1593885.0,-0.9413,-0.4327,-0.0266,3,87,0.54,0.4,0.4083,16.1,50.0,50.0,39.8,30,-5.1,0.0,0.0,0.0,40.5,56.2,70,31.8,288
sale,3 Bedroom House,1900000,3,2,1 285 m²,3 Goosen,Prince Alfred Hamlet,Ceres,https://www.property24.com/for-sale/prince-alfred-hamlet/ceres/western-cape/7615/115654095,,,"SOLE MANDATE | UNDER OFFER

The property is situated on the tranquil outskirts of Prince ...",,https://images.prop24.com/367483780/Ensure264x153,6000,72000,3.79,False,mandate,6000.0,72000.0,csv_estimate,300,1188.0,2375.0,0.0,1200,5490.0,0.0029,3.79,26.39,0.32,0.8438,27786.0,50000,479286.0,1520000.0,15689.0,-15232.0,-182781.0,-0.3814,0.03,3.4586,49909.0,-97.37,,1397.0,,2280000.0,1824000.0,304000.0,175286.0,-18370.0,-1.66,2262930.0,2542629.0,3402611.0,515497.0,1380372.0,1162257.0,782257.0,-914118.0,-398621.0,-0.8317,-0.2998,0.0115,0,2,0.0,,0.2918,0.0,50.0,50.0,35.0,30,1.9,0.0,0.0,0.0,81.0,63.4,100,31.8,289
sale,3 Bedroom House,1355000,3,1,209 m²,4 Uitnood Street,Robertson,Robertson,https://www.property24.com/for-sale/robertson/robertson/western-cape/16671/116268929,,,"Discover this charming freestanding three-bedroom townhouse, nestled in a quiet ...",,https://images.prop24.com/373497860/Ensure264x153,6000,72000,5.31,False,,15000.0,180000.0,rental_suburb,300,847.0,1694.0,0.0,1200,117112.0,0.0864,13.28,7.53,1.11,0.2694,4350.0,50000,346850.0,1084000.0,11189.0,-1430.0,-17155.0,-0.0495,0.87,1.0153,1171125.0,-13.57,6483.0,9366.0,-30.78,1626000.0,1300800.0,216800.0,130050.0,-3667.0,0.29,1613827.0,1813296.0,2426599.0,367631.0,984423.0,828873.0,557873.0,-20435.0,347196.0,1.001,0.1488,0.3376,4,56,0.21,0.36,0.3369,0.0,50.0,50.0,35.0,0,57.6,0.0,10.3,0.0,86.5,62.5,60,31.8,290
sale,3 Bedroom House,1795000,3,2,604 m²,18 Albert Street,Robertson,Robertson,https://www.property24.com/for-sale/robertson/robertson/western-cape/16671/113754188,,,"Dual Mandate:  This property is located on a corner with high perimeter walls, and close ...",,https://images.prop24.com/233852929/Ensure264x153,6000,72000,4.01,False,mandate,15000.0,180000.0,rental_suburb,300,1122.0,2244.0,0.0,1200,107212.0,0.0597,10.03,9.97,0.84,0.3244,21486.0,50000,451986.0,1436000.0,14822.0,-5888.0,-70654.0,-0.1563,0.6,1.3125,1072125.0,-40.27,2972.0,9366.0,-68.27,2154000.0,1723200.0,287200.0,164786.0,-8852.0,-0.33,2137874.0,2402115.0,3214572.0,487009.0,1304088.0,1098027.0,739027.0,-294241.0,192769.0,0.4265,0.0736,0.2372,4,56,0.21,0.36,0.3369,0.0,50.0,50.0,35.0,30,39.8,0.0,0.0,0.0,82.0,63.5,60,31.8,291
sale,3 Bedroom House,4300000,3,2,860 m²,19 Kort Street,Bergzicht,Malmesbury,https://www.property24.com/for-sale/bergzicht/malmesbury/western-cape/7896/116961453,,,Discover a rare mixed-use opportunity perfectly positioned on a high-visibility corner ...,,https://images.prop24.com/185178535/Ensure264x153,7500,90000,2.09,False,,15000.0,180000.0,rental_area_q1,400,2688.0,5375.0,0.0,1200,49650.0,0.0115,4.19,23.89,0.35,0.6442,250356.0,50000,1181856.0,3440000.0,35507.0,-31370.0,-376437.0,-0.3185,0.12,3.0113,472857.0,-89.0,5000.0,5122.0,-2.39,5160000.0,4128000.0,688000.0,493856.0,-38471.0,-1.33,5121369.0,5754370.0,7700645.0,1166651.0,3123999.0,2630371.0,1770371.0,-1859829.0,-693178.0,-0.5865,-0.1619,0.042,0,5,0.8,,0.3685,0.0,50.0,73.0,39.6,0,7.7,0.0,0.0,0.0,57.0,58.2,100,31.7,292
sale,3 Bedroom House,4250000,3,4,357 m²,21 Mount Juliet,Mount Royal Golf Estate,Malmesbury,https://www.property24.com/for-sale/mount-royal-golf-estate/malmesbury/western-cape/12932/116975136,,,"**Dual Listing** 

An exceptional opportunity to secure a nearly completed 201m² ...",,https://images.prop24.com/336182789/Ensure264x153,7500,90000,2.12,False,,15000.0,180000.0,rental_area_q1,400,2656.0,5312.0,0.0,1200,50775.0,0.0119,4.24,23.61,0.35,0.6379,244856.0,50000,1166356.0,3400000.0,35094.0,-30863.0,-370358.0,-0.3175,0.12,2.9775,483571.0,-88.62,11905.0,9082.0,31.08,5100000.0,4080000.0,680000.0,486356.0,-37882.0,-1.33,5061818.0,5687459.0,7611103.0,1153086.0,3087674.0,2599785.0,1749785.0,-1828715.0,-675629.0,-0.5793,-0.159,0.0435,0,14,0.0,,0.4082,0.0,50.0,73.0,39.6,0,8.0,0.0,0.0,0.0,57.5,58.3,100,31.7,293
sale,3 Bedroom House,4250000,3,3,357 m²,Mount Royal Golf Estate,Mount Royal Golf Estate,Malmesbury,https://www.property24.com/for-sale/mount-royal-golf-estate/malmesbury/western-cape/12932/116372735,,,"Exclusive to The One Team
Discover a rare opportunity to own a brand-new, plot-and-plan home in the prestigious Mount Royal Golf and ...",,https://images.prop24.com/244520442/Ensure264x153,7500,90000,2.12,False,,15000.0,180000.0,rental_area_q1,400,2656.0,5312.0,0.0,1200,50775.0,0.0119,4.24,23.61,0.35,0.6379,244856.0,50000,1166356.0,3400000.0,35094.0,-30863.0,-370358.0,-0.3175,0.12,2.9775,483571.0,-88.62,11905.0,9082.0,31.08,5100000.0,4080000.0,680000.0,486356.0,-37882.0,-1.33,5061818.0,5687459.0,7611103.0,1153086.0,3087674.0,2599785.0,1749785.0,-1828715.0,-675629.0,-0.5793,-0.159,0.0435,0,14,0.0,,0.4082,0.0,50.0,73.0,39.6,0,8.0,0.0,0.0,0.0,57.5,58.3,100,31.7,294
sale,3 Bedroom House,4300000,3,2,860 m²,19 Kort Street,Bergzicht,Malmesbury,https://www.property24.com/for-sale/bergzicht/malmesbury/western-cape/7896/116898056,,,Discover a rare mixed-use opportunity perfectly positioned on a high-visibility corner ...,,https://images.prop24.com/185178535/Ensure264x153,7500,90000,2.09,False,,15000.0,180000.0,rental_area_q1,400,2688.0,5375.0,0.0,1200,49650.0,0.0115,4.19,23.89,0.35,0.6442,250356.0,50000,1181856.0,3440000.0,35507.0,-31370.0,-376437.0,-0.3185,0.12,3.0113,472857.0,-89.0,5000.0,5122.0,-2.39,5160000.0,4128000.0,688000.0,493856.0,-38471.0,-1.33,5121369.0,5754370.0,7700645.0,1166651.0,3123999.0,2630371.0,1770371.0,-1859829.0,-693178.0,-0.5865,-0.1619,0.042,0,5,0.8,,0.3685,0.0,50.0,73.0,39.6,0,7.7,0.0,0.0,0.0,57.0,58.2,100,31.7,295
sale,2 Bedroom Apartment,1650000,2,2,57 m²,Nuutgevonden,Nuutgevonden,Stellenbosch,https://www.property24.com/for-sale/nuutgevonden/stellenbosch/western-cape/14263/116904944,,,"Excellent Investment Opportunity
SOLE MANDATE

Welcome to this stylish and spacious two-bedroom, two-bathroom ground-floor apartment in ...",,https://images.prop24.com/242461081/Ensure264x153,12000,144000,8.73,True,mandate,13750.0,165000.0,rental_suburb,600,1031.0,2062.0,0.0,1200,93075.0,0.0564,10.0,10.0,0.83,0.3559,13200.0,50000,414700.0,1320000.0,13625.0,-5869.0,-70424.0,-0.1698,0.57,1.3468,1163438.0,-29.49,28947.0,26665.0,8.56,1980000.0,1584000.0,264000.0,150700.0,-8594.0,-0.41,1965176.0,2208072.0,2954899.0,447669.0,1198744.0,1009328.0,679328.0,-301322.0,146347.0,0.3529,0.0623,0.2244,4,4,1.5,0.67,0.0255,0.0,50.0,50.0,35.0,30,37.6,0.0,0.0,0.0,83.5,63.7,60,31.7,296
sale,2 Bedroom Apartment,1450000,2,1,40 m²,La Colline,La Colline,Stellenbosch,https://www.property24.com/for-sale/la-colline/stellenbosch/western-cape/8537/116831027,,,"±950 m from Stellenbosch University | Investment gold 

2 bedroom 1 bathroom ground floor apartment with dedicated underground ...",,https://images.prop24.com/341773167/Ensure264x153,12000,144000,9.93,True,,10000.0,120000.0,rental_suburb,600,906.0,1812.0,0.0,1200,56175.0,0.0387,8.28,12.08,0.69,0.4519,7200.0,50000,368700.0,1160000.0,11973.0,-7292.0,-87506.0,-0.2373,0.39,1.6492,702188.0,-51.57,36250.0,51124.0,-29.09,1740000.0,1392000.0,232000.0,136700.0,-9687.0,-0.81,1726973.0,1940427.0,2596729.0,393406.0,1053442.0,886985.0,596985.0,-407922.0,-14516.0,-0.0394,-0.008,0.1524,5,56,0.14,0.73,0.3779,9.5,50.0,50.0,37.9,0,25.8,0.0,0.0,0.0,85.5,62.9,50,31.7,297
sale,3 Bedroom House,3290000,3,2,388 m²,Aan de Wijnlanden,Aan de Wijnlanden,Stellenbosch,https://www.property24.com/for-sale/aan-de-wijnlanden/stellenbosch/western-cape/17617/116860991,,,Grab this rare opportunity to own a modern home in the highly sought-after Aan de Wijnlanden Extension 5. With only a few plots ...,,https://images.prop24.com/242461081/Ensure264x153,12000,144000,4.38,False,,6500.0,78000.0,rental_area_q1,600,2056.0,4112.0,0.0,1200,-23865.0,-0.0073,2.37,42.18,0.2,1.226,139256.0,50000,868756.0,2632000.0,27167.0,-29156.0,-349871.0,-0.4027,-0.07,5.4055,-298312.0,-109.07,8479.0,14384.0,-41.05,3948000.0,3158400.0,526400.0,342356.0,-34589.0,-1.81,3918443.0,4402762.0,5891889.0,892624.0,2390223.0,2012539.0,1354539.0,-1768580.0,-875956.0,-1.0083,0.0,-0.0275,0,32,0.16,,0.5383,9.6,50.0,50.0,37.9,0,-4.8,0.0,0.0,0.0,67.1,60.6,100,31.7,298
sale,3 Bedroom House,3290000,3,2,380 m²,Aan de Wijnlanden,Aan de Wijnlanden,Stellenbosch,https://www.property24.com/for-sale/aan-de-wijnlanden/stellenbosch/western-cape/17617/116832915,,,Grab this rare opportunity to own a modern home in the highly sought-after Aan de Wijnlanden Extension 5. With only a few plots ...,,https://images.prop24.com/242461081/Ensure264x153,12000,144000,4.38,False,,6500.0,78000.0,rental_area_q1,600,2056.0,4112.0,0.0,1200,-23865.0,-0.0073,2.37,42.18,0.2,1.226,139256.0,50000,868756.0,2632000.0,27167.0,-29156.0,-349871.0,-0.4027,-0.07,5.4055,-298312.0,-109.07,8658.0,14384.0,-39.81,3948000.0,3158400.0,526400.0,342356.0,-34589.0,-1.81,3918443.0,4402762.0,5891889.0,892624.0,2390223.0,2012539.0,1354539.0,-1768580.0,-875956.0,-1.0083,0.0,-0.0275,0,32,0.16,,0.5383,9.6,50.0,50.0,37.9,0,-4.8,0.0,0.0,0.0,67.1,60.6,100,31.7,299
sale,2 Bedroom Apartment,1475000,2,1,39 m²,La Colline,La Colline,Stellenbosch,https://www.property24.com/for-sale/la-colline/stellenbosch/western-cape/8537/116661504,,,"Sole and Exclusive Mandate!

This charming two bedroom apartment offers a warm and comfortable lifestyle in a secure and well-managed ...",,https://images.prop24.com/332501828/Ensure264x153,12000,144000,9.76,True,,10000.0,120000.0,rental_suburb,600,922.0,1844.0,0.0,1200,55612.0,0.0377,8.14,12.29,0.68,0.4566,7950.0,50000,374450.0,1180000.0,12180.0,-7545.0,-90545.0,-0.2418,0.38,1.6745,695156.0,-52.87,37821.0,51124.0,-26.02,1770000.0,1416000.0,236000.0,138450.0,-9981.0,-0.84,1756749.0,1973883.0,2641500.0,400189.0,1071604.0,902278.0,607278.0,-423479.0,-23291.0,-0.0622,-0.0128,0.1485,5,56,0.14,0.73,0.3779,9.5,50.0,50.0,37.9,0,25.1,0.0,0.0,0.0,85.2,63.0,50,31.7,300
sale,2 Bedroom Apartment,1475000,2,1,39 m²,La Colline,La Colline,Stellenbosch,https://www.property24.com/for-sale/la-colline/stellenbosch/western-cape/8537/116787291,,,"Sole and Exclusive Mandate!

This charming two bedroom apartment offers a warm and comfortable lifestyle in a secure and well-managed ...",,https://images.prop24.com/332501828/Ensure264x153,12000,144000,9.76,True,,10000.0,120000.0,rental_suburb,600,922.0,1844.0,0.0,1200,55612.0,0.0377,8.14,12.29,0.68,0.4566,7950.0,50000,374450.0,1180000.0,12180.0,-7545.0,-90545.0,-0.2418,0.38,1.6745,695156.0,-52.87,37821.0,51124.0,-26.02,1770000.0,1416000.0,236000.0,138450.0,-9981.0,-0.84,1756749.0,1973883.0,2641500.0,400189.0,1071604.0,902278.0,607278.0,-423479.0,-23291.0,-0.0622,-0.0128,0.1485,5,56,0.14,0.73,0.3779,9.5,50.0,50.0,37.9,0,25.1,0.0,0.0,0.0,85.2,63.0,50,31.7,301
sale,3 Bedroom House,3175000,3,2,304 m²,Aan de Wijnlanden,Aan de Wijnlanden,Stellenbosch,https://www.property24.com/for-sale/aan-de-wijnlanden/stellenbosch/western-cape/17617/116347575,,,"Exclusive Mandate on this single storey home, situated in a prime position within Aan de Wijnlanden Estate. This modern home has ...",,https://images.prop24.com/260443534/Ensure264x153,12000,144000,4.54,False,,6500.0,78000.0,rental_area_q1,600,1984.0,3969.0,0.0,1200,-21278.0,-0.0067,2.46,40.71,0.2,1.1928,126606.0,50000,833106.0,2540000.0,26218.0,-27991.0,-335889.0,-0.4032,-0.07,5.2263,-265969.0,-108.38,10444.0,14384.0,-27.39,3810000.0,3048000.0,508000.0,325106.0,-33234.0,-1.81,3781476.0,4248866.0,5685941.0,861423.0,2306674.0,1942192.0,1307192.0,-1697017.0,-835594.0,-1.003,0.0,-0.0255,0,32,0.16,,0.5383,9.6,50.0,50.0,37.9,0,-4.5,0.0,0.0,0.0,68.2,61.0,100,31.7,302
sale,3 Bedroom House,3260000,3,2,360 m²,Aan de Wijnlanden,Aan de Wijnlanden,Stellenbosch,https://www.property24.com/for-sale/aan-de-wijnlanden/stellenbosch/western-cape/17617/116122856,,,"Final Phase Now Selling – Extension 5 at Aan De Wijnlanden

The final phase of Aan De Wijnlanden is now underway, and over 60% of the ...",,https://images.prop24.com/242461081/Ensure264x153,12000,144000,4.42,False,,6500.0,78000.0,rental_area_q1,600,2038.0,4075.0,0.0,1200,-23190.0,-0.0071,2.39,41.79,0.2,1.2173,135956.0,50000,859456.0,2608000.0,26919.0,-28852.0,-346224.0,-0.4028,-0.07,5.3588,-289875.0,-108.89,9056.0,14384.0,-37.05,3912000.0,3129600.0,521600.0,337856.0,-34236.0,-1.81,3882712.0,4362615.0,5838163.0,884485.0,2368427.0,1994188.0,1342188.0,-1749911.0,-865427.0,-1.0069,0.0,-0.027,0,32,0.16,,0.5383,9.6,50.0,50.0,37.9,0,-4.7,0.0,0.0,0.0,67.4,60.7,100,31.7,303
sale,2 Bedroom House,2195000,2,2,468 m²,13 Mall Mews,Hospital Park,Worcester,https://www.property24.com/for-sale/hospital-park/worcester/western-cape/18077/116677932,,,"EXCLUSIVE SOLE MANDATE

This home offers comfortable, open-plan living with a ...",,https://images.prop24.com/369630133/Crop600x400,7000,84000,3.83,False,mandate,7100.0,85200.0,rental_area_q1,400,1372.0,2744.0,0.0,1200,9796.0,0.0045,3.88,25.76,0.32,0.805,45486.0,50000,555986.0,1756000.0,18125.0,-17309.0,-207706.0,-0.3736,0.05,3.3579,97965.0,-95.54,4690.0,8351.0,-43.84,2634000.0,2107200.0,351200.0,204786.0,-20934.0,-1.61,2614280.0,2937405.0,3930911.0,595535.0,1594693.0,1342712.0,903712.0,-1036680.0,-441145.0,-0.7934,-0.2705,0.0176,0,4,0.25,,0.3959,0.0,50.0,50.0,35.0,30,3.0,0.0,0.0,0.0,78.0,63.2,100,31.7,304
sale,3 Bedroom House,990000,3,1,140 m²,7 Bow Avenue,Worcester Rural,Worcester,https://www.property24.com/for-sale/worcester-rural/worcester/western-cape/16610/115936890,,,Only with us!  Escape the hustle and unwind in this cozy cabin nestled within a ...,,https://images.prop24.com/103291119/Ensure264x153,7000,84000,8.48,True,,8300.0,99600.0,rental_area_q1,400,619.0,1238.0,0.0,1200,50157.0,0.0507,10.06,9.94,0.84,0.4164,0.0,100000,319500.0,792000.0,8175.0,-3995.0,-47942.0,-0.1501,0.51,1.4013,501570.0,-49.34,7071.0,8018.0,-11.8,1188000.0,950400.0,158400.0,161100.0,-5630.0,-0.42,1179106.0,1324843.0,1772939.0,268601.0,719246.0,605597.0,407597.0,-212888.0,55713.0,0.1744,0.0327,0.157,0,8,0.0,,0.7201,0.0,50.0,50.0,35.0,0,33.8,0.0,0.0,0.0,90.1,49.6,100,31.7,305
sale,2 Bedroom Apartment,1495000,2,1,47 m²,La Colline,La Colline,Stellenbosch,https://www.property24.com/for-sale/la-colline/stellenbosch/western-cape/8537/116579713,,,Lovely 2 Bed 1 Bath Apartment with private Stoep area and open plan living area with kitchenette. Ideal Student accommodation and very ...,,https://images.prop24.com/317283140/Crop600x400,12000,144000,9.63,True,,10000.0,120000.0,rental_suburb,600,934.0,1869.0,0.0,1200,55162.0,0.0369,8.03,12.46,0.67,0.4603,8550.0,50000,379050.0,1196000.0,12345.0,-7748.0,-92977.0,-0.2453,0.37,1.6948,689531.0,-53.88,31809.0,51124.0,-37.78,1794000.0,1435200.0,239200.0,139850.0,-10217.0,-0.86,1780569.0,2000647.0,2677317.0,405615.0,1086135.0,914513.0,615513.0,-435925.0,-30310.0,-0.08,-0.0165,0.1455,5,56,0.14,0.73,0.3779,9.5,50.0,50.0,37.9,0,24.6,0.0,0.0,0.0,85.0,63.1,50,31.6,306
sale,2 Bedroom Apartment,1495000,2,1,47 m²,La Colline,La Colline,Stellenbosch,https://www.property24.com/for-sale/la-colline/stellenbosch/western-cape/8537/116793839,,,Lovely 2 Bed 1 Bath Apartment with private Stoep area and open plan living area with kitchenette. Ideal Student accommodation and very ...,,https://images.prop24.com/317283140/Crop600x400,12000,144000,9.63,True,,10000.0,120000.0,rental_suburb,600,934.0,1869.0,0.0,1200,55162.0,0.0369,8.03,12.46,0.67,0.4603,8550.0,50000,379050.0,1196000.0,12345.0,-7748.0,-92977.0,-0.2453,0.37,1.6948,689531.0,-53.88,31809.0,51124.0,-37.78,1794000.0,1435200.0,239200.0,139850.0,-10217.0,-0.86,1780569.0,2000647.0,2677317.0,405615.0,1086135.0,914513.0,615513.0,-435925.0,-30310.0,-0.08,-0.0165,0.1455,5,56,0.14,0.73,0.3779,9.5,50.0,50.0,37.9,0,24.6,0.0,0.0,0.0,85.0,63.1,50,31.6,307
sale,2 Bedroom Apartment,2595000,2,3,106 m²,Groenvlei,Groenvlei,Paarl,https://www.property24.com/for-sale/groenvlei/paarl/western-cape/8601/116930347,,,"Exclusive Sole Mandate

Built in 2024, this modern duplex flat is located in Sultana Street, offering practical, easy living in a ...",,https://images.prop24.com/275940058/Ensure264x153,9500,114000,4.39,False,mandate,8500.0,102000.0,rental_area_q1,1124.0,1622.0,3244.0,0.0,1200,7570.0,0.0029,3.93,25.44,0.33,0.8458,74800.0,50000,665300.0,2076000.0,21428.0,-20797.0,-249569.0,-0.3751,0.03,3.3668,84113.0,-96.76,24481.0,14191.0,72.51,3114000.0,2491200.0,415200.0,250100.0,-25083.0,-1.63,3090687.0,3472695.0,4647250.0,704061.0,1885297.0,1587398.0,1068398.0,-1248275.0,-544215.0,-0.818,-0.2888,0.0114,0,7,0.0,,0.4534,0.0,50.0,51.0,35.2,30,1.9,0.0,0.0,0.0,74.0,62.4,100,31.5,308
sale,2 Bedroom Apartment,2595000,2,3,106 m²,Groenvlei,Groenvlei,Paarl,https://www.property24.com/for-sale/groenvlei/paarl/western-cape/8601/116859157,,,"Exclusive Sole Mandate

Built in 2024, this modern duplex flat is located in Sultana Street, offering practical, easy living in a ...",,https://images.prop24.com/275940058/Ensure264x153,9500,114000,4.39,False,mandate,8500.0,102000.0,rental_area_q1,1124.0,1622.0,3244.0,0.0,1200,7570.0,0.0029,3.93,25.44,0.33,0.8458,74800.0,50000,665300.0,2076000.0,21428.0,-20797.0,-249569.0,-0.3751,0.03,3.3668,84113.0,-96.76,24481.0,14191.0,72.51,3114000.0,2491200.0,415200.0,250100.0,-25083.0,-1.63,3090687.0,3472695.0,4647250.0,704061.0,1885297.0,1587398.0,1068398.0,-1248275.0,-544215.0,-0.818,-0.2888,0.0114,0,7,0.0,,0.4534,0.0,50.0,51.0,35.2,30,1.9,0.0,0.0,0.0,74.0,62.4,100,31.5,309
sale,2 Bedroom Apartment,1600000,2,1,38 m²,11 Taylor Street,La Colline,Stellenbosch,https://www.property24.com/for-sale/la-colline/stellenbosch/western-cape/8537/117063942,,,"Larez is a well-appointed residential complex in Stellenbosch, offering a perfect blend ...",,https://images.prop24.com/371639914/Crop600x400,12000,144000,9.0,True,,10000.0,120000.0,rental_suburb,600,1000.0,2000.0,0.0,1200,52800.0,0.033,7.5,13.33,0.62,0.48,11700.0,50000,403200.0,1280000.0,13212.0,-8812.0,-105744.0,-0.2623,0.33,1.8012,660000.0,-58.75,42105.0,51124.0,-17.64,1920000.0,1536000.0,256000.0,147200.0,-11454.0,-0.95,1905626.0,2141161.0,2865356.0,434103.0,1162418.0,978743.0,658743.0,-501265.0,-67162.0,-0.1666,-0.0358,0.131,5,56,0.14,0.73,0.3779,9.5,50.0,50.0,37.9,0,22.0,0.0,0.0,0.0,84.0,63.5,50,31.5,310
sale,2 Bedroom Apartment,1600000,2,1,38 m²,La Colline,La Colline,Stellenbosch,https://www.property24.com/for-sale/la-colline/stellenbosch/western-cape/8537/116989009,,,Beautifully renovated and furnished 2 Bed 1 Bath Apartment open plan living area with kitchenette. Ideal Student accommodation and very ...,,https://images.prop24.com/274247493/Ensure264x153,12000,144000,9.0,True,,10000.0,120000.0,rental_suburb,600,1000.0,2000.0,0.0,1200,52800.0,0.033,7.5,13.33,0.62,0.48,11700.0,50000,403200.0,1280000.0,13212.0,-8812.0,-105744.0,-0.2623,0.33,1.8012,660000.0,-58.75,42105.0,51124.0,-17.64,1920000.0,1536000.0,256000.0,147200.0,-11454.0,-0.95,1905626.0,2141161.0,2865356.0,434103.0,1162418.0,978743.0,658743.0,-501265.0,-67162.0,-0.1666,-0.0358,0.131,5,56,0.14,0.73,0.3779,9.5,50.0,50.0,37.9,0,22.0,0.0,0.0,0.0,84.0,63.5,50,31.5,311
sale,3 Bedroom House,3450000,3,2,283 m²,Aan de Wijnlanden,Aan de Wijnlanden,Stellenbosch,https://www.property24.com/for-sale/aan-de-wijnlanden/stellenbosch/western-cape/17617/117001096,,,"This stylish 3-bedroom double-storey home offers the perfect combination of modern comfort, secure estate living, and effortless ...",,https://images.prop24.com/375339839/Crop600x400,12000,144000,4.17,False,,6500.0,78000.0,rental_area_q1,600,2156.0,4312.0,0.0,1200,-27465.0,-0.008,2.26,44.23,0.19,1.2721,156856.0,50000,918356.0,2760000.0,28488.0,-30777.0,-369326.0,-0.4022,-0.08,5.6549,-343312.0,-109.95,12191.0,14384.0,-15.25,4140000.0,3312000.0,552000.0,366356.0,-36475.0,-1.81,4109005.0,4616878.0,6178425.0,936034.0,2506465.0,2110414.0,1420414.0,-1868145.0,-932111.0,-1.015,0.0,-0.0299,0,32,0.16,,0.5383,9.6,50.0,50.0,37.9,0,-5.3,0.0,0.0,0.0,65.5,60.1,100,31.5,312
sale,2 Bedroom Apartment,1600000,2,1,36 m²,La Colline,La Colline,Stellenbosch,https://www.property24.com/for-sale/la-colline/stellenbosch/western-cape/8537/116893219,,,Beautifully renovated and furnished 2 Bed 1 Bath Apartment with balcony and open plan living area with kitchenette. Ideal Student ...,,https://images.prop24.com/274247493/Ensure264x153,12000,144000,9.0,True,,10000.0,120000.0,rental_suburb,600,1000.0,2000.0,0.0,1200,52800.0,0.033,7.5,13.33,0.62,0.48,11700.0,50000,403200.0,1280000.0,13212.0,-8812.0,-105744.0,-0.2623,0.33,1.8012,660000.0,-58.75,44444.0,51124.0,-13.06,1920000.0,1536000.0,256000.0,147200.0,-11454.0,-0.95,1905626.0,2141161.0,2865356.0,434103.0,1162418.0,978743.0,658743.0,-501265.0,-67162.0,-0.1666,-0.0358,0.131,5,56,0.14,0.73,0.3779,9.5,50.0,50.0,37.9,0,22.0,0.0,0.0,0.0,84.0,63.5,50,31.5,313
sale,2 Bedroom Apartment,1600000,2,1,41 m²,La Colline,La Colline,Stellenbosch,https://www.property24.com/for-sale/la-colline/stellenbosch/western-cape/8537/116794730,,,"Larez is a well-designed residential complex in Stellenbosch, offering the perfect mix of security, convenience and lifestyle ...",,https://images.prop24.com/371639865/Crop600x400,12000,144000,9.0,True,,10000.0,120000.0,rental_suburb,600,1000.0,2000.0,0.0,1200,52800.0,0.033,7.5,13.33,0.62,0.48,11700.0,50000,403200.0,1280000.0,13212.0,-8812.0,-105744.0,-0.2623,0.33,1.8012,660000.0,-58.75,39024.0,51124.0,-23.67,1920000.0,1536000.0,256000.0,147200.0,-11454.0,-0.95,1905626.0,2141161.0,2865356.0,434103.0,1162418.0,978743.0,658743.0,-501265.0,-67162.0,-0.1666,-0.0358,0.131,5,56,0.14,0.73,0.3779,9.5,50.0,50.0,37.9,0,22.0,0.0,0.0,0.0,84.0,63.5,50,31.5,314
sale,2 Bedroom Apartment,1600000,2,1,38 m²,11 Taylor Street,La Colline,Stellenbosch,https://www.property24.com/for-sale/la-colline/stellenbosch/western-cape/8537/116992063,,,"Larez is a well-appointed residential complex in Stellenbosch, offering a perfect blend ...",,https://images.prop24.com/206466645/Ensure264x153,12000,144000,9.0,True,,10000.0,120000.0,rental_suburb,600,1000.0,2000.0,0.0,1200,52800.0,0.033,7.5,13.33,0.62,0.48,11700.0,50000,403200.0,1280000.0,13212.0,-8812.0,-105744.0,-0.2623,0.33,1.8012,660000.0,-58.75,42105.0,51124.0,-17.64,1920000.0,1536000.0,256000.0,147200.0,-11454.0,-0.95,1905626.0,2141161.0,2865356.0,434103.0,1162418.0,978743.0,658743.0,-501265.0,-67162.0,-0.1666,-0.0358,0.131,5,56,0.14,0.73,0.3779,9.5,50.0,50.0,37.9,0,22.0,0.0,0.0,0.0,84.0,63.5,50,31.5,315
sale,3 Bedroom House,1359000,3,2,140 m²,4 Stern Street,Worcester Rural,Worcester,https://www.property24.com/for-sale/worcester-rural/worcester/western-cape/16610/116857882,,,This three bedroom cabin situated in a sought-after position at  the Worcester Yacht ...,,https://images.prop24.com/103291119/Ensure264x153,7000,84000,6.18,False,,8300.0,99600.0,rental_area_q1,400,849.0,1699.0,0.0,1200,41854.0,0.0308,7.33,13.64,0.61,0.4998,4470.0,50000,347770.0,1087200.0,11222.0,-7734.0,-92809.0,-0.2669,0.31,1.8518,418545.0,-69.2,9707.0,8018.0,21.07,1630800.0,1304640.0,217440.0,130330.0,-9978.0,-0.99,1618591.0,1818649.0,2433762.0,368716.0,987329.0,831319.0,559519.0,-442511.0,-73795.0,-0.2122,-0.0466,0.1204,0,8,0.0,,0.7201,0.0,50.0,50.0,35.0,0,20.5,0.0,0.0,0.0,86.4,62.5,100,31.5,316
sale,2 Bedroom House,2400000,2,1,324 m²,126 Hooggelegen Avenue,Langerug,Worcester,https://www.property24.com/for-sale/langerug/worcester/western-cape/8849/116890166,,,Sole mandate - This highly sought-after retirement unit in a secure complex offers ...,,https://images.prop24.com/103291119/Ensure264x153,7000,84000,3.5,False,mandate,7100.0,85200.0,rental_area_q1,400,1500.0,3000.0,0.0,1200,5184.0,0.0022,3.55,28.17,0.3,0.8592,59200.0,50000,610700.0,1920000.0,19818.0,-19386.0,-232632.0,-0.3809,0.02,3.6504,51840.0,-97.84,7407.0,34412.0,-78.47,2880000.0,2304000.0,384000.0,226700.0,-23350.0,-1.66,2858438.0,3211741.0,4298034.0,651154.0,1743628.0,1468114.0,988114.0,-1164248.0,-513094.0,-0.8402,-0.307,0.0085,0,6,0.0,,0.3756,0.0,50.0,50.0,35.0,30,1.4,0.0,0.0,0.0,76.0,62.9,100,31.5,317
sale,3 Bedroom House,2950000,3,2,210 m²,49 Silwerstrand Boulevard,Silwerstrand Golf And River Estate,Robertson,https://www.property24.com/for-sale/silwerstrand-golf-and-river-estate/robertson/western-cape/12920/112441783,,,DUAL MANDATE: This well-designed home is perfectly positioned within the Silwerstrand ...,,https://images.prop24.com/233852929/Ensure264x153,6000,72000,2.44,False,mandate,10800.0,129600.0,rental_area_q1,300,1844.0,3688.0,0.0,1200,34857.0,0.0118,4.39,22.76,0.37,0.651,103200.0,50000,764700.0,2360000.0,24360.0,-21455.0,-257459.0,-0.3367,0.12,2.9066,348570.0,-88.18,14048.0,21701.0,-35.27,3540000.0,2832000.0,472000.0,292700.0,-26327.0,-1.41,3513497.0,3947765.0,5283001.0,800377.0,2143209.0,1804557.0,1214557.0,-1271764.0,-471387.0,-0.6164,-0.1744,0.0456,0,10,0.1,,0.4149,0.0,50.0,50.0,35.0,30,7.9,0.0,0.0,0.0,70.5,61.7,100,31.5,318
sale,3 Bedroom House,1749000,3,2,595 m²,10 Roodezandt Street,Robertson Rural,Robertson,https://www.property24.com/for-sale/robertson-rural/robertson/western-cape/16626/117035852,,,This three-bedroom home offers comfortable living in a highly desirable area ...,,https://images.prop24.com/370252350/Ensure264x153,6000,72000,4.12,False,,10800.0,129600.0,rental_area_q1,300,1093.0,2186.0,0.0,1200,61880.0,0.0354,7.41,13.5,0.62,0.4425,18726.0,50000,440026.0,1399200.0,14442.0,-9286.0,-111429.0,-0.2532,0.36,1.7798,618795.0,-64.62,2939.0,2939.0,0.0,2098800.0,1679040.0,279840.0,160186.0,-12174.0,-0.9,2083087.0,2340557.0,3132193.0,474529.0,1270669.0,1069888.0,720088.0,-524400.0,-49871.0,-0.1133,-0.0238,0.1406,0,6,0.33,,0.4024,0.0,50.0,50.0,35.0,0,23.6,0.0,0.0,0.0,82.5,63.6,100,31.5,319
sale,2 Bedroom Apartment,830000,2,1,60 m²,59 Hoop Street,Robertson,Robertson,https://www.property24.com/for-sale/robertson/robertson/western-cape/16671/117058472,,,"""Exclusive Sole Mandate""

Centrally located!

Entering into open plan lounge ...",,https://images.prop24.com/179603478/Ensure264x153,6000,72000,8.67,True,mandate,10000.0,120000.0,rental_suburb,300,519.0,1038.0,0.0,1200,73725.0,0.0888,14.46,6.92,1.2,0.3056,0.0,100000,287500.0,664000.0,6854.0,-710.0,-8520.0,-0.0296,0.9,0.991,737250.0,-11.17,13833.0,9366.0,47.7,996000.0,796800.0,132800.0,154700.0,-2081.0,0.26,988543.0,1110727.0,1486404.0,225191.0,603005.0,507723.0,341723.0,-1812.0,223379.0,0.777,0.1219,0.2564,7,56,0.21,0.77,0.3369,0.0,50.0,50.0,35.0,30,59.2,0.0,13.8,0.0,91.7,46.2,30,31.5,320
sale,1 Bedroom House,1750000,1,1,27 m²,25 Ribbok Street,Robertson,Robertson,https://www.property24.com/for-sale/robertson/robertson/western-cape/16671/113755036,,,"Sole Mandate:  JE Park’ frail care facility, an esteemed and highly sought-after ...",,https://images.prop24.com/233852929/Ensure264x153,4500,54000,3.09,False,mandate,6100.0,73200.0,rental_suburb,300,1094.0,2188.0,0.0,1200,9969.0,0.0057,4.18,23.91,0.35,0.7838,18786.0,50000,440286.0,1400000.0,14451.0,-13620.0,-163439.0,-0.3712,0.06,3.1528,99690.0,-94.3,64815.0,9366.0,592.05,2100000.0,1680000.0,280000.0,160286.0,-16510.0,-1.59,2084278.0,2341895.0,3133983.0,474800.0,1271395.0,1070500.0,720500.0,-814613.0,-339813.0,-0.7718,-0.2558,0.0226,1,56,0.21,0.0,0.3369,0.0,50.0,50.0,35.0,30,3.8,0.0,0.0,0.0,82.5,63.6,90,31.5,321
sale,2 Bedroom Apartment,830000,2,1,,Robertson,Robertson,Robertson,https://www.property24.com/for-sale/robertson/robertson/western-cape/16671/116306004,,,"""""Exclusive Sole Mandate""
This very neat and well-maintained 2-bedroom flat is ideally situated in the heart of ...",,https://images.prop24.com/261400751/Ensure264x153,6000,72000,8.67,True,mandate,10000.0,120000.0,rental_suburb,300,519.0,1038.0,0.0,1200,73725.0,0.0888,14.46,6.92,1.2,0.3056,0.0,100000,287500.0,664000.0,6854.0,-710.0,-8520.0,-0.0296,0.9,0.991,737250.0,-11.17,,9366.0,,996000.0,796800.0,132800.0,154700.0,-2081.0,0.26,988543.0,1110727.0,1486404.0,225191.0,603005.0,507723.0,341723.0,-1812.0,223379.0,0.777,0.1219,0.2564,7,56,0.21,0.77,0.3369,0.0,50.0,50.0,35.0,30,59.2,0.0,13.8,0.0,91.7,46.2,30,31.5,322
sale,3 Bedroom House,1400000,3,3,903 m²,63 Van Zyl Street,Robertson,Robertson,https://www.property24.com/for-sale/robertson/robertson/western-cape/16671/112532052,,,"This spacious corner property offers numerous opportunities. Currently, it includes ...",,https://images.prop24.com/261400751/Ensure264x153,6000,72000,5.14,False,,15000.0,180000.0,rental_suburb,300,875.0,1750.0,0.0,1200,116100.0,0.0829,12.86,7.78,1.07,0.275,5700.0,50000,357200.0,1120000.0,11561.0,-1886.0,-22626.0,-0.0633,0.84,1.0457,1161000.0,-17.07,1550.0,9366.0,-83.45,1680000.0,1344000.0,224000.0,133200.0,-4198.0,0.21,1667422.0,1873516.0,2507187.0,379840.0,1017116.0,856400.0,576400.0,-48438.0,331402.0,0.9278,0.1403,0.325,4,56,0.21,0.36,0.3369,0.0,50.0,50.0,35.0,0,55.3,0.0,5.3,0.0,86.0,62.7,60,31.5,323
sale,3 Bedroom Townhouse,1750000,3,2,182 m²,"4 Pinotage Row, Smuts Street",Riebeek West,Riebeek Valley,https://www.property24.com/for-sale/riebeek-west/riebeek-valley/western-cape/7910/116569709,,,"Secure, lock-up-and-go living in the back corner of Pinotage Row—privacy you can feel ...",,https://images.prop24.com/185178535/Ensure264x153,7000,84000,4.8,False,,13500.0,162000.0,rental_suburb,350,1094.0,2188.0,0.0,1200,91065.0,0.052,9.26,10.8,0.77,0.3579,18786.0,50000,440286.0,1400000.0,14451.0,-6862.0,-82343.0,-0.187,0.53,1.4283,1011833.0,-42.18,9615.0,5483.0,75.35,2100000.0,1680000.0,280000.0,160286.0,-9752.0,-0.51,2084278.0,2341895.0,3133983.0,474800.0,1271395.0,1070500.0,720500.0,-362043.0,112757.0,0.2561,0.0467,0.2068,1,15,0.2,0.0,0.5219,0.0,50.0,50.0,35.0,0,34.7,0.0,0.0,0.0,82.5,63.6,90,31.5,324
sale,2 Bedroom Apartment,2695000,2,1,69 m²,"The Avenues, 11 Devine Street",Lane,Paarl,https://www.property24.com/for-sale/lane/paarl/western-cape/33256/116848902,,,"SOLE MANDATE
Situated in the heart of Paarl, this stylish duplex apartment offers the ...",,https://images.prop24.com/372584582/Crop600x400,9500,114000,4.23,False,mandate,8500.0,102000.0,rental_area_q1,1174.0,1684.0,3369.0,0.0,1200,4720.0,0.0018,3.78,26.42,0.32,0.8737,82800.0,50000,693300.0,2156000.0,22254.0,-21861.0,-262328.0,-0.3784,0.02,3.4918,52440.0,-98.05,39058.0,39058.0,0.0,3234000.0,2587200.0,431200.0,262100.0,-26311.0,-1.65,3209788.0,3606518.0,4826335.0,731192.0,1957948.0,1648570.0,1109570.0,-1313889.0,-582697.0,-0.8405,-0.3073,0.0068,0,2,0.0,,0.2268,0.0,50.0,51.0,35.2,30,1.2,0.0,0.0,0.0,73.0,62.2,100,31.4,325
sale,3 Bedroom House,1250000,3,1,351 m²,1c Magnolia Street,Klein Nederburg,Paarl,https://www.property24.com/for-sale/klein-nederburg/paarl/western-cape/8604/116744541,,,"Affordable 2/3 bedroom  family home with 1 bathroom, guest toilet, fitted kitchen ...",,https://images.prop24.com/370836354/Crop600x400,9500,114000,9.12,True,,7000.0,84000.0,rental_area_q1,450.0,781.0,1562.0,0.0,1200,29350.0,0.0235,6.72,14.88,0.56,0.5706,1200.0,50000,322700.0,1000000.0,10322.0,-7876.0,-94513.0,-0.2929,0.24,2.0451,326112.0,-73.91,3561.0,4106.0,-13.26,1500000.0,1200000.0,200000.0,122700.0,-9940.0,-1.15,1488770.0,1672782.0,2238560.0,339143.0,908139.0,764643.0,514643.0,-458192.0,-119049.0,-0.3689,-0.088,0.091,0,2,3.0,,0.2076,0.0,50.0,51.0,35.2,0,15.7,0.0,0.0,0.0,87.5,62.0,100,31.4,326
sale,3 Bedroom House,930000,3,1,200 m²,Klein Nederburg,Klein Nederburg,Paarl,https://www.property24.com/for-sale/klein-nederburg/paarl/western-cape/8604/117037037,,,"3 B/rooms
1 Bathroom
Seperate kitchen with b.i.c
Spacious Lounge
Secure undercover parking for 2 vehicles.
A great opportunity to enter ...",,https://images.prop24.com/308559161/Ensure264x153,9500,114000,12.26,True,,7000.0,84000.0,rental_area_q1,290.0,581.0,1162.0,0.0,1200,38472.0,0.0414,9.03,11.07,0.75,0.462,0.0,100000,307500.0,744000.0,7679.0,-4473.0,-53682.0,-0.1746,0.42,1.5591,427465.0,-54.04,4650.0,4106.0,13.26,1116000.0,892800.0,148800.0,158700.0,-6009.0,-0.58,1107645.0,1244550.0,1665488.0,252322.0,675656.0,568894.0,382894.0,-248228.0,4095.0,0.0133,0.0026,0.1251,0,2,3.0,,0.2076,0.0,50.0,51.0,35.2,0,27.6,0.0,0.0,0.0,90.7,48.4,100,31.4,327
sale,3 Bedroom House,1232250,3,2,173 m²,Dalvale,Dalvale,Paarl,https://www.property24.com/for-sale/dalvale/paarl/western-cape/8625/116660282,,,"Completion date is April 2026

Nestled between the scenic Jan van Riebeeck Drive and Bartolomeu Road, Paarl Mountain Ridge offers an ...",,https://images.prop24.com/303954500/Ensure264x153,9500,114000,9.25,True,,7000.0,84000.0,rental_area_q1,442.0,770.0,1540.0,0.0,1200,29856.0,0.0242,6.82,14.67,0.57,0.5646,668.0,50000,318617.0,985800.0,10175.0,-7687.0,-92248.0,-0.2895,0.24,2.0182,331734.0,-73.08,7123.0,5512.0,29.23,1478700.0,1182960.0,197160.0,121457.0,-9722.0,-1.13,1467629.0,1649028.0,2206772.0,334327.0,895244.0,753785.0,507335.0,-446545.0,-112218.0,-0.3522,-0.0832,0.0937,0,11,0.0,,0.0887,0.0,50.0,51.0,35.2,0,16.2,0.0,0.0,0.0,87.7,61.9,100,31.4,328
sale,3 Bedroom House,1222067,3,1,240 m²,94 Kanfer,Dalvale,Paarl,https://www.property24.com/for-sale/dalvale/paarl/western-cape/8625/114847153,,,Be the first to move into this stunning plot & plan 3-bedroom home in the desirable ...,,https://images.prop24.com/341773167/Ensure264x153,9500,114000,9.33,True,,7000.0,84000.0,rental_area_q1,436.0,764.0,1528.0,0.0,1200,30146.0,0.0247,6.87,14.55,0.57,0.5611,362.0,50000,316275.0,977654.0,10091.0,-7579.0,-90948.0,-0.2876,0.25,2.0027,334959.0,-72.59,5092.0,5512.0,-7.62,1466480.0,1173184.0,195531.0,120745.0,-9597.0,-1.12,1455501.0,1635401.0,2188536.0,331564.0,887846.0,747556.0,503142.0,-439864.0,-108300.0,-0.3424,-0.0804,0.0953,0,11,0.0,,0.0887,0.0,50.0,51.0,35.2,0,16.4,0.0,0.0,0.0,87.8,61.8,100,31.4,329
sale,2 Bedroom Apartment,1650000,2,1,43 m²,La Colline,La Colline,Stellenbosch,https://www.property24.com/for-sale/la-colline/stellenbosch/western-cape/8537/116963975,,,Lovely 2 Bed 1 Bath Apartment with Big Private balcony and Basement Parking. Open plan living area with kitchenette. Ideal Student ...,,https://images.prop24.com/372047499/Crop600x400,12000,144000,8.73,True,,10000.0,120000.0,rental_suburb,600,1031.0,2062.0,0.0,1200,51675.0,0.0313,7.27,13.75,0.61,0.4894,13200.0,50000,414700.0,1320000.0,13625.0,-9319.0,-111824.0,-0.2696,0.32,1.8519,645938.0,-60.85,38372.0,51124.0,-24.94,1980000.0,1584000.0,264000.0,150700.0,-12044.0,-1.0,1965176.0,2208072.0,2954899.0,447669.0,1198744.0,1009328.0,679328.0,-532379.0,-84710.0,-0.2043,-0.0447,0.1246,5,56,0.14,0.73,0.3779,9.5,50.0,50.0,37.9,0,20.9,0.0,0.0,0.0,83.5,63.7,50,31.4,330
sale,1 Bedroom Apartment,2300000,1,1,20 m²,Stellenbosch Central,Stellenbosch Central,Stellenbosch,https://www.property24.com/for-sale/stellenbosch-central/stellenbosch/western-cape/8566/116822823,,,"EXCLUSIVE SOLE MANDATE
Positioned in the heart of Stellenbosch, this contemporary bachelor studio apartment at the sought-after 17 On ...",,https://images.prop24.com/242461081/Ensure264x153,8500,102000,4.43,False,mandate,11250.0,135000.0,rental_suburb,600,1438.0,2875.0,0.0,1200,50850.0,0.0221,5.87,17.04,0.49,0.5433,51786.0,50000,583286.0,1840000.0,18992.0,-14755.0,-177057.0,-0.3036,0.22,2.2315,635625.0,-72.36,115000.0,55882.0,105.79,2760000.0,2208000.0,368000.0,215286.0,-18553.0,-1.2,2739337.0,3077919.0,4118950.0,624023.0,1670976.0,1406942.0,946942.0,-859845.0,-235822.0,-0.4043,-0.0984,0.0872,28,87,0.54,1.2,0.4083,16.1,50.0,50.0,39.8,30,14.7,0.0,0.0,0.0,77.0,63.1,0,31.4,331
sale,2 Bedroom Apartment,4650000,2,2,93 m²,Onder Papegaaiberg,Onder Papegaaiberg,Stellenbosch,https://www.property24.com/for-sale/onder-papegaaiberg/stellenbosch/western-cape/8539/115997546,,,"The emerging Bosmans Crossing precinct, part of the Adam Tas Corridor upgrade, has been earmarked as a prime growth area, often ...",,https://images.prop24.com/206466645/Ensure264x153,12000,144000,3.1,False,,14000.0,168000.0,rental_area_q1,600,2906.0,5812.0,0.0,1200,28335.0,0.0061,3.61,27.68,0.3,0.7513,288856.0,50000,1290356.0,3720000.0,38397.0,-36036.0,-432434.0,-0.3351,0.06,3.494,354188.0,-92.38,50000.0,33333.0,50.0,5580000.0,4464000.0,744000.0,546356.0,-43716.0,-1.44,5538224.0,6222749.0,8327442.0,1261611.0,3378278.0,2844471.0,1914471.0,-2152773.0,-891162.0,-0.6906,-0.2091,0.022,0,7,0.29,,0.3646,10.3,50.0,50.0,38.1,0,4.1,0.0,0.0,0.0,53.5,57.7,100,31.4,332
sale,2 Bedroom Apartment,4650000,2,2,93 m²,Onder Papegaaiberg,Onder Papegaaiberg,Stellenbosch,https://www.property24.com/for-sale/onder-papegaaiberg/stellenbosch/western-cape/8539/115898442,,,"Ideally situated next to IMM Graduate School, Inscape College, Belgium Campus iTversity and Open Window University, Bosmans Club enjoys ...",,https://images.prop24.com/206466645/Ensure264x153,12000,144000,3.1,False,,14000.0,168000.0,rental_area_q1,600,2906.0,5812.0,0.0,1200,28335.0,0.0061,3.61,27.68,0.3,0.7513,288856.0,50000,1290356.0,3720000.0,38397.0,-36036.0,-432434.0,-0.3351,0.06,3.494,354188.0,-92.38,50000.0,33333.0,50.0,5580000.0,4464000.0,744000.0,546356.0,-43716.0,-1.44,5538224.0,6222749.0,8327442.0,1261611.0,3378278.0,2844471.0,1914471.0,-2152773.0,-891162.0,-0.6906,-0.2091,0.022,0,7,0.29,,0.3646,10.3,50.0,50.0,38.1,0,4.1,0.0,0.0,0.0,53.5,57.7,100,31.4,333
sale,3 Bedroom House,2850000,3,2,845 m²,1528 Voortrekker Street,Riebeek West,Riebeek Valley,https://www.property24.com/for-sale/riebeek-west/riebeek-valley/western-cape/7910/116504109,,,"Exclusive Sole Mandate offering an ideal getaway, super safe starter home or a ...",,https://images.prop24.com/206466645/Ensure264x153,7000,84000,2.95,False,mandate,13500.0,162000.0,rental_suburb,350,1781.0,3562.0,0.0,1200,66315.0,0.0233,5.68,17.59,0.47,0.5106,95200.0,50000,736700.0,2280000.0,23534.0,-18008.0,-216092.0,-0.2933,0.23,2.2539,736833.0,-74.15,3373.0,5483.0,-38.49,3420000.0,2736000.0,456000.0,280700.0,-22714.0,-1.15,3394396.0,3813943.0,5103916.0,773246.0,2070558.0,1743385.0,1173385.0,-1046556.0,-273311.0,-0.371,-0.0886,0.09,1,15,0.2,0.0,0.5219,0.0,50.0,50.0,35.0,30,15.5,0.0,0.0,0.0,71.5,61.9,90,31.4,334
sale,2 Bedroom Townhouse,1750000,2,2,112 m²,"Unit 6 Villa 4, Oude Chardonnay Estate, 6 Touriga Close",De Zoete Inval,Paarl,https://www.property24.com/for-sale/de-zoete-inval/paarl/western-cape/8596/116966690,,,"Situated in the sought-after Oude Chardonnay Estate, this neat own title home offers ...",,https://images.prop24.com/288036229/Ensure264x153,9500,114000,6.51,False,,14500.0,174000.0,rental_suburb,701.0,1094.0,2188.0,0.0,1200,97897.0,0.0559,9.94,10.06,0.83,0.3574,18786.0,50000,440286.0,1400000.0,14451.0,-6293.0,-75510.0,-0.1715,0.56,1.354,1087748.0,-37.84,15625.0,15625.0,0.0,2100000.0,1680000.0,280000.0,160286.0,-9183.0,-0.42,2084278.0,2341895.0,3133983.0,474800.0,1271395.0,1070500.0,720500.0,-324147.0,150653.0,0.3422,0.0606,0.2223,2,11,0.27,0.55,0.2194,0.0,50.0,51.0,35.2,0,37.3,0.0,0.0,0.0,82.5,63.6,80,31.3,335
sale,3 Bedroom House,1037583,3,1,163 m²,Dalvale,Dalvale,Paarl,https://www.property24.com/for-sale/dalvale/paarl/western-cape/8625/117034157,,,"Completion planned for April 2026

Perfectly situated between Jan van Riebeeck Drive and Bartolomeu Road, Paarl Mountain Ridge offers ...",,https://images.prop24.com/347808431/Crop600x400,9500,114000,10.99,True,,7000.0,84000.0,rental_area_q1,344.0,648.0,1297.0,0.0,1200,35405.0,0.0341,8.1,12.35,0.67,0.4985,0.0,100000,329017.0,830066.0,8568.0,-5617.0,-67409.0,-0.2049,0.34,1.7225,393390.0,-62.09,6366.0,5512.0,15.49,1245100.0,996080.0,166013.0,163003.0,-7331.0,-0.74,1235778.0,1388520.0,1858153.0,281511.0,753816.0,634704.0,427188.0,-318817.0,-37306.0,-0.1134,-0.0238,0.1076,0,11,0.0,,0.0887,0.0,50.0,51.0,35.2,0,22.7,0.0,0.0,0.0,89.6,50.5,100,31.3,336
sale,3 Bedroom House,2600000,3,2,1 145 m²,20 Di Rialto,Charleston Hill,Paarl,https://www.property24.com/for-sale/charleston-hill/paarl/western-cape/8593/116731207,,,"Rawson is proud to present this sole mandate.

Discover the perfect blend of comfort and ...",,https://images.prop24.com/310646377/Ensure264x153,9500,114000,4.38,False,mandate,7000.0,84000.0,rental_area_q1,1126.0,1625.0,3250.0,0.0,1200,-9132.0,-0.0035,3.23,30.95,0.27,1.0287,75200.0,50000,666700.0,2080000.0,21470.0,-22231.0,-266767.0,-0.4001,-0.04,4.0958,-101471.0,-103.9,,3696.0,,3120000.0,2496000.0,416000.0,250700.0,-26524.0,-1.78,3096642.0,3479387.0,4656204.0,705417.0,1888930.0,1590457.0,1070457.0,-1343979.0,-638562.0,-0.9578,-0.469,-0.0137,0,3,0.67,,0.0236,0.0,50.0,51.0,35.2,30,-2.3,0.0,0.0,0.0,74.0,62.4,100,31.3,337
sale,3 Bedroom House,1295000,3,2,381 m²,Dalvale,Dalvale,Paarl,https://www.property24.com/for-sale/dalvale/paarl/western-cape/8625/116898522,,,"3-Bedroom Home with Scenic Mountain Views in Mountain Ridge, Paarl

Nestled in the quiet and sought-after Mountain Ridge area of Paarl ...",,https://images.prop24.com/373470538/Crop600x400,9500,114000,8.8,True,,7000.0,84000.0,rental_area_q1,473.0,809.0,1619.0,0.0,1200,28067.0,0.0217,6.49,15.42,0.54,0.5859,2550.0,50000,333050.0,1036000.0,10693.0,-8355.0,-100254.0,-0.301,0.22,2.1135,311859.0,-75.92,3399.0,5512.0,-38.33,1554000.0,1243200.0,207200.0,125850.0,-10493.0,-1.19,1542366.0,1733002.0,2319148.0,351352.0,940832.0,792170.0,533170.0,-487718.0,-136366.0,-0.4094,-0.1,0.0843,0,11,0.0,,0.0887,0.0,50.0,51.0,35.2,0,14.4,0.0,0.0,0.0,87.1,62.2,100,31.3,338
sale,3 Bedroom House,1037583,3,1,163 m²,Dalvale,Dalvale,Paarl,https://www.property24.com/for-sale/dalvale/paarl/western-cape/8625/116660355,,,"Completion planned for April 2026

Perfectly situated between Jan van Riebeeck Drive and Bartolomeu Road, Paarl Mountain Ridge offers ...",,https://images.prop24.com/303954500/Ensure264x153,9500,114000,10.99,True,,7000.0,84000.0,rental_area_q1,344.0,648.0,1297.0,0.0,1200,35405.0,0.0341,8.1,12.35,0.67,0.4985,0.0,100000,329017.0,830066.0,8568.0,-5617.0,-67409.0,-0.2049,0.34,1.7225,393390.0,-62.09,6366.0,5512.0,15.49,1245100.0,996080.0,166013.0,163003.0,-7331.0,-0.74,1235778.0,1388520.0,1858153.0,281511.0,753816.0,634704.0,427188.0,-318817.0,-37306.0,-0.1134,-0.0238,0.1076,0,11,0.0,,0.0887,0.0,50.0,51.0,35.2,0,22.7,0.0,0.0,0.0,89.6,50.5,100,31.3,339
sale,3 Bedroom House,1282750,3,2,173 m²,Dalvale,Dalvale,Paarl,https://www.property24.com/for-sale/dalvale/paarl/western-cape/8625/116660312,,,"Completion expected in April 2026

Perfectly positioned between Jan van Riebeeck Drive and Bartolomeu Road, Paarl Mountain Ridge ...",,https://images.prop24.com/303954500/Ensure264x153,9500,114000,8.89,True,,7000.0,84000.0,rental_area_q1,467.0,802.0,1603.0,0.0,1200,28416.0,0.0222,6.55,15.27,0.55,0.5817,2182.0,50000,330232.0,1026200.0,10592.0,-8224.0,-98691.0,-0.2989,0.22,2.0949,315739.0,-75.39,7415.0,5512.0,34.53,1539300.0,1231440.0,205240.0,124992.0,-10343.0,-1.18,1527776.0,1716609.0,2297210.0,348028.0,931933.0,784676.0,528126.0,-479680.0,-131652.0,-0.3987,-0.0967,0.086,0,11,0.0,,0.0887,0.0,50.0,51.0,35.2,0,14.8,0.0,0.0,0.0,87.2,62.2,100,31.3,340
sale,2 Bedroom House,3350000,2,2,200 m²,"9 Kromme Rhee Road, Nooitgedacht Village",Nooitgedacht Village,Stellenbosch,https://www.property24.com/for-sale/nooitgedacht-village/stellenbosch/western-cape/14758/117023411,,,"Sole Mandate

This charming 2-bedroom townhouse offers comfortable, modern living with ...",,https://images.prop24.com/375755618/Crop600x400,12000,144000,4.3,False,mandate,17600.0,211200.0,rental_suburb,600,2094.0,4188.0,0.0,1200,97329.0,0.0291,6.3,15.86,0.53,0.4592,145856.0,50000,887356.0,2680000.0,27663.0,-19552.0,-234623.0,-0.2644,0.29,2.0309,1216612.0,-63.68,16750.0,21825.0,-23.25,4020000.0,3216000.0,536000.0,351356.0,-25084.0,-0.99,3989904.0,4483056.0,5999340.0,908903.0,2433813.0,2049242.0,1379242.0,-1121988.0,-213085.0,-0.2401,-0.0534,0.1097,1,14,0.07,0.0,0.2841,0.0,50.0,50.0,35.0,30,19.4,0.0,0.0,0.0,66.5,60.4,90,31.3,341
sale,2 Bedroom House,3350000,2,2,200 m²,"9 Kromme Rhee Road, Nooitgedacht Village",Nooitgedacht Village,Stellenbosch,https://www.property24.com/for-sale/nooitgedacht-village/stellenbosch/western-cape/14758/116869357,,,"Sole Mandate

This charming 2-bedroom townhouse offers comfortable, modern living with ...",,https://images.prop24.com/375755618/Crop600x400,12000,144000,4.3,False,mandate,17600.0,211200.0,rental_suburb,600,2094.0,4188.0,0.0,1200,97329.0,0.0291,6.3,15.86,0.53,0.4592,145856.0,50000,887356.0,2680000.0,27663.0,-19552.0,-234623.0,-0.2644,0.29,2.0309,1216612.0,-63.68,16750.0,21825.0,-23.25,4020000.0,3216000.0,536000.0,351356.0,-25084.0,-0.99,3989904.0,4483056.0,5999340.0,908903.0,2433813.0,2049242.0,1379242.0,-1121988.0,-213085.0,-0.2401,-0.0534,0.1097,1,14,0.07,0.0,0.2841,0.0,50.0,50.0,35.0,30,19.4,0.0,0.0,0.0,66.5,60.4,90,31.3,342
sale,1 Bedroom Apartment,2250000,1,1,40 m²,La Colline,La Colline,Stellenbosch,https://www.property24.com/for-sale/la-colline/stellenbosch/western-cape/8537/117034237,,,"Modern Living in the Heart of Stellenbosch – 95 on Bird Street Apartments

Step into stylish convenience with this contemporary ...",,https://images.prop24.com/274247493/Ensure264x153,8500,102000,4.53,False,,8000.0,96000.0,rental_suburb,600,1406.0,2812.0,0.0,1200,16095.0,0.0072,4.27,23.44,0.36,0.7523,48786.0,50000,570286.0,1800000.0,18579.0,-17238.0,-206858.0,-0.3627,0.07,3.0748,201188.0,-91.06,56250.0,51124.0,10.03,2700000.0,2160000.0,360000.0,210286.0,-20954.0,-1.55,2679786.0,3011008.0,4029407.0,610457.0,1634651.0,1376357.0,926357.0,-1028981.0,-418523.0,-0.7339,-0.2326,0.0282,3,56,0.14,0.39,0.3779,9.5,50.0,50.0,37.9,0,4.8,0.0,0.0,0.0,77.5,63.1,70,31.3,343
sale,1 Bedroom Apartment,2250000,1,1,40 m²,La Colline,La Colline,Stellenbosch,https://www.property24.com/for-sale/la-colline/stellenbosch/western-cape/8537/117014211,,,"Discover premium studio living in the heart of Stellenbosch. This contemporary studio apartment offers a sleek, open-plan layout that ...",,https://images.prop24.com/332501504/Ensure264x153,8500,102000,4.53,False,,8000.0,96000.0,rental_suburb,600,1406.0,2812.0,0.0,1200,16095.0,0.0072,4.27,23.44,0.36,0.7523,48786.0,50000,570286.0,1800000.0,18579.0,-17238.0,-206858.0,-0.3627,0.07,3.0748,201188.0,-91.06,56250.0,51124.0,10.03,2700000.0,2160000.0,360000.0,210286.0,-20954.0,-1.55,2679786.0,3011008.0,4029407.0,610457.0,1634651.0,1376357.0,926357.0,-1028981.0,-418523.0,-0.7339,-0.2326,0.0282,3,56,0.14,0.39,0.3779,9.5,50.0,50.0,37.9,0,4.8,0.0,0.0,0.0,77.5,63.1,70,31.3,344
sale,1 Bedroom Apartment,2390000,1,1,23 m²,Dennesig,Dennesig,Stellenbosch,https://www.property24.com/for-sale/dennesig/stellenbosch/western-cape/8529/116919260,,,Exclusive Sole Mandate. Experience the pinnacle of modern student living in this exceptional Stellenbosch apartment complex. Designed ...,,,8500,102000,4.27,False,mandate,12615.0,151380.0,rental_suburb,600,1494.0,2988.0,0.0,1200,63895.0,0.0267,6.33,15.79,0.53,0.4979,58400.0,50000,607900.0,1912000.0,19735.0,-14411.0,-172931.0,-0.2845,0.27,2.0624,798682.0,-66.58,103913.0,73641.0,41.11,2868000.0,2294400.0,382400.0,225500.0,-18358.0,-1.09,2846528.0,3198359.0,4280126.0,648441.0,1736362.0,1461997.0,983997.0,-831746.0,-183305.0,-0.3015,-0.0693,0.1051,2,14,0.21,0.22,0.2863,0.0,50.0,50.0,35.0,30,17.8,0.0,0.0,0.0,76.1,62.9,80,31.3,345
sale,1 Bedroom Apartment,2390000,1,1,22 m²,"2005 THE One, 16 Dennesig Street",Dennesig,Stellenbosch,https://www.property24.com/for-sale/dennesig/stellenbosch/western-cape/8529/116814096,,,"EXCLUSIVE SOLE MANDATE
Investors Ideal

This furnished bachelor apartment is ideal for ...",,https://images.prop24.com/371971847/Crop600x400,8500,102000,4.27,False,mandate,12615.0,151380.0,rental_suburb,600,1494.0,2988.0,0.0,1200,63895.0,0.0267,6.33,15.79,0.53,0.4979,58400.0,50000,607900.0,1912000.0,19735.0,-14411.0,-172931.0,-0.2845,0.27,2.0624,798682.0,-66.58,108636.0,73641.0,47.52,2868000.0,2294400.0,382400.0,225500.0,-18358.0,-1.09,2846528.0,3198359.0,4280126.0,648441.0,1736362.0,1461997.0,983997.0,-831746.0,-183305.0,-0.3015,-0.0693,0.1051,2,14,0.21,0.22,0.2863,0.0,50.0,50.0,35.0,30,17.8,0.0,0.0,0.0,76.1,62.9,80,31.3,346
sale,3 Bedroom House,2500000,3,2,843 m²,Ceres,Ceres,Ceres,https://www.property24.com/for-sale/ceres/ceres/western-cape/7612/116901494,,,"Sole mandate!

This charming three-bedroom home offers beautiful wooden floors and an abundance of character throughout.

The home ...",,https://images.prop24.com/284368778/Ensure264x153,6000,72000,2.88,False,mandate,6000.0,72000.0,csv_estimate,300,1562.0,3125.0,0.0,1200,-8010.0,-0.0032,2.88,34.72,0.24,1.0312,67200.0,50000,638700.0,2000000.0,20644.0,-21311.0,-255735.0,-0.4004,-0.03,4.4719,-72818.0,-102.91,2966.0,8288.0,-64.22,3000000.0,2400000.0,400000.0,238700.0,-25440.0,-1.77,2977540.0,3345564.0,4477119.0,678286.0,1816279.0,1529285.0,1029285.0,-1287489.0,-609203.0,-0.9538,-0.4594,-0.0125,0,16,0.0,,0.2232,0.0,50.0,50.0,35.0,30,-2.1,0.0,0.0,0.0,75.0,62.6,100,31.3,347
sale,3 Bedroom House,1695000,3,2,354 m²,68 Durban Street,Worcester Central,Worcester,https://www.property24.com/for-sale/worcester-central/worcester/western-cape/8860/117055844,,,"***EXCLUSIVE AUTHORITY TO SELL***

The timeless elegance of Cape Dutch architecture is ...",,https://images.prop24.com/317418390/Ensure264x153,7000,84000,4.96,False,,12000.0,144000.0,rental_suburb,400,1059.0,2119.0,0.0,1200,75142.0,0.0443,8.5,11.77,0.71,0.3982,15486.0,50000,425986.0,1356000.0,13996.0,-7735.0,-92815.0,-0.2179,0.45,1.5645,751425.0,-55.67,4788.0,10714.0,-55.31,2034000.0,1627200.0,271200.0,154786.0,-10534.0,-0.69,2018772.0,2268292.0,3035487.0,459878.0,1231437.0,1036855.0,697855.0,-423622.0,36255.0,0.0851,0.0165,0.1764,1,20,0.6,0.0,1.0847,0.0,50.0,50.0,35.0,0,29.6,0.0,0.0,0.0,83.0,63.7,90,31.3,348
sale,2 Bedroom House,1255000,2,1,140 m²,5 Stern Street,Worcester Rural,Worcester,https://www.property24.com/for-sale/worcester-rural/worcester/western-cape/16610/116857899,,,"A charming two bedroom cabin for sale at the Worcester Yacht Club, perfectly suited to ...",,https://images.prop24.com/103291119/Ensure264x153,7000,84000,6.69,False,,7100.0,85200.0,rental_area_q1,400,784.0,1569.0,0.0,1200,30946.0,0.0247,6.79,14.73,0.57,0.5568,1350.0,50000,323850.0,1004000.0,10363.0,-7784.0,-93412.0,-0.2884,0.25,2.0164,309465.0,-75.34,8964.0,8018.0,11.8,1506000.0,1204800.0,200800.0,123050.0,-9857.0,-1.12,1494725.0,1679473.0,2247514.0,340499.0,911772.0,767701.0,516701.0,-451732.0,-111232.0,-0.3435,-0.0807,0.0956,0,8,0.0,,0.7201,0.0,50.0,50.0,35.0,0,16.4,0.0,0.0,0.0,87.5,62.0,100,31.3,349
sale,2 Bedroom Apartment,850000,2,1,61 m²,59 Hoop Street,Robertson,Robertson,https://www.property24.com/for-sale/robertson/robertson/western-cape/16671/116920930,,,"""Exclusive Sole Mandate""

Situated in the middle of town within walking ...",,https://images.prop24.com/346407590/Crop600x400,6000,72000,8.47,True,mandate,10000.0,120000.0,rental_suburb,300,531.0,1062.0,0.0,1200,73275.0,0.0862,14.12,7.08,1.18,0.3094,0.0,100000,291500.0,680000.0,7019.0,-913.0,-10952.0,-0.0376,0.87,1.0113,732750.0,-13.79,13934.0,9366.0,48.78,1020000.0,816000.0,136000.0,155500.0,-2316.0,0.21,1012364.0,1137492.0,1522221.0,230617.0,617535.0,519957.0,349957.0,-14257.0,216360.0,0.7422,0.1174,0.2514,7,56,0.21,0.77,0.3369,0.0,50.0,50.0,35.0,30,57.5,0.0,10.0,0.0,91.5,46.7,30,31.3,350
sale,3 Bedroom House,1102333,3,1,200 m²,Dalvale,Dalvale,Paarl,https://www.property24.com/for-sale/dalvale/paarl/western-cape/8625/117034160,,,"Expected completion in April 2026

Ideally located between Jan van Riebeeck Drive and Bartolomeu Road, Paarl Mountain Ridge combines ...",,https://images.prop24.com/347808421/Crop600x400,9500,114000,10.34,True,,7000.0,84000.0,rental_area_q1,377.0,689.0,1378.0,0.0,1200,33559.0,0.0304,7.62,13.12,0.64,0.5205,0.0,100000,341967.0,881866.0,9103.0,-6306.0,-75671.0,-0.2213,0.31,1.8208,372882.0,-66.17,5512.0,5512.0,0.0,1322800.0,1058240.0,176373.0,165593.0,-8126.0,-0.82,1312896.0,1475170.0,1974111.0,299079.0,800858.0,674313.0,453846.0,-361302.0,-62223.0,-0.182,-0.0394,0.0981,0,11,0.0,,0.0887,0.0,50.0,51.0,35.2,0,20.3,0.0,0.0,0.0,89.0,51.6,100,31.2,351
sale,3 Bedroom House,1102333,3,1,200 m²,Dalvale,Dalvale,Paarl,https://www.property24.com/for-sale/dalvale/paarl/western-cape/8625/116989000,,,"Expected completion in April 2026

Ideally located between Jan van Riebeeck Drive and Bartolomeu Road, Paarl Mountain Ridge combines ...",,https://images.prop24.com/375122036/Crop600x400,9500,114000,10.34,True,,7000.0,84000.0,rental_area_q1,377.0,689.0,1378.0,0.0,1200,33559.0,0.0304,7.62,13.12,0.64,0.5205,0.0,100000,341967.0,881866.0,9103.0,-6306.0,-75671.0,-0.2213,0.31,1.8208,372882.0,-66.17,5512.0,5512.0,0.0,1322800.0,1058240.0,176373.0,165593.0,-8126.0,-0.82,1312896.0,1475170.0,1974111.0,299079.0,800858.0,674313.0,453846.0,-361302.0,-62223.0,-0.182,-0.0394,0.0981,0,11,0.0,,0.0887,0.0,50.0,51.0,35.2,0,20.3,0.0,0.0,0.0,89.0,51.6,100,31.2,352
sale,3 Bedroom House,1327351,3,2,250 m²,79 Kanfer,Dalvale,Paarl,https://www.property24.com/for-sale/dalvale/paarl/western-cape/8625/114961561,,,"Dreaming of a modern, spacious home in a prime location? This stunning plot & plan ...",,https://images.prop24.com/341773167/Ensure264x153,9500,114000,8.59,True,,7000.0,84000.0,rental_area_q1,489.0,830.0,1659.0,0.0,1200,27145.0,0.0205,6.33,15.8,0.53,0.5968,3521.0,50000,340491.0,1061881.0,10961.0,-8699.0,-104382.0,-0.3066,0.21,2.1626,301612.0,-77.28,5309.0,5512.0,-3.67,1592821.0,1274257.0,212376.0,128115.0,-10891.0,-1.22,1580896.0,1776295.0,2377083.0,360129.0,964336.0,811959.0,546489.0,-508945.0,-148816.0,-0.4371,-0.1086,0.0797,0,11,0.0,,0.0887,0.0,50.0,51.0,35.2,0,13.6,0.0,0.0,0.0,86.7,62.4,100,31.2,353
sale,3 Bedroom House,1102333,3,1,200 m²,Dalvale,Dalvale,Paarl,https://www.property24.com/for-sale/dalvale/paarl/western-cape/8625/116660367,,,"Expected completion in April 2026

Ideally located between Jan van Riebeeck Drive and Bartolomeu Road, Paarl Mountain Ridge combines ...",,https://images.prop24.com/303954500/Ensure264x153,9500,114000,10.34,True,,7000.0,84000.0,rental_area_q1,377.0,689.0,1378.0,0.0,1200,33559.0,0.0304,7.62,13.12,0.64,0.5205,0.0,100000,341967.0,881866.0,9103.0,-6306.0,-75671.0,-0.2213,0.31,1.8208,372882.0,-66.17,5512.0,5512.0,0.0,1322800.0,1058240.0,176373.0,165593.0,-8126.0,-0.82,1312896.0,1475170.0,1974111.0,299079.0,800858.0,674313.0,453846.0,-361302.0,-62223.0,-0.182,-0.0394,0.0981,0,11,0.0,,0.0887,0.0,50.0,51.0,35.2,0,20.3,0.0,0.0,0.0,89.0,51.6,100,31.2,354
sale,3 Bedroom House,4950000,3,2,693 m²,Mount Royal Golf Estate,Mount Royal Golf Estate,Malmesbury,https://www.property24.com/for-sale/mount-royal-golf-estate/malmesbury/western-cape/12932/117061636,,,"Private Mandate

This beautifully maintained home in the sought-after Mount Royal Golf Estate offers a blend of modern convenience ...",,,7500,90000,1.82,False,,15000.0,180000.0,rental_area_q1,400,3094.0,6188.0,0.0,1200,35025.0,0.0071,3.64,27.5,0.3,0.7254,321856.0,50000,1383356.0,3960000.0,40875.0,-37956.0,-455471.0,-0.3293,0.07,3.4504,333571.0,-93.26,7143.0,9082.0,-21.35,5940000.0,4752000.0,792000.0,591356.0,-46131.0,-1.41,5895529.0,6624217.0,8864696.0,1343006.0,3596232.0,3027985.0,2037985.0,-2264314.0,-921309.0,-0.666,-0.1969,0.0253,0,14,0.0,,0.4082,0.0,50.0,73.0,39.6,0,4.7,0.0,0.0,0.0,50.5,57.3,100,31.2,355
sale,2 Bedroom Apartment,2100000,2,1,37 m²,Stellenbosch Central,Stellenbosch Central,Stellenbosch,https://www.property24.com/for-sale/stellenbosch-central/stellenbosch/western-cape/8566/116858021,,,"Modern Two-Bedroom Apartment for Sale 

This well-spaced two-bedroom apartment is ideally located in the sought-after Melrose Square ...",,https://images.prop24.com/372755945/Crop600x400,12000,144000,6.86,False,,17000.0,204000.0,rental_suburb,600,1312.0,2625.0,0.0,1200,118830.0,0.0566,9.71,10.29,0.81,0.3375,39786.0,50000,531286.0,1680000.0,17341.0,-7438.0,-89259.0,-0.168,0.57,1.3575,1485375.0,-29.27,56757.0,55882.0,1.56,2520000.0,2016000.0,336000.0,195286.0,-10906.0,-0.4,2501134.0,2810274.0,3760780.0,569760.0,1525674.0,1284600.0,864600.0,-381101.0,188659.0,0.3551,0.0627,0.2237,16,87,0.54,0.99,0.4083,16.1,50.0,50.0,39.8,0,37.7,0.0,0.0,0.0,79.0,63.2,0,31.2,356
sale,2 Bedroom Apartment,2100000,2,1,37 m²,Stellenbosch Central,Stellenbosch Central,Stellenbosch,https://www.property24.com/for-sale/stellenbosch-central/stellenbosch/western-cape/8566/116831472,,,"Located in the sought-after Melrose Square complex, this modern two-bedroom apartment offers a premier investment opportunity just five ...",,,12000,144000,6.86,False,,17000.0,204000.0,rental_suburb,600,1312.0,2625.0,0.0,1200,118830.0,0.0566,9.71,10.29,0.81,0.3375,39786.0,50000,531286.0,1680000.0,17341.0,-7438.0,-89259.0,-0.168,0.57,1.3575,1485375.0,-29.27,56757.0,55882.0,1.56,2520000.0,2016000.0,336000.0,195286.0,-10906.0,-0.4,2501134.0,2810274.0,3760780.0,569760.0,1525674.0,1284600.0,864600.0,-381101.0,188659.0,0.3551,0.0627,0.2237,16,87,0.54,0.99,0.4083,16.1,50.0,50.0,39.8,0,37.7,0.0,0.0,0.0,79.0,63.2,0,31.2,357
sale,2 Bedroom Apartment,2100000,2,1,38 m²,Stellenbosch Central,Stellenbosch Central,Stellenbosch,https://www.property24.com/for-sale/stellenbosch-central/stellenbosch/western-cape/8566/116623134,,,"Modern Two-Bedroom Apartment in Melrose Square

Discover contemporary living in this stylish two-bedroom apartment, perfectly ...",,https://images.prop24.com/242461081/Ensure264x153,12000,144000,6.86,False,,17000.0,204000.0,rental_suburb,600,1312.0,2625.0,0.0,1200,118830.0,0.0566,9.71,10.29,0.81,0.3375,39786.0,50000,531286.0,1680000.0,17341.0,-7438.0,-89259.0,-0.168,0.57,1.3575,1485375.0,-29.27,55263.0,55882.0,-1.11,2520000.0,2016000.0,336000.0,195286.0,-10906.0,-0.4,2501134.0,2810274.0,3760780.0,569760.0,1525674.0,1284600.0,864600.0,-381101.0,188659.0,0.3551,0.0627,0.2237,16,87,0.54,0.99,0.4083,16.1,50.0,50.0,39.8,0,37.7,0.0,0.0,0.0,79.0,63.2,0,31.2,358
sale,3 Bedroom House,2600000,3,2,952 m²,Worcester West,Worcester West,Worcester,https://www.property24.com/for-sale/worcester-west/worcester/western-cape/8875/116916988,,,"SOLE MANDATE
 
This much-loved family home was built 54 years ago by the family who have meticulously cared for it ever since. The ...",,https://images.prop24.com/319767968/Ensure264x153,7000,84000,3.23,False,mandate,13000.0,156000.0,rental_suburb,400,1625.0,3250.0,0.0,1200,65820.0,0.0253,6.0,16.67,0.5,0.4981,75200.0,50000,666700.0,2080000.0,21470.0,-15985.0,-191814.0,-0.2877,0.26,2.1496,658200.0,-74.68,2731.0,2616.0,4.42,3120000.0,2496000.0,416000.0,250700.0,-20278.0,-1.11,3096642.0,3479387.0,4656204.0,705417.0,1888930.0,1590457.0,1070457.0,-925175.0,-219758.0,-0.3296,-0.0769,0.0987,2,4,0.5,0.31,0.2031,0.0,50.0,50.0,35.0,30,16.9,0.0,0.0,0.0,74.0,62.4,80,31.2,359
sale,3 Bedroom House,2900000,3,2,1 115 m²,Langerug,Langerug,Worcester,https://www.property24.com/for-sale/langerug/worcester/western-cape/8849/116496482,,,"EXCLUSIVE SOLE MANDATE

Perfectly positioned for a family with a dynamic lifestyle, this home combines comfort, style, and ...",,https://images.prop24.com/319767968/Ensure264x153,7000,84000,2.9,False,mandate,8300.0,99600.0,rental_area_q1,400,1812.0,3625.0,0.0,1200,7182.0,0.0025,3.43,29.12,0.29,0.8479,99200.0,50000,750700.0,2320000.0,23947.0,-23348.0,-280179.0,-0.3732,0.02,3.733,71820.0,-97.52,,34412.0,,3480000.0,2784000.0,464000.0,286700.0,-28138.0,-1.62,3453946.0,3880854.0,5193458.0,786811.0,2106883.0,1773971.0,1193971.0,-1401452.0,-614641.0,-0.8188,-0.2894,0.0096,0,6,0.0,,0.3756,0.0,50.0,50.0,35.0,30,1.7,0.0,0.0,0.0,71.0,61.8,100,31.2,360
sale,3 Bedroom House,2600000,3,1,991 m²,Montagu,Montagu,Montagu,https://www.property24.com/for-sale/montagu/montagu/western-cape/7595/116826518,,,"Exclusive Dual Mandate - Nestled in the picturesque town of Montagu, this beautiful family home offers a perfect blend of comfort ...",,https://images.prop24.com/373497860/Ensure264x153,6000,72000,2.77,False,mandate,6000.0,72000.0,csv_estimate,250,1625.0,3250.0,0.0,1200,-9660.0,-0.0037,2.77,36.11,0.23,1.0542,75200.0,50000,666700.0,2080000.0,21470.0,-22275.0,-267294.0,-0.4009,-0.04,4.6324,-96600.0,-103.72,2624.0,3921.0,-33.08,3120000.0,2496000.0,416000.0,250700.0,-26568.0,-1.78,3096642.0,3479387.0,4656204.0,705417.0,1888930.0,1590457.0,1070457.0,-1346335.0,-640918.0,-0.9613,-0.4782,-0.0145,0,21,0.0,,0.529,0.0,50.0,50.0,35.0,30,-2.5,0.0,0.0,0.0,74.0,62.4,100,31.2,361
sale,3 Bedroom House,2600000,3,1,991 m²,Montagu,Montagu,Montagu,https://www.property24.com/for-sale/montagu/montagu/western-cape/7595/116616936,,,"Exclusive Dual Mandate - Nestled in the picturesque town of Montagu, this beautiful family home offers a perfect blend of comfort ...",,https://images.prop24.com/373497860/Ensure264x153,6000,72000,2.77,False,mandate,6000.0,72000.0,csv_estimate,250,1625.0,3250.0,0.0,1200,-9660.0,-0.0037,2.77,36.11,0.23,1.0542,75200.0,50000,666700.0,2080000.0,21470.0,-22275.0,-267294.0,-0.4009,-0.04,4.6324,-96600.0,-103.72,2624.0,3921.0,-33.08,3120000.0,2496000.0,416000.0,250700.0,-26568.0,-1.78,3096642.0,3479387.0,4656204.0,705417.0,1888930.0,1590457.0,1070457.0,-1346335.0,-640918.0,-0.9613,-0.4782,-0.0145,0,21,0.0,,0.529,0.0,50.0,50.0,35.0,30,-2.5,0.0,0.0,0.0,74.0,62.4,100,31.2,362
sale,1 Bedroom Apartment,2365000,1,1,43 m²,95 Bird Street,La Colline,Stellenbosch,https://www.property24.com/for-sale/la-colline/stellenbosch/western-cape/8537/117013592,,,Experience modern Winelands living in this stylish 43 sqm one-bedroom apartment at 95 On ...,,https://images.prop24.com/308559161/Ensure264x153,8500,102000,4.31,False,,8000.0,96000.0,rental_suburb,600,1478.0,2956.0,0.0,1200,13508.0,0.0057,4.06,24.64,0.34,0.7793,56400.0,50000,600900.0,1892000.0,19529.0,-18403.0,-220841.0,-0.3675,0.06,3.2204,168844.0,-92.86,55000.0,51124.0,7.58,2838000.0,2270400.0,378400.0,222500.0,-22309.0,-1.58,2816753.0,3164903.0,4235355.0,641658.0,1718200.0,1446704.0,973704.0,-1100543.0,-458885.0,-0.7637,-0.2506,0.0225,3,56,0.14,0.39,0.3779,9.5,50.0,50.0,37.9,0,3.8,0.0,0.0,0.0,76.4,63.0,70,31.1,363
sale,2 Bedroom Apartment,2350000,2,2,120 m²,De Wijnlanden Residential Estate,De Wijnlanden Residential Estate,Stellenbosch,https://www.property24.com/for-sale/de-wijnlanden-residential-estate/stellenbosch/western-cape/17618/117021515,,,"Discover contemporary living within the secure De Wijnlanden Residential Estate, nestled in the picturesque Stellenbosch Winelands. ...",,https://images.prop24.com/375719872/Crop600x400,12000,144000,6.13,False,,14000.0,168000.0,rental_area_q1,600,1469.0,2938.0,0.0,1200,80085.0,0.0341,7.15,13.99,0.6,0.4433,55200.0,50000,596700.0,1880000.0,19405.0,-12731.0,-152777.0,-0.256,0.34,1.8294,1001062.0,-57.4,19583.0,19479.0,0.53,2820000.0,2256000.0,376000.0,220700.0,-16612.0,-0.92,2798888.0,3144830.0,4208492.0,637589.0,1707302.0,1437528.0,967528.0,-721518.0,-83929.0,-0.1407,-0.0299,0.1342,0,3,0.0,,0.8124,0.0,50.0,50.0,35.0,0,22.7,0.0,0.0,0.0,76.5,63.0,100,31.1,364
sale,1 Bedroom Apartment,2365000,1,1,43 m²,La Colline,La Colline,Stellenbosch,https://www.property24.com/for-sale/la-colline/stellenbosch/western-cape/8537/117014319,,,"Step into effortless living at 95 on Bird – a modern one-bedroom apartment designed for comfort and convenience. 
This well-appointed ...",,https://images.prop24.com/332501504/Ensure264x153,8500,102000,4.31,False,,8000.0,96000.0,rental_suburb,600,1478.0,2956.0,0.0,1200,13508.0,0.0057,4.06,24.64,0.34,0.7793,56400.0,50000,600900.0,1892000.0,19529.0,-18403.0,-220841.0,-0.3675,0.06,3.2204,168844.0,-92.86,55000.0,51124.0,7.58,2838000.0,2270400.0,378400.0,222500.0,-22309.0,-1.58,2816753.0,3164903.0,4235355.0,641658.0,1718200.0,1446704.0,973704.0,-1100543.0,-458885.0,-0.7637,-0.2506,0.0225,3,56,0.14,0.39,0.3779,9.5,50.0,50.0,37.9,0,3.8,0.0,0.0,0.0,76.4,63.0,70,31.1,365
sale,3 Bedroom House,4000000,3,2,,Aan de Wijnlanden,Aan de Wijnlanden,Stellenbosch,https://www.property24.com/for-sale/aan-de-wijnlanden/stellenbosch/western-cape/17617/116962427,,,"Step into a home that perfectly blends comfort, space, and tranquil natural surroundings. This well-appointed 3-bedroom, 2-bathroom ...",,https://images.prop24.com/341773167/Ensure264x153,12000,144000,3.6,False,,6500.0,78000.0,rental_area_q1,600,2500.0,5000.0,0.0,1200,-39840.0,-0.01,1.95,51.28,0.16,1.4308,217356.0,50000,1088856.0,3200000.0,33030.0,-36350.0,-436200.0,-0.4006,-0.1,6.5123,-498000.0,-112.45,,14384.0,,4800000.0,3840000.0,640000.0,448856.0,-42956.0,-1.81,4764064.0,5352902.0,7163391.0,1085257.0,2906046.0,2446856.0,1646856.0,-2210402.0,-1125145.0,-1.0333,0.0,-0.0366,0,32,0.16,,0.5383,9.6,50.0,50.0,37.9,0,-6.6,0.0,0.0,0.0,60.0,58.8,100,31.1,366
sale,3 Bedroom House,7395000,3,2,760 m²,Die Boord,Die Boord,Stellenbosch,https://www.property24.com/for-sale/die-boord/stellenbosch/western-cape/8530/116786194,,,"EXCLUSIVE SOLE MANDATE

Perfectly positioned in the highly sought-after Die Boord area, this well-located family home offers comfort ...",,https://images.prop24.com/233852929/Ensure264x153,12000,144000,1.95,False,mandate,6500.0,78000.0,rental_area_q1,600,4622.0,9244.0,0.0,1200,-116228.0,-0.0157,1.05,94.81,0.09,2.4101,590806.0,50000,2141306.0,5916000.0,61064.0,-70750.0,-848999.0,-0.3965,-0.16,11.8046,-1452844.0,-119.65,9730.0,9871.0,-1.42,8874000.0,7099200.0,1183200.0,958106.0,-82963.0,-1.82,8807563.0,9896178.0,13243319.0,2006369.0,5372552.0,4523626.0,3044626.0,-4323060.0,-2316691.0,-1.0819,0.0,-0.0543,0,4,0.25,,0.2228,11.9,50.0,50.0,38.6,30,-10.5,0.0,0.0,0.0,26.0,55.3,100,31.1,367
sale,3 Bedroom House,7395000,3,2,760 m²,Die Boord,Die Boord,Stellenbosch,https://www.property24.com/for-sale/die-boord/stellenbosch/western-cape/8530/116978409,,,"EXCLUSIVE SOLE MANDATE

Perfectly positioned in the highly sought-after Die Boord area, this well-located family home offers comfort ...",,https://images.prop24.com/233852929/Ensure264x153,12000,144000,1.95,False,mandate,6500.0,78000.0,rental_area_q1,600,4622.0,9244.0,0.0,1200,-116228.0,-0.0157,1.05,94.81,0.09,2.4101,590806.0,50000,2141306.0,5916000.0,61064.0,-70750.0,-848999.0,-0.3965,-0.16,11.8046,-1452844.0,-119.65,9730.0,9871.0,-1.42,8874000.0,7099200.0,1183200.0,958106.0,-82963.0,-1.82,8807563.0,9896178.0,13243319.0,2006369.0,5372552.0,4523626.0,3044626.0,-4323060.0,-2316691.0,-1.0819,0.0,-0.0543,0,4,0.25,,0.2228,11.9,50.0,50.0,38.6,30,-10.5,0.0,0.0,0.0,26.0,55.3,100,31.1,368
sale,1 Bedroom Apartment,2365000,1,1,43 m²,La Colline,La Colline,Stellenbosch,https://www.property24.com/for-sale/la-colline/stellenbosch/western-cape/8537/116533870,,,One of the standout features of this apartment is its open-plan design that seamlessly integrates the kitchen and lounge area. This ...,,https://images.prop24.com/72874115/Ensure264x153,8500,102000,4.31,False,,8000.0,96000.0,rental_suburb,600,1478.0,2956.0,0.0,1200,13508.0,0.0057,4.06,24.64,0.34,0.7793,56400.0,50000,600900.0,1892000.0,19529.0,-18403.0,-220841.0,-0.3675,0.06,3.2204,168844.0,-92.86,55000.0,51124.0,7.58,2838000.0,2270400.0,378400.0,222500.0,-22309.0,-1.58,2816753.0,3164903.0,4235355.0,641658.0,1718200.0,1446704.0,973704.0,-1100543.0,-458885.0,-0.7637,-0.2506,0.0225,3,56,0.14,0.39,0.3779,9.5,50.0,50.0,37.9,0,3.8,0.0,0.0,0.0,76.4,63.0,70,31.1,369
sale,1 Bedroom Apartment,2365000,1,1,43 m²,"- 95 On Bird, 95 Bird Street",La Colline,Stellenbosch,https://www.property24.com/for-sale/la-colline/stellenbosch/western-cape/8537/116714446,,,"Your Contemporary Sanctuary at 95 on Bird, Stellenbosch
Step into a world where sleek ...",,https://images.prop24.com/370283994/Crop600x400,8500,102000,4.31,False,,8000.0,96000.0,rental_suburb,600,1478.0,2956.0,0.0,1200,13508.0,0.0057,4.06,24.64,0.34,0.7793,56400.0,50000,600900.0,1892000.0,19529.0,-18403.0,-220841.0,-0.3675,0.06,3.2204,168844.0,-92.86,55000.0,51124.0,7.58,2838000.0,2270400.0,378400.0,222500.0,-22309.0,-1.58,2816753.0,3164903.0,4235355.0,641658.0,1718200.0,1446704.0,973704.0,-1100543.0,-458885.0,-0.7637,-0.2506,0.0225,3,56,0.14,0.39,0.3779,9.5,50.0,50.0,37.9,0,3.8,0.0,0.0,0.0,76.4,63.0,70,31.1,370
sale,1 Bedroom Apartment,2550000,1,1,32 m²,Dennesig,Dennesig,Stellenbosch,https://www.property24.com/for-sale/dennesig/stellenbosch/western-cape/8529/116399554,,,"Exclusive Sole Mandate

Looking to buy a beautiful, safe space for your child to live in while they study or a golden investment ...",,https://images.prop24.com/353086398/Ensure264x153,8500,102000,4.0,False,mandate,12615.0,151380.0,rental_suburb,600,1594.0,3188.0,0.0,1200,60295.0,0.0236,5.94,16.85,0.49,0.5217,71200.0,50000,652700.0,2040000.0,21057.0,-16032.0,-192385.0,-0.2948,0.24,2.1909,753682.0,-70.44,79688.0,73641.0,8.21,3060000.0,2448000.0,408000.0,244700.0,-20243.0,-1.15,3037091.0,3412475.0,4566662.0,691851.0,1852604.0,1559871.0,1049871.0,-931312.0,-239460.0,-0.3669,-0.0874,0.0924,2,14,0.21,0.22,0.2863,0.0,50.0,50.0,35.0,30,15.8,0.0,0.0,0.0,74.5,62.5,80,31.1,371
sale,1 Bedroom Apartment,2365000,1,1,,95 Bird Street,La Colline,Stellenbosch,https://www.property24.com/for-sale/la-colline/stellenbosch/western-cape/8537/116644338,,,"Modern Living at 95 On Bird Street


This stylish contemporary apartment offers modern ...",,https://images.prop24.com/364949640/Ensure264x153,8500,102000,4.31,False,,8000.0,96000.0,rental_suburb,600,1478.0,2956.0,0.0,1200,13508.0,0.0057,4.06,24.64,0.34,0.7793,56400.0,50000,600900.0,1892000.0,19529.0,-18403.0,-220841.0,-0.3675,0.06,3.2204,168844.0,-92.86,,51124.0,,2838000.0,2270400.0,378400.0,222500.0,-22309.0,-1.58,2816753.0,3164903.0,4235355.0,641658.0,1718200.0,1446704.0,973704.0,-1100543.0,-458885.0,-0.7637,-0.2506,0.0225,3,56,0.14,0.39,0.3779,9.5,50.0,50.0,37.9,0,3.8,0.0,0.0,0.0,76.4,63.0,70,31.1,372
sale,2 Bedroom House,820000,2,1,839 m²,Tulbagh,Tulbagh,Tulbagh,https://www.property24.com/for-sale/tulbagh/tulbagh/western-cape/7608/116634969,,,"This charming 2-bedroom home offers everything you need for comfortable, easy living — ideal for first-time buyers or small families.

 ...",,https://images.prop24.com/310646377/Ensure264x153,6000,72000,8.78,True,,6000.0,72000.0,csv_estimate,300,512.0,1025.0,0.0,1200,29790.0,0.0363,8.78,11.39,0.73,0.5062,0.0,100000,285500.0,656000.0,6771.0,-4289.0,-51464.0,-0.1803,0.37,1.6348,270818.0,-66.97,977.0,4597.0,-78.74,984000.0,787200.0,131200.0,154300.0,-5643.0,-0.63,976633.0,1097345.0,1468495.0,222478.0,595739.0,501606.0,337606.0,-242050.0,-19572.0,-0.0686,-0.0141,0.1043,0,16,0.0,,0.6239,0.0,50.0,50.0,35.0,0,24.2,0.0,0.0,0.0,91.8,46.0,100,31.1,373
sale,3 Bedroom Townhouse,2750000,3,2,272 m²,Ceres,Ceres,Ceres,https://www.property24.com/for-sale/ceres/ceres/western-cape/7612/115000314,,,"Modern, Move-In Ready Townhouse for Sale in Ceres.

New release:
Sole mandate:

Discover this low-maintenance, contemporary ...",,https://images.prop24.com/342626545/Crop600x400,6000,72000,2.62,False,mandate,6000.0,72000.0,csv_estimate,300,1719.0,3438.0,0.0,1200,-13635.0,-0.005,2.62,38.19,0.22,1.1094,87200.0,50000,708700.0,2200000.0,22708.0,-23844.0,-286133.0,-0.4037,-0.05,4.8941,-123955.0,-104.51,10110.0,8288.0,21.98,3300000.0,2640000.0,440000.0,268700.0,-28386.0,-1.8,3275294.0,3680120.0,4924831.0,746114.0,1997907.0,1682214.0,1132214.0,-1443060.0,-696946.0,-0.9834,-0.5595,-0.0192,0,16,0.0,,0.2232,0.0,50.0,50.0,35.0,30,-3.3,0.0,0.0,0.0,72.5,62.1,100,31.1,374
sale,3 Bedroom Townhouse,2750000,3,2,272 m²,Ceres,Ceres,Ceres,https://www.property24.com/for-sale/ceres/ceres/western-cape/7612/116773311,,,"Modern, Move-In Ready Townhouse for Sale in Ceres.

New release:
Sole mandate:

Discover this low-maintenance, contemporary ...",,https://images.prop24.com/342626545/Crop600x400,6000,72000,2.62,False,mandate,6000.0,72000.0,csv_estimate,300,1719.0,3438.0,0.0,1200,-13635.0,-0.005,2.62,38.19,0.22,1.1094,87200.0,50000,708700.0,2200000.0,22708.0,-23844.0,-286133.0,-0.4037,-0.05,4.8941,-123955.0,-104.51,10110.0,8288.0,21.98,3300000.0,2640000.0,440000.0,268700.0,-28386.0,-1.8,3275294.0,3680120.0,4924831.0,746114.0,1997907.0,1682214.0,1132214.0,-1443060.0,-696946.0,-0.9834,-0.5595,-0.0192,0,16,0.0,,0.2232,0.0,50.0,50.0,35.0,30,-3.3,0.0,0.0,0.0,72.5,62.1,100,31.1,375
sale,3 Bedroom Townhouse,2675000,3,3,295 m²,Ceres,Ceres,Ceres,https://www.property24.com/for-sale/ceres/ceres/western-cape/7612/114532780,,,"Sole Mandate

This comfortable, three-bedroom townhouse is located in a serene complex within the highly sought-after area of Ceres. ...",,,6000,72000,2.69,False,mandate,6000.0,72000.0,csv_estimate,300,1672.0,3344.0,0.0,1200,-11948.0,-0.0045,2.69,37.15,0.22,1.0859,81200.0,50000,687700.0,2140000.0,22089.0,-23084.0,-277013.0,-0.4028,-0.05,4.7674,-108614.0,-104.06,9068.0,8288.0,9.41,3210000.0,2568000.0,428000.0,259700.0,-27502.0,-1.79,3185968.0,3579753.0,4790518.0,725766.0,1943418.0,1636335.0,1101335.0,-1396389.0,-670623.0,-0.9752,-0.5225,-0.0174,0,16,0.0,,0.2232,0.0,50.0,50.0,35.0,30,-3.0,0.0,0.0,0.0,73.2,62.2,100,31.1,376
sale,2 Bedroom House,2450000,2,2,,Altona,Altona,Worcester,https://www.property24.com/for-sale/altona/worcester/western-cape/33413/116930962,,,"EXCLUSIVE SOLE MANDATE 

Situated in the secure and sought-after Altona Estate in Worcester, Western Cape, this modern two-bedroom ...",,https://images.prop24.com/366636464/Ensure264x153,7000,84000,3.43,False,mandate,14900.0,178800.0,rental_suburb,400,1531.0,3062.0,0.0,1200,90171.0,0.0368,7.3,13.7,0.61,0.4157,63200.0,50000,624700.0,1960000.0,20231.0,-12717.0,-152600.0,-0.2443,0.37,1.7735,901710.0,-63.2,,9086.0,,2940000.0,2352000.0,392000.0,232700.0,-16763.0,-0.85,2917989.0,3278653.0,4387577.0,664720.0,1779953.0,1498700.0,1008700.0,-714763.0,-50043.0,-0.0801,-0.0166,0.1443,3,16,0.31,0.09,0.4166,0.0,50.0,50.0,35.0,30,24.5,0.0,0.0,0.0,75.5,62.8,70,31.1,377
sale,1 Bedroom Apartment,500000,1,1,,Worcester Central,Worcester Central,Worcester,https://www.property24.com/for-sale/worcester-central/worcester/western-cape/8860/117011585,,,"Neatly renovated quaint, cosy one-bedroom apartment. Well maintained. 
Ideal for young start up couple. 
One bathroom newly tiled ...",,https://images.prop24.com/252535644/Ensure264x153,5000,60000,12.0,True,,4950.0,59400.0,rental_suburb,400,312.0,625.0,0.0,1200,24198.0,0.0484,11.88,8.42,0.99,0.5126,0.0,60000,181500.0,400000.0,4129.0,-2112.0,-25347.0,-0.1397,0.49,1.3467,241980.0,-51.6,,10714.0,,600000.0,480000.0,80000.0,101500.0,-2938.0,-0.41,595508.0,669113.0,895424.0,135657.0,363256.0,305857.0,205857.0,-114379.0,21278.0,0.1172,0.0224,0.1333,1,20,0.6,0.0,1.0847,0.0,50.0,50.0,35.0,0,32.3,0.0,0.0,0.0,95.0,44.1,90,31.1,378
sale,2 Bedroom House,1780000,2,1,200 m²,15 Bergpypie Street,Groenvlei,Paarl,https://www.property24.com/for-sale/groenvlei/paarl/western-cape/8601/116912041?plId=2370078&plt=4,,,"This quaint yet practical two-bedroom home is situated in De Oude Park Security Estate in Groenvlei, Paarl North, a small, established estate offering a quiet and secure lifestyle. ...",,https://images.prop24.com/233856395/Ensure528x153,9500,114000,6.4,False,,8500.0,102000.0,rental_area_q1,716.0,1112.0,2225.0,0.0,1200,30802.0,0.0173,5.73,17.45,0.48,0.618,20586.0,50000,448086.0,1424000.0,14698.0,-12132.0,-145578.0,-0.3249,0.17,2.3472,342246.0,-80.77,8900.0,14191.0,-37.29,2136000.0,1708800.0,284800.0,163286.0,-15071.0,-1.32,2120008.0,2382042.0,3187709.0,482939.0,1293190.0,1088851.0,732851.0,-713522.0,-230583.0,-0.5146,-0.1346,0.0687,0,7,0.0,,0.4534,0.0,50.0,51.0,35.2,0,11.5,0.0,0.0,0.0,82.2,63.6,100,31.0,379
sale,3 Bedroom House,2950000,3,2,263 m²,26 Grenache Street,De Zoete Inval,Paarl,https://www.property24.com/for-sale/de-zoete-inval/paarl/western-cape/8596/116504805,,,"Sole Mandate!
Located in a sought-after Security Estate, this beautiful 3-bedroom home ...",,https://images.prop24.com/366331336/Crop600x400,9500,114000,3.86,False,mandate,7000.0,84000.0,rental_area_q1,1301.0,1844.0,3688.0,0.0,1200,-19109.0,-0.0065,2.85,35.12,0.24,1.1475,103200.0,50000,764700.0,2360000.0,24360.0,-25952.0,-311425.0,-0.4073,-0.07,4.6274,-212326.0,-107.2,11217.0,15625.0,-28.21,3540000.0,2832000.0,472000.0,292700.0,-30824.0,-1.82,3513497.0,3947765.0,5283001.0,800377.0,2143209.0,1804557.0,1214557.0,-1573627.0,-773250.0,-1.0112,0.0,-0.025,0,11,0.27,,0.2194,0.0,50.0,51.0,35.2,30,-4.3,0.0,0.0,0.0,70.5,61.7,100,31.0,380
sale,3 Bedroom House,1195000,3,1,148 m²,Dalvale,Dalvale,Paarl,https://www.property24.com/for-sale/dalvale/paarl/western-cape/8625/116625180,,,Secure modern freestanding 3 bedroom house for the ideal family who want to start their life in the newly establish Mountain Ridge ...,,https://images.prop24.com/262147756/Ensure264x153,9500,114000,9.54,True,,7000.0,84000.0,rental_area_q1,423.0,747.0,1494.0,0.0,1200,30918.0,0.0259,7.03,14.23,0.59,0.5519,0.0,100000,360500.0,956000.0,9868.0,-7291.0,-87495.0,-0.2427,0.26,1.9616,343532.0,-71.25,8074.0,5512.0,46.5,1434000.0,1147200.0,191200.0,169300.0,-9265.0,-0.94,1423264.0,1599180.0,2140063.0,324221.0,868181.0,730998.0,491998.0,-422104.0,-97884.0,-0.2715,-0.0614,0.0858,0,11,0.0,,0.0887,0.0,50.0,51.0,35.2,0,17.2,0.0,0.0,0.0,88.1,53.0,100,31.0,381
sale,3 Bedroom House,5000000,3,2,344 m²,48 Peeka Street,Die Boord,Stellenbosch,https://www.property24.com/for-sale/die-boord/stellenbosch/western-cape/8530/116930510,,,Exlusive Mandate: Beautiful private home in the very popular Die Boord neighbourhood. ...,,https://images.prop24.com/374055973/Crop600x400,12000,144000,2.88,False,,6500.0,78000.0,rental_area_q1,600,3125.0,6250.0,0.0,1200,-62340.0,-0.0125,1.56,64.1,0.13,1.7192,327356.0,50000,1398856.0,4000000.0,41288.0,-46483.0,-557790.0,-0.3987,-0.13,8.0712,-779250.0,-115.59,14535.0,9871.0,47.25,6000000.0,4800000.0,800000.0,598856.0,-54740.0,-1.82,5955080.0,6691128.0,8954238.0,1356571.0,3632557.0,3058571.0,2058571.0,-2832687.0,-1476116.0,-1.0552,0.0,-0.0446,0,4,0.25,,0.2228,11.9,50.0,50.0,38.6,0,-8.3,0.0,0.0,0.0,50.0,57.2,100,31.0,382
sale,3 Bedroom House,3650000,3,2,327 m²,Onder Papegaaiberg,Onder Papegaaiberg,Stellenbosch,https://www.property24.com/for-sale/onder-papegaaiberg/stellenbosch/western-cape/8539/116956217,,,"Excellent opportunity to invest in this quiet and secure neighbourhood. 

This cosy and quaint townhouse offers a spacious lounge ...",,https://images.prop24.com/186075711/Ensure264x153,12000,144000,3.95,False,,6500.0,78000.0,rental_suburb,600,2281.0,4562.0,0.0,1200,-31965.0,-0.0088,2.14,46.79,0.18,1.3298,178856.0,50000,980356.0,2920000.0,30140.0,-32804.0,-393644.0,-0.4015,-0.09,5.9667,-399562.0,-110.95,11162.0,33333.0,-66.51,4380000.0,3504000.0,584000.0,396356.0,-38832.0,-1.81,4347208.0,4884523.0,6536594.0,990297.0,2651767.0,2232756.0,1502756.0,-1992602.0,-1002305.0,-1.0224,0.0,-0.0326,1,7,0.29,0.0,0.3646,10.3,50.0,50.0,38.1,0,-5.8,0.0,0.0,0.0,63.5,59.6,90,31.0,383
sale,3 Bedroom House,4200000,3,3,366 m²,Aan de Wijnlanden,Aan de Wijnlanden,Stellenbosch,https://www.property24.com/for-sale/aan-de-wijnlanden/stellenbosch/western-cape/17617/117003540,,,"Discover this beautifully presented 3-bedroom home nestled in the sought-after Aan De Wijnlanden Estate, offering the perfect blend of ...",,https://images.prop24.com/372791326/Ensure264x153,12000,144000,3.43,False,,6500.0,78000.0,rental_area_q1,600,2625.0,5250.0,0.0,1200,-44340.0,-0.0106,1.86,53.85,0.15,1.4885,239356.0,50000,1150856.0,3360000.0,34682.0,-38377.0,-460518.0,-0.4002,-0.11,6.8241,-554250.0,-113.2,11475.0,14384.0,-20.22,5040000.0,4032000.0,672000.0,478856.0,-45313.0,-1.81,5002267.0,5620547.0,7521560.0,1139520.0,3051348.0,2569199.0,1729199.0,-2334859.0,-1195339.0,-1.0387,0.0,-0.0385,0,32,0.16,,0.5383,9.6,50.0,50.0,37.9,0,-7.0,0.0,0.0,0.0,58.0,58.4,100,31.0,384
sale,3 Bedroom House,4200000,3,3,366 m²,Aan de Wijnlanden,Aan de Wijnlanden,Stellenbosch,https://www.property24.com/for-sale/aan-de-wijnlanden/stellenbosch/western-cape/17617/117039927,,,"Discover this beautifully presented 3-bedroom home nestled in the sought-after Aan De Wijnlanden Estate, offering the perfect blend of ...",,https://images.prop24.com/372791326/Ensure264x153,12000,144000,3.43,False,,6500.0,78000.0,rental_area_q1,600,2625.0,5250.0,0.0,1200,-44340.0,-0.0106,1.86,53.85,0.15,1.4885,239356.0,50000,1150856.0,3360000.0,34682.0,-38377.0,-460518.0,-0.4002,-0.11,6.8241,-554250.0,-113.2,11475.0,14384.0,-20.22,5040000.0,4032000.0,672000.0,478856.0,-45313.0,-1.81,5002267.0,5620547.0,7521560.0,1139520.0,3051348.0,2569199.0,1729199.0,-2334859.0,-1195339.0,-1.0387,0.0,-0.0385,0,32,0.16,,0.5383,9.6,50.0,50.0,37.9,0,-7.0,0.0,0.0,0.0,58.0,58.4,100,31.0,385
sale,2 Bedroom Apartment,1950000,2,1,63 m²,La Colline,La Colline,Stellenbosch,https://www.property24.com/for-sale/la-colline/stellenbosch/western-cape/8537/116835713,,,"Situated in the heart of La Colline, this modern two-bedroom apartment in the Nooitgedacht complex captures the relaxed yet vibrant ...",,https://images.prop24.com/308559161/Ensure264x153,12000,144000,7.38,False,,10000.0,120000.0,rental_suburb,600,1219.0,2438.0,0.0,1200,44925.0,0.023,6.15,16.25,0.51,0.5456,30786.0,50000,492286.0,1560000.0,16102.0,-12358.0,-148301.0,-0.3012,0.23,2.1558,561562.0,-71.2,30952.0,51124.0,-39.46,2340000.0,1872000.0,312000.0,180286.0,-15579.0,-1.18,2322481.0,2609540.0,3492153.0,529063.0,1416697.0,1192843.0,802843.0,-719065.0,-190002.0,-0.386,-0.0929,0.0913,5,56,0.14,0.73,0.3779,9.5,50.0,50.0,37.9,0,15.4,0.0,0.0,0.0,80.5,63.4,50,31.0,386
sale,1 Bedroom Apartment,2690000,1,1,23 m²,Dennesig,Dennesig,Stellenbosch,https://www.property24.com/for-sale/dennesig/stellenbosch/western-cape/8529/116051303,,,Exclusive Sole Mandate. Experience the pinnacle of modern student living in this ...,,,8500,102000,3.79,False,mandate,12615.0,151380.0,rental_suburb,600,1681.0,3362.0,0.0,1200,57145.0,0.0212,5.63,17.77,0.47,0.5425,82400.0,50000,691900.0,2152000.0,22213.0,-17451.0,-209408.0,-0.3027,0.21,2.3033,714308.0,-73.45,116957.0,73641.0,58.82,3228000.0,2582400.0,430400.0,261500.0,-21893.0,-1.2,3203833.0,3599827.0,4817380.0,729835.0,1954316.0,1645511.0,1107511.0,-1018432.0,-288596.0,-0.4171,-0.1023,0.0826,2,14,0.21,0.22,0.2863,0.0,50.0,50.0,35.0,30,14.2,0.0,0.0,0.0,73.1,62.2,80,31.0,387
sale,1 Bedroom Apartment,2530000,1,1,46 m²,95 Bird Street,La Colline,Stellenbosch,https://www.property24.com/for-sale/la-colline/stellenbosch/western-cape/8537/116475808,,,"FOR SALE  1 Bedroom Apartment  95 On Bird, Stellenbosch
Welcome to 95 On Bird  
A modern ...",,https://images.prop24.com/364949640/Ensure264x153,8500,102000,4.03,False,,8000.0,96000.0,rental_suburb,600,1581.0,3162.0,0.0,1200,9795.0,0.0039,3.79,26.35,0.32,0.818,69600.0,50000,647100.0,2024000.0,20891.0,-20075.0,-240903.0,-0.3723,0.04,3.4294,122438.0,-95.16,55000.0,51124.0,7.58,3036000.0,2428800.0,404800.0,242300.0,-24254.0,-1.61,3013270.0,3385711.0,4530845.0,686425.0,1838074.0,1547637.0,1041637.0,-1203220.0,-516795.0,-0.7986,-0.2742,0.0151,3,56,0.14,0.39,0.3779,9.5,50.0,50.0,37.9,0,2.6,0.0,0.0,0.0,74.7,62.6,70,31.0,388
sale,1 Bedroom Apartment,2690000,1,1,23 m²,Dennesig,Dennesig,Stellenbosch,https://www.property24.com/for-sale/dennesig/stellenbosch/western-cape/8529/116783454,,,Exclusive Sole Mandate. Experience the pinnacle of modern student living in this ...,,,8500,102000,3.79,False,mandate,12615.0,151380.0,rental_suburb,600,1681.0,3362.0,0.0,1200,57145.0,0.0212,5.63,17.77,0.47,0.5425,82400.0,50000,691900.0,2152000.0,22213.0,-17451.0,-209408.0,-0.3027,0.21,2.3033,714308.0,-73.45,116957.0,73641.0,58.82,3228000.0,2582400.0,430400.0,261500.0,-21893.0,-1.2,3203833.0,3599827.0,4817380.0,729835.0,1954316.0,1645511.0,1107511.0,-1018432.0,-288596.0,-0.4171,-0.1023,0.0826,2,14,0.21,0.22,0.2863,0.0,50.0,50.0,35.0,30,14.2,0.0,0.0,0.0,73.1,62.2,80,31.0,389
sale,2 Bedroom House,1250000,2,1,340.5 m²,Tulbagh,Tulbagh,Tulbagh,https://www.property24.com/for-sale/tulbagh/tulbagh/western-cape/7608/116919001,,,"This charming thatch-roof home is the epitome of lock-up-and-go living — perfect for busy professionals, retirees, or weekend escape ...",,https://images.prop24.com/242461081/Ensure264x153,6000,72000,5.76,False,,6000.0,72000.0,csv_estimate,300,781.0,1562.0,0.0,1200,20115.0,0.0161,5.76,17.36,0.48,0.6406,1200.0,50000,322700.0,1000000.0,10322.0,-8646.0,-103748.0,-0.3215,0.16,2.3609,182864.0,-85.37,3671.0,4597.0,-20.15,1500000.0,1200000.0,200000.0,122700.0,-10710.0,-1.32,1488770.0,1672782.0,2238560.0,339143.0,908139.0,764643.0,514643.0,-509632.0,-170490.0,-0.5283,-0.1395,0.0623,0,16,0.0,,0.6239,0.0,50.0,50.0,35.0,0,10.7,0.0,0.0,0.0,87.5,62.0,100,31.0,390
sale,3 Bedroom House,850000,3,1,319 m²,116 Roos Street,Gouda,Tulbagh,https://www.property24.com/for-sale/gouda/tulbagh/western-cape/7609/115720235,,,"Family home in Gouda
In the rural town of Gouda there awaits a nice 3 bedroom home for a ...",,https://images.prop24.com/242461081/Ensure264x153,6000,72000,8.47,True,,6000.0,72000.0,csv_estimate,300,531.0,1062.0,0.0,1200,29115.0,0.0343,8.47,11.81,0.71,0.5156,0.0,100000,291500.0,680000.0,7019.0,-4593.0,-55112.0,-0.1891,0.35,1.6854,264682.0,-68.86,2665.0,2665.0,0.0,1020000.0,816000.0,136000.0,155500.0,-5996.0,-0.68,1012364.0,1137492.0,1522221.0,230617.0,617535.0,519957.0,349957.0,-260718.0,-30101.0,-0.1033,-0.0216,0.0999,0,3,0.0,,0.9537,0.0,50.0,50.0,35.0,0,22.8,0.0,0.0,0.0,91.5,46.7,100,31.0,391
sale,1 Bedroom House,500000,1,1,615 m²,5 Pauling Street,Wolseley,Wolseley,https://www.property24.com/for-sale/wolseley/wolseley/western-cape/7610/116444645,,,"Ideal for first-time buyers or those seeking a great investment opportunity, this cozy ...",,https://images.prop24.com/242461081/Ensure264x153,4000,48000,9.6,True,,4000.0,48000.0,csv_estimate,250,312.0,625.0,0.0,1200,15510.0,0.031,9.6,10.42,0.8,0.5969,0.0,60000,181500.0,400000.0,4129.0,-2836.0,-34035.0,-0.1875,0.31,1.6291,141000.0,-71.8,813.0,1405.0,-42.15,600000.0,480000.0,80000.0,101500.0,-3662.0,-0.69,595508.0,669113.0,895424.0,135657.0,363256.0,305857.0,205857.0,-162767.0,-27110.0,-0.1494,-0.0318,0.0855,0,5,0.0,,0.4819,0.0,50.0,50.0,35.0,0,20.7,0.0,0.0,0.0,95.0,44.1,100,31.0,392
sale,3 Bedroom House,3100000,3,3,933 m²,75 Sutherland Street,Paglande,Worcester,https://www.property24.com/for-sale/paglande/worcester/western-cape/8852/116849663,,,"EXCLUSIVE SOLE MANDATE 

This welcoming double-storey home in the heart of Paglande is a ...",,https://images.prop24.com/103291119/Ensure264x153,7000,84000,2.71,False,mandate,8300.0,99600.0,rental_area_q1,400,1938.0,3875.0,0.0,1200,2682.0,0.0009,3.21,31.12,0.27,0.8931,118356.0,50000,809856.0,2480000.0,25598.0,-25375.0,-304497.0,-0.376,0.01,3.9772,26820.0,-99.13,3323.0,3661.0,-9.25,3720000.0,2976000.0,496000.0,313856.0,-30494.0,-1.64,3692150.0,4148499.0,5551628.0,841074.0,2252186.0,1896314.0,1276314.0,-1525909.0,-684835.0,-0.8456,-0.3118,0.0033,0,4,0.75,,0.2522,0.0,50.0,50.0,35.0,30,0.6,0.0,0.0,0.0,69.0,61.2,100,31.0,393
sale,Farm,5995000,1,0,25.64 ha,2762 N7 Freeway,Malmesbury Rural,Malmesbury,https://www.property24.com/for-sale/malmesbury-rural/malmesbury/western-cape/16580/116584698,,,"SOLE MANDATE

Once the proud host of local and national skiing competitions as well as ...",,https://images.prop24.com/373255215/Ensure264x153,5500,66000,1.1,False,mandate,6500.0,78000.0,rental_suburb,400,3747.0,7494.0,0.0,1200,-82328.0,-0.0137,1.3,76.86,0.11,1.9755,436806.0,50000,1707306.0,4796000.0,49504.0,-56364.0,-676373.0,-0.3962,-0.14,9.5914,-784071.0,-113.08,,9845.0,,7194000.0,5755200.0,959200.0,748106.0,-66265.0,-1.81,7140141.0,8022662.0,10736132.0,1626529.0,4355436.0,3667226.0,2468226.0,-3438332.0,-1811803.0,-1.0612,0.0,-0.0482,1,8,0.38,0.0,0.4913,0.0,50.0,73.0,39.6,30,-9.2,0.0,0.0,0.0,40.0,56.2,90,30.9,394
sale,3 Bedroom Apartment,5010000,3,2,108 m²,Stellenbosch Central,Stellenbosch Central,Stellenbosch,https://www.property24.com/for-sale/stellenbosch-central/stellenbosch/western-cape/8566/116333274,,,"This charming 3-bedroom apartment is perfectly positioned just off historic Dorp Street, in the sought-after Molenzicht complex. ...",,https://images.prop24.com/362732644/Ensure264x153,12000,144000,2.87,False,,10000.0,120000.0,rental_suburb,600,3131.0,6262.0,0.0,1200,-23925.0,-0.0048,2.4,41.75,0.2,1.1194,328456.0,50000,1401956.0,4008000.0,41370.0,-43364.0,-520366.0,-0.3712,-0.05,5.2564,-299062.0,-105.97,46389.0,55882.0,-16.99,6012000.0,4809600.0,801600.0,600356.0,-51638.0,-1.65,5966990.0,6704510.0,8972147.0,1359285.0,3639822.0,3064688.0,2062688.0,-2623257.0,-1263972.0,-0.9016,-0.371,-0.0171,3,87,0.54,0.4,0.4083,16.1,50.0,50.0,39.8,0,-3.2,0.0,0.0,0.0,49.9,57.2,70,30.9,395
sale,1 Bedroom Apartment,2585000,1,1,47 m²,La Colline,La Colline,Stellenbosch,https://www.property24.com/for-sale/la-colline/stellenbosch/western-cape/8537/116516996,,,"This 47m² one-bedroom, one-bathroom apartment is designed with comfort and convenience in mind — a calm and stylish place to call ...",,https://images.prop24.com/186075711/Ensure264x153,8500,102000,3.95,False,,8000.0,96000.0,rental_suburb,600,1616.0,3231.0,0.0,1200,8558.0,0.0033,3.71,26.93,0.31,0.8309,74000.0,50000,662500.0,2068000.0,21346.0,-20633.0,-247590.0,-0.3737,0.03,3.4991,106969.0,-95.86,55000.0,51124.0,7.58,3102000.0,2481600.0,413600.0,248900.0,-24902.0,-1.62,3078776.0,3459313.0,4629341.0,701347.0,1878032.0,1581281.0,1064281.0,-1237446.0,-536099.0,-0.8092,-0.282,0.0129,3,56,0.14,0.39,0.3779,9.5,50.0,50.0,37.9,0,2.2,0.0,0.0,0.0,74.2,62.4,70,30.9,396
sale,1 Bedroom Apartment,2750000,1,1,47 m²,Dennesig,Dennesig,Stellenbosch,https://www.property24.com/for-sale/dennesig/stellenbosch/western-cape/8529/116399553,,,"Exclusive Sole Mandate.

Modern, north facing and spacious one-bedroom apartment available in popular student complex The Acorns. ...",,https://images.prop24.com/353086398/Ensure264x153,8500,102000,3.71,False,mandate,12615.0,151380.0,rental_suburb,600,1719.0,3438.0,0.0,1200,55795.0,0.0203,5.5,18.17,0.46,0.5514,87200.0,50000,708700.0,2200000.0,22708.0,-18059.0,-216703.0,-0.3058,0.2,2.3515,697433.0,-74.64,58511.0,73641.0,-20.55,3300000.0,2640000.0,440000.0,268700.0,-22600.0,-1.22,3275294.0,3680120.0,4924831.0,746114.0,1997907.0,1682214.0,1132214.0,-1055769.0,-309654.0,-0.4369,-0.1085,0.0787,2,14,0.21,0.22,0.2863,0.0,50.0,50.0,35.0,30,13.5,0.0,0.0,0.0,72.5,62.1,80,30.9,397
sale,1 Bedroom Apartment,3350000,1,1,51 m²,Devonbosch Precinct,Devonbosch Precinct,Stellenbosch,https://www.property24.com/for-sale/devonbosch-precinct/stellenbosch/western-cape/33562/115692757,,,SOLE MANDATE | Introducing Klei at Devonbosch. The Cape Winelands’ first ever purpose-built Aparthotel. Managed by TotalstayTM. Klei ...,,https://images.prop24.com/190960046/Ensure264x153,8500,102000,3.04,False,mandate,9100.0,109200.0,rental_area_q1,600,2094.0,4188.0,0.0,1200,3489.0,0.001,3.26,30.68,0.27,0.888,145856.0,50000,887356.0,2680000.0,27663.0,-27372.0,-328463.0,-0.3702,0.01,3.9279,43612.0,-98.7,65686.0,56375.0,16.52,4020000.0,3216000.0,536000.0,351356.0,-32904.0,-1.62,3989904.0,4483056.0,5999340.0,908903.0,2433813.0,2049242.0,1379242.0,-1645717.0,-736814.0,-0.8303,-0.2987,0.0039,0,9,0.0,,0.2264,0.0,50.0,50.0,35.0,30,0.7,0.0,0.0,0.0,66.5,60.4,100,30.9,398
sale,3 Bedroom House,950000,3,2,1 930 m²,Saron,Saron,Tulbagh,https://www.property24.com/for-sale/saron/tulbagh/western-cape/7607/116500619,,,Discover this versatile family home set on a generous 1900 Sqm erf in the peaceful rural town of Saron. Offering plenty of space and ...,,https://images.prop24.com/242461081/Ensure264x153,6000,72000,7.58,False,,6000.0,72000.0,csv_estimate,300,594.0,1188.0,0.0,1200,26865.0,0.0283,7.58,13.19,0.63,0.5469,0.0,100000,311500.0,760000.0,7845.0,-5606.0,-67271.0,-0.216,0.29,1.8543,244227.0,-74.29,,598.0,,1140000.0,912000.0,152000.0,159500.0,-7175.0,-0.82,1131465.0,1271314.0,1701305.0,257749.0,690186.0,581128.0,391128.0,-322947.0,-65198.0,-0.2093,-0.0459,0.0862,0,5,0.0,,0.6863,0.0,50.0,50.0,35.0,0,18.9,0.0,0.0,0.0,90.5,48.8,100,30.9,399
sale,3 Bedroom House,1800000,3,2,322 m²,3 Virgo Street,Paglande,Worcester,https://www.property24.com/for-sale/paglande/worcester/western-cape/8852/117058629,,,"Tucked away in the peaceful and well-established suburb of Roostuin Paglande, this ...",,https://images.prop24.com/103291119/Ensure264x153,7000,84000,4.67,False,,8300.0,99600.0,rental_area_q1,400,1125.0,2250.0,0.0,1200,31932.0,0.0177,5.53,18.07,0.46,0.5994,21786.0,50000,453286.0,1440000.0,14864.0,-12203.0,-146430.0,-0.323,0.18,2.3902,319320.0,-82.26,5590.0,3661.0,52.68,2160000.0,1728000.0,288000.0,165286.0,-15175.0,-1.31,2143829.0,2408806.0,3223526.0,488366.0,1307721.0,1101085.0,741085.0,-716939.0,-228573.0,-0.5043,-0.1309,0.0704,0,4,0.75,,0.2522,0.0,50.0,50.0,35.0,0,11.8,0.0,0.0,0.0,82.0,63.5,100,30.9,400
sale,3 Bedroom House,1790000,3,2,360 m²,Fairy Glen,Fairy Glen,Worcester,https://www.property24.com/for-sale/fairy-glen/worcester/western-cape/8841/116881890,,,"This three bedroom jewel with open plan kitchen is situated in the much sought after Fairy Glenn Villas.
Built in wardrobes in all ...",,https://images.prop24.com/317418390/Ensure264x153,7000,84000,4.69,False,,8300.0,99600.0,rental_area_q1,400,1119.0,2238.0,0.0,1200,32157.0,0.018,5.56,17.97,0.46,0.5971,21186.0,50000,450686.0,1432000.0,14781.0,-12101.0,-145214.0,-0.3222,0.18,2.378,321570.0,-82.04,4972.0,4972.0,0.0,2148000.0,1718400.0,286400.0,164286.0,-15057.0,-1.31,2131919.0,2395424.0,3205617.0,485653.0,1300456.0,1094968.0,736968.0,-710716.0,-225063.0,-0.4994,-0.1292,0.0714,0,1,0.0,,,0.0,50.0,50.0,35.0,0,12.0,0.0,0.0,0.0,82.1,63.5,100,30.9,401
sale,3 Bedroom House,3350000,3,2,510 m²,3 Silver Tree Street,Altona,Worcester,https://www.property24.com/for-sale/altona/worcester/western-cape/33413/114679503,,,"DUAL MANDATE 

Situated in the sought-after Altona neighborhood, this family home ...",,https://images.prop24.com/355950282/Crop600x400,7000,84000,2.51,False,mandate,17750.0,213000.0,rental_suburb,400,2094.0,4188.0,0.0,1200,101385.0,0.0303,6.36,15.73,0.53,0.444,145856.0,50000,887356.0,2680000.0,27663.0,-19214.0,-230567.0,-0.2598,0.31,2.0025,1013850.0,-69.74,6569.0,9086.0,-27.7,4020000.0,3216000.0,536000.0,351356.0,-24746.0,-0.97,3989904.0,4483056.0,5999340.0,908903.0,2433813.0,2049242.0,1379242.0,-1099216.0,-190314.0,-0.2145,-0.0471,0.1143,2,16,0.31,0.08,0.4166,0.0,50.0,50.0,35.0,30,20.2,0.0,0.0,0.0,66.5,60.4,80,30.9,402
sale,3 Bedroom House,3350000,3,2,510 m²,3 Silver Tree Street,Altona,Worcester,https://www.property24.com/for-sale/altona/worcester/western-cape/33413/116871776,,,"DUAL MANDATE 

Situated in the sought-after Altona neighborhood, this family home ...",,https://images.prop24.com/355950282/Crop600x400,7000,84000,2.51,False,mandate,17750.0,213000.0,rental_suburb,400,2094.0,4188.0,0.0,1200,101385.0,0.0303,6.36,15.73,0.53,0.444,145856.0,50000,887356.0,2680000.0,27663.0,-19214.0,-230567.0,-0.2598,0.31,2.0025,1013850.0,-69.74,6569.0,9086.0,-27.7,4020000.0,3216000.0,536000.0,351356.0,-24746.0,-0.97,3989904.0,4483056.0,5999340.0,908903.0,2433813.0,2049242.0,1379242.0,-1099216.0,-190314.0,-0.2145,-0.0471,0.1143,2,16,0.31,0.08,0.4166,0.0,50.0,50.0,35.0,30,20.2,0.0,0.0,0.0,66.5,60.4,80,30.9,403
sale,3 Bedroom House,2300000,3,3,714 m²,33 Victoria Street,Robertson,Robertson,https://www.property24.com/for-sale/robertson/robertson/western-cape/16671/116752153,,,Its is my pleasure to offer you this Sole Mandate. Welcome to your new home in the ...,,https://images.prop24.com/242461081/Ensure264x153,6000,72000,3.13,False,mandate,15000.0,180000.0,rental_suburb,300,1438.0,2875.0,0.0,1200,95850.0,0.0417,7.83,12.78,0.65,0.3875,51786.0,50000,583286.0,1840000.0,18992.0,-11005.0,-132057.0,-0.2264,0.42,1.6537,958500.0,-58.33,3221.0,9366.0,-65.6,2760000.0,2208000.0,368000.0,215286.0,-14803.0,-0.75,2739337.0,3077919.0,4118950.0,624023.0,1670976.0,1406942.0,946942.0,-608495.0,15528.0,0.0266,0.0053,0.1643,4,56,0.21,0.36,0.3369,0.0,50.0,50.0,35.0,30,27.8,0.0,0.0,0.0,77.0,63.1,60,30.9,404
sale,3 Bedroom House,2295000,3,2,231 m²,68 Victoria Street,Robertson,Robertson,https://www.property24.com/for-sale/robertson/robertson/western-cape/16671/115198872,,,"SOLE MANDATE

Your Serene Retreat Awaits:
Discover tranquility in this modern ...",,https://images.prop24.com/345736245/Crop600x400,6000,72000,3.14,False,mandate,15000.0,180000.0,rental_suburb,300,1434.0,2869.0,0.0,1200,95962.0,0.0418,7.84,12.75,0.65,0.3869,51486.0,50000,581986.0,1836000.0,18951.0,-10954.0,-131449.0,-0.2259,0.42,1.6503,959625.0,-58.19,9935.0,9366.0,6.08,2754000.0,2203200.0,367200.0,214786.0,-14744.0,-0.74,2733382.0,3071228.0,4109995.0,622666.0,1667344.0,1403884.0,944884.0,-605383.0,17283.0,0.0297,0.0059,0.1649,4,56,0.21,0.36,0.3369,0.0,50.0,50.0,35.0,30,27.9,0.0,0.0,0.0,77.0,63.1,60,30.9,405
sale,3 Bedroom House,1395000,3,1,907 m²,55 Joubert Street,Montagu,Montagu,https://www.property24.com/for-sale/montagu/montagu/western-cape/7595/116974058,,,Exclusive Mandate - Montagu plays a powerful role in property demand. The ongoing ...,,https://images.prop24.com/373497860/Ensure264x153,6000,72000,5.16,False,,6000.0,72000.0,csv_estimate,250,872.0,1744.0,0.0,1200,17452.0,0.0125,5.16,19.38,0.43,0.6776,5550.0,50000,356050.0,1116000.0,11519.0,-10065.0,-120778.0,-0.3392,0.13,2.5975,174525.0,-87.49,1538.0,3921.0,-60.77,1674000.0,1339200.0,223200.0,132850.0,-12369.0,-1.41,1661467.0,1866825.0,2498233.0,378483.0,1013484.0,853341.0,574341.0,-596482.0,-217998.0,-0.6123,-0.1726,0.049,0,21,0.0,,0.529,0.0,50.0,50.0,35.0,0,8.3,0.0,0.0,0.0,86.1,62.7,100,30.9,406
sale,3 Bedroom House,980000,3,2,372 m²,31 Uitvlugt Street,Montagu,Montagu,https://www.property24.com/for-sale/montagu/montagu/western-cape/7595/115614927,,,"Luxury Double-Storey Retreat in Montagu Springs Resort
SOLE AND EXCLUSIVE ...",,https://images.prop24.com/364949640/Ensure264x153,6000,72000,7.35,False,,6000.0,72000.0,csv_estimate,250,612.0,1225.0,0.0,1200,26790.0,0.0273,7.35,13.61,0.61,0.5479,0.0,100000,317500.0,784000.0,8092.0,-5860.0,-70318.0,-0.2215,0.28,1.8966,267900.0,-72.66,2634.0,3921.0,-32.81,1176000.0,940800.0,156800.0,160700.0,-7478.0,-0.84,1167196.0,1311461.0,1755031.0,265888.0,711981.0,599480.0,403480.0,-338233.0,-72345.0,-0.2279,-0.0504,0.0844,0,21,0.0,,0.529,0.0,50.0,50.0,35.0,0,18.2,0.0,0.0,0.0,90.2,49.4,100,30.9,407
sale,3 Bedroom House,5400000,3,2,850 m²,Mount Royal Golf Estate,Mount Royal Golf Estate,Malmesbury,https://www.property24.com/for-sale/mount-royal-golf-estate/malmesbury/western-cape/12932/116989669?plId=2355299&plt=4,,,"Exclusive Mandate

This beautifully maintained home in the sought-after Mount Royal Golf Estate offers a blend of modern convenience, serene surroundings, and secure estate living. Thoughtfully designed for comfort and ...",,https://images.prop24.com/218124098/Ensure528x153,7500,90000,1.67,False,,15000.0,180000.0,rental_area_q1,400,3375.0,6750.0,0.0,1200,24900.0,0.0046,3.33,30.0,0.28,0.7817,371356.0,50000,1522856.0,4320000.0,44591.0,-42516.0,-510186.0,-0.335,0.05,3.7544,237143.0,-95.61,6353.0,9082.0,-30.05,6480000.0,5184000.0,864000.0,658856.0,-51434.0,-1.44,6431486.0,7226418.0,9670578.0,1465097.0,3923162.0,3303256.0,2223256.0,-2544343.0,-1079245.0,-0.7087,-0.2186,0.0164,0,14,0.0,,0.4082,0.0,50.0,73.0,39.6,0,3.1,0.0,0.0,0.0,46.0,56.7,100,30.8,408
sale,2 Bedroom Apartment,2350000,2,1,88 m²,"25 Amatoni I, 21 Herold Street",Stellenbosch Central,Stellenbosch,https://www.property24.com/for-sale/stellenbosch-central/stellenbosch/western-cape/8566/117064957,,,"Amatoni 1 is situated in leafy Herold Street Stellenbosch, close to Stellenbosch ...",,https://images.prop24.com/362901358/Ensure264x153,12000,144000,6.13,False,,17000.0,204000.0,rental_suburb,600,1469.0,2938.0,0.0,1200,113205.0,0.0482,8.68,11.52,0.72,0.3651,55200.0,50000,596700.0,1880000.0,19405.0,-9971.0,-119657.0,-0.2005,0.49,1.5066,1415062.0,-39.78,26705.0,55882.0,-52.21,2820000.0,2256000.0,376000.0,220700.0,-13852.0,-0.59,2798888.0,3144830.0,4208492.0,637589.0,1707302.0,1437528.0,967528.0,-536672.0,100917.0,0.1691,0.0317,0.1897,16,87,0.54,0.99,0.4083,16.1,50.0,50.0,39.8,0,32.1,0.0,0.0,0.0,76.5,63.0,0,30.8,409
sale,2 Bedroom Apartment,2595000,2,2,63 m²,1 Voliere Estate,Voliere Estate,Stellenbosch,https://www.property24.com/for-sale/voliere-estate/stellenbosch/western-cape/33652/116977030,,,"Located on the second floor of the secure and sought-after Voliere Estate, this stylish ...",,https://images.prop24.com/233852929/Ensure264x153,12000,144000,5.55,False,,14000.0,168000.0,rental_area_q1,600,1622.0,3244.0,0.0,1200,74572.0,0.0287,6.47,15.45,0.54,0.4761,74800.0,50000,665300.0,2076000.0,21428.0,-15214.0,-182566.0,-0.2744,0.29,2.0067,932156.0,-64.08,41190.0,27602.0,49.23,3114000.0,2491200.0,415200.0,250100.0,-19500.0,-1.03,3090687.0,3472695.0,4647250.0,704061.0,1885297.0,1587398.0,1068398.0,-873977.0,-169917.0,-0.2554,-0.0573,0.1121,0,21,0.0,,0.2742,0.0,50.0,50.0,35.0,0,19.2,0.0,0.0,0.0,74.0,62.4,100,30.8,410
sale,3 Bedroom House,4450000,3,2,300 m²,15 Brabant Close,Aan de Wijnlanden,Stellenbosch,https://www.property24.com/for-sale/aan-de-wijnlanden/stellenbosch/western-cape/17617/116890180,,,Waterfront living with mountain views nestled in a secure estate known for its low ...,,,12000,144000,3.24,False,,6500.0,78000.0,rental_area_q1,600,2781.0,5562.0,0.0,1200,-49965.0,-0.0112,1.75,57.05,0.15,1.5606,266856.0,50000,1228356.0,3560000.0,36746.0,-40910.0,-490916.0,-0.3997,-0.11,7.2138,-624562.0,-114.04,14833.0,14384.0,3.12,5340000.0,4272000.0,712000.0,516356.0,-48259.0,-1.81,5300021.0,5955104.0,7969272.0,1207349.0,3232976.0,2722128.0,1832128.0,-2490430.0,-1283082.0,-1.0446,0.0,-0.0407,0,32,0.16,,0.5383,9.6,50.0,50.0,37.9,0,-7.5,0.0,0.0,0.0,55.5,58.0,100,30.8,411
sale,2 Bedroom Apartment,2595000,2,2,71 m²,201 Voliere Estate,Voliere Estate,Stellenbosch,https://www.property24.com/for-sale/voliere-estate/stellenbosch/western-cape/33652/116730519,,,"Discover a prime opportunity with this brand-new, second-floor two-bedroom, two-bathroom ...",,https://images.prop24.com/233852929/Ensure264x153,12000,144000,5.55,False,,14000.0,168000.0,rental_area_q1,600,1622.0,3244.0,0.0,1200,74572.0,0.0287,6.47,15.45,0.54,0.4761,74800.0,50000,665300.0,2076000.0,21428.0,-15214.0,-182566.0,-0.2744,0.29,2.0067,932156.0,-64.08,36549.0,27602.0,32.42,3114000.0,2491200.0,415200.0,250100.0,-19500.0,-1.03,3090687.0,3472695.0,4647250.0,704061.0,1885297.0,1587398.0,1068398.0,-873977.0,-169917.0,-0.2554,-0.0573,0.1121,0,21,0.0,,0.2742,0.0,50.0,50.0,35.0,0,19.2,0.0,0.0,0.0,74.0,62.4,100,30.8,412
sale,2 Bedroom House,3500000,2,2,170 m²,Welgevonden Estate,Welgevonden Estate,Stellenbosch,https://www.property24.com/for-sale/welgevonden-estate/stellenbosch/western-cape/12655/116901540,,,"Exclusive sole mandate 
Set within the secure and highly sought-after Welgevonden Estate just outside Stellenbosch, this unique home ...",,https://images.prop24.com/373520168/Crop600x400,12000,144000,4.11,False,mandate,18750.0,225000.0,rental_suburb,600,2188.0,4375.0,0.0,1200,106650.0,0.0305,6.43,15.56,0.54,0.446,162356.0,50000,933856.0,2800000.0,28901.0,-20014.0,-240165.0,-0.2572,0.31,1.9874,1333125.0,-61.91,20588.0,20000.0,2.94,4200000.0,3360000.0,560000.0,373856.0,-25794.0,-0.96,4168556.0,4683790.0,6267967.0,949600.0,2542790.0,2140999.0,1440999.0,-1144473.0,-194873.0,-0.2087,-0.0457,0.1142,2,6,0.5,0.13,0.1302,0.0,50.0,50.0,35.0,30,20.3,0.0,0.0,0.0,65.0,60.0,80,30.8,413
sale,2 Bedroom Apartment,2595000,2,2,64 m²,Nooitgedacht Village,Nooitgedacht Village,Stellenbosch,https://www.property24.com/for-sale/nooitgedacht-village/stellenbosch/western-cape/14758/116828534,,,"This well-positioned two-bedroom apartment presents an excellent investment opportunity, with a lease agreement secured until November ...",,https://images.prop24.com/316493296/Ensure264x153,12000,144000,5.55,False,,17600.0,211200.0,rental_suburb,600,1622.0,3244.0,0.0,1200,114316.0,0.0441,8.14,12.29,0.68,0.3787,74800.0,50000,665300.0,2076000.0,21428.0,-11902.0,-142822.0,-0.2147,0.44,1.5962,1428956.0,-44.93,40547.0,21825.0,85.78,3114000.0,2491200.0,415200.0,250100.0,-16188.0,-0.68,3090687.0,3472695.0,4647250.0,704061.0,1885297.0,1587398.0,1068398.0,-652163.0,51898.0,0.078,0.0151,0.1718,1,14,0.07,0.0,0.2841,0.0,50.0,50.0,35.0,0,29.4,0.0,0.0,0.0,74.0,62.4,90,30.8,414
sale,3 Bedroom House,1290000,3,1,1 230 m²,Wolseley,Wolseley,Wolseley,https://www.property24.com/for-sale/wolseley/wolseley/western-cape/7610/116887012,,,"EXCLUSIVE MANDATE

This property offers:

Three spacious bedrooms with built in wardrobes;
Spacious lounge;
Kitchen;
Bathroom ...",,https://images.prop24.com/317418390/Ensure264x153,5500,66000,5.12,False,,5500.0,66000.0,csv_estimate,250,806.0,1612.0,0.0,1200,14295.0,0.0111,5.12,19.55,0.43,0.7034,2400.0,50000,331900.0,1032000.0,10652.0,-9461.0,-113531.0,-0.3421,0.11,2.6402,129955.0,-89.93,,1405.0,,1548000.0,1238400.0,206400.0,125500.0,-11591.0,-1.44,1536411.0,1726311.0,2310194.0,349995.0,937200.0,789111.0,531111.0,-561949.0,-211954.0,-0.6386,-0.1842,0.0431,0,5,0.0,,0.4819,0.0,50.0,50.0,35.0,0,7.4,0.0,0.0,0.0,87.1,62.2,100,30.8,415
sale,3 Bedroom House,3400000,3,2,960 m²,Riebeek West,Riebeek West,Riebeek Valley,https://www.property24.com/for-sale/riebeek-west/riebeek-valley/western-cape/7910/116962318,,,"Distinctive Barn-Style Home - 3 Bedroom, 2 Bathroom for sale in Riebeek West 

EXP Exclusive Sole mandate 
A Barn-Style Home with ...",,https://images.prop24.com/341773167/Ensure264x153,7000,84000,2.47,False,mandate,13500.0,162000.0,rental_suburb,350,2125.0,4250.0,0.0,1200,53940.0,0.0159,4.76,20.99,0.4,0.587,151356.0,50000,902856.0,2720000.0,28076.0,-23581.0,-282966.0,-0.3134,0.16,2.6667,599333.0,-82.37,3542.0,5483.0,-35.41,4080000.0,3264000.0,544000.0,358856.0,-29196.0,-1.28,4049454.0,4549967.0,6088882.0,922469.0,2470139.0,2079828.0,1399828.0,-1388813.0,-466345.0,-0.5165,-0.1353,0.0597,1,15,0.2,0.0,0.5219,0.0,50.0,50.0,35.0,30,10.6,0.0,0.0,0.0,66.0,60.3,90,30.8,416
sale,3 Bedroom House,3295000,3,3,786 m²,De Zoete Inval,De Zoete Inval,Paarl,https://www.property24.com/for-sale/de-zoete-inval/paarl/western-cape/8596/116897871,,,"Exclusive Sole Mandate

For the first time in over 50 years, this much-loved family home is on the market! Situated on a spacious ...",,https://images.prop24.com/275940058/Ensure264x153,9500,114000,3.46,False,mandate,7000.0,84000.0,rental_area_q1,1474.0,2059.0,4119.0,0.0,1200,-28944.0,-0.0088,2.55,39.23,0.21,1.2646,139806.0,50000,870306.0,2636000.0,27208.0,-29620.0,-355446.0,-0.4084,-0.09,5.1515,-321597.0,-109.76,4192.0,15625.0,-73.17,3954000.0,3163200.0,527200.0,343106.0,-35062.0,-1.84,3924398.0,4409453.0,5900843.0,893981.0,2393855.0,2015598.0,1356598.0,-1799995.0,-906015.0,-1.041,0.0,-0.0333,0,11,0.27,,0.2194,0.0,50.0,51.0,35.2,30,-5.9,0.0,0.0,0.0,67.0,60.6,100,30.7,417
sale,2 Bedroom Apartment,1950000,2,1,,Lane,Lane,Paarl,https://www.property24.com/for-sale/lane/paarl/western-cape/33256/115871937,,,"Located in the heart of Paarl’s bustling town centre, this stylish apartment is perfect for young professionals or savvy investors ...",,https://images.prop24.com/355517907/Crop600x400,9500,114000,5.85,False,,8500.0,102000.0,rental_area_q1,801.0,1219.0,2438.0,0.0,1200,25956.0,0.0133,5.23,19.12,0.44,0.6655,30786.0,50000,492286.0,1560000.0,16102.0,-13939.0,-167269.0,-0.3398,0.13,2.5599,288402.0,-85.21,,39058.0,,2340000.0,1872000.0,312000.0,180286.0,-17160.0,-1.41,2322481.0,2609540.0,3492153.0,529063.0,1416697.0,1192843.0,802843.0,-825066.0,-296003.0,-0.6013,-0.168,0.0527,0,2,0.0,,0.2268,0.0,50.0,51.0,35.2,0,8.9,0.0,0.0,0.0,80.5,63.4,100,30.7,418
sale,3 Bedroom House,4800000,3,2,295 m²,13 B Paradyskloof Road,Paradyskloof,Stellenbosch,https://www.property24.com/for-sale/paradyskloof/stellenbosch/western-cape/8540/116676962,,,"Exclusive Mandate.
This beautifull 3-bedroom, 2-bathroom home offers stylish open-plan ...",,https://images.prop24.com/255290839/Ensure264x153,12000,144000,3.0,False,,6500.0,78000.0,rental_area_q1,600,3000.0,6000.0,0.0,1200,-57840.0,-0.012,1.62,61.54,0.14,1.6615,305356.0,50000,1336856.0,3840000.0,39636.0,-44456.0,-533472.0,-0.3991,-0.12,7.7594,-723000.0,-115.06,16271.0,16271.0,0.0,5760000.0,4608000.0,768000.0,568856.0,-52383.0,-1.81,5716877.0,6423483.0,8596069.0,1302309.0,3487255.0,2936228.0,1976228.0,-2708230.0,-1405922.0,-1.0517,0.0,-0.0433,0,3,0.33,,0.2601,10.2,50.0,50.0,38.1,0,-8.0,0.0,0.0,0.0,52.0,57.4,100,30.7,419
sale,1 Bedroom Apartment,1725000,1,1,50 m²,Stellenbosch Central,Stellenbosch Central,Stellenbosch,https://www.property24.com/for-sale/stellenbosch-central/stellenbosch/western-cape/8566/116408420,,,"Located on the second floor of a secure, well-managed complex, this bright and spacious one-bedroom apartment offers an excellent ...",,https://images.prop24.com/225270000/Ensure264x153,8500,102000,5.91,False,,11250.0,135000.0,rental_suburb,600,1078.0,2156.0,0.0,1200,63788.0,0.037,7.83,12.78,0.65,0.4475,17286.0,50000,433786.0,1380000.0,14244.0,-8929.0,-107143.0,-0.247,0.37,1.7137,797344.0,-53.78,34500.0,55882.0,-38.26,2070000.0,1656000.0,276000.0,157786.0,-11777.0,-0.86,2054503.0,2308439.0,3089212.0,468017.0,1253232.0,1055207.0,710207.0,-502031.0,-34014.0,-0.0784,-0.0162,0.147,28,87,0.54,1.2,0.4083,16.1,50.0,50.0,39.8,0,24.7,0.0,0.0,0.0,82.8,63.6,0,30.7,420
sale,3 Bedroom House,1500000,3,2,1 038 m²,8 Piet Retief Street,Tulbagh,Tulbagh,https://www.property24.com/for-sale/tulbagh/tulbagh/western-cape/7608/116440910,,,"Live, Earn & Grow in Tulbagh!

Escape the city and step into a lifestyle where ...",,https://images.prop24.com/241272188/Ensure264x153,6000,72000,4.8,False,,6000.0,72000.0,csv_estimate,300,938.0,1875.0,0.0,1200,14490.0,0.0097,4.8,20.83,0.4,0.7188,8700.0,50000,380200.0,1200000.0,12386.0,-11179.0,-134145.0,-0.3528,0.1,2.7831,131727.0,-91.22,,4597.0,,1800000.0,1440000.0,240000.0,140200.0,-13656.0,-1.49,1786524.0,2007338.0,2686272.0,406971.0,1089767.0,917571.0,617571.0,-665204.0,-258232.0,-0.6792,-0.2034,0.0381,0,16,0.0,,0.6239,0.0,50.0,50.0,35.0,0,6.4,0.0,0.0,0.0,85.0,63.1,100,30.7,421
sale,3 Bedroom House,1900000,3,1,644 m²,Rawsonville,Rawsonville,Worcester,https://www.property24.com/for-sale/rawsonville/worcester/western-cape/7616/116856346,,,"Set at the foot of the Breedekloof Mountains, this welcoming home reflects what Rawsonville has always been known for - space ...",,https://images.prop24.com/340428568/Ensure264x153,7000,84000,4.42,False,,8300.0,99600.0,rental_area_q1,400,1188.0,2375.0,0.0,1200,29682.0,0.0156,5.24,19.08,0.44,0.622,27786.0,50000,479286.0,1520000.0,15689.0,-13216.0,-158589.0,-0.3309,0.16,2.5123,296820.0,-84.38,2950.0,7365.0,-59.94,2280000.0,1824000.0,304000.0,175286.0,-16354.0,-1.36,2262930.0,2542629.0,3402611.0,515497.0,1380372.0,1162257.0,782257.0,-779167.0,-263670.0,-0.5501,-0.1477,0.0619,0,13,0.08,,0.6076,0.0,50.0,50.0,35.0,0,10.4,0.0,0.0,0.0,81.0,63.4,100,30.7,422
sale,3 Bedroom House,1900000,3,2,,8 & 9 Genoa Street,Worcester Rural,Worcester,https://www.property24.com/for-sale/worcester-rural/worcester/western-cape/16610/116590166,,,Welcome to your dream escape in Worcester Yacht Club — a beautifully appointed ...,,https://images.prop24.com/103291119/Ensure264x153,7000,84000,4.42,False,,8300.0,99600.0,rental_area_q1,400,1188.0,2375.0,0.0,1200,29682.0,0.0156,5.24,19.08,0.44,0.622,27786.0,50000,479286.0,1520000.0,15689.0,-13216.0,-158589.0,-0.3309,0.16,2.5123,296820.0,-84.38,,8018.0,,2280000.0,1824000.0,304000.0,175286.0,-16354.0,-1.36,2262930.0,2542629.0,3402611.0,515497.0,1380372.0,1162257.0,782257.0,-779167.0,-263670.0,-0.5501,-0.1477,0.0619,0,8,0.0,,0.7201,0.0,50.0,50.0,35.0,0,10.4,0.0,0.0,0.0,81.0,63.4,100,30.7,423
sale,3 Bedroom House,1900000,3,2,760 m²,Worcester West,Worcester West,Worcester,https://www.property24.com/for-sale/worcester-west/worcester/western-cape/8875/116529471,,,"It can be possible for you to own a property at this price !!
This property offers 3 bedrooms,  2 bathrooms, kitchen with separate ...",,https://images.prop24.com/156700672/Ensure264x153,7000,84000,4.42,False,,13000.0,156000.0,rental_suburb,400,1188.0,2375.0,0.0,1200,81570.0,0.0429,8.21,12.18,0.68,0.3971,27786.0,50000,479286.0,1520000.0,15689.0,-8892.0,-106701.0,-0.2226,0.43,1.604,815700.0,-57.07,2500.0,2616.0,-4.42,2280000.0,1824000.0,304000.0,175286.0,-12030.0,-0.72,2262930.0,2542629.0,3402611.0,515497.0,1380372.0,1162257.0,782257.0,-489576.0,25922.0,0.0541,0.0106,0.1702,2,4,0.5,0.31,0.2031,0.0,50.0,50.0,35.0,0,28.6,0.0,0.0,0.0,81.0,63.4,80,30.7,424
sale,3 Bedroom House,1600000,3,4,903 m²,59 Van Zyl Street,Robertson,Robertson,https://www.property24.com/for-sale/robertson/robertson/western-cape/16671/105573130,,,Corner property with 3 flatlets and separate office. Large open land in the backyard ...,,https://images.prop24.com/233852929/Ensure264x153,6000,72000,4.5,False,,15000.0,180000.0,rental_suburb,300,1000.0,2000.0,0.0,1200,111600.0,0.0698,11.25,8.89,0.94,0.3,11700.0,50000,403200.0,1280000.0,13212.0,-3912.0,-46944.0,-0.1164,0.7,1.1808,1116000.0,-30.25,1772.0,9366.0,-81.08,1920000.0,1536000.0,256000.0,147200.0,-6554.0,-0.09,1905626.0,2141161.0,2865356.0,434103.0,1162418.0,978743.0,658743.0,-172895.0,261208.0,0.6478,0.1051,0.2768,4,56,0.21,0.36,0.3369,0.0,50.0,50.0,35.0,0,46.5,0.0,0.0,0.0,84.0,63.5,60,30.7,425
sale,2 Bedroom Townhouse,1500000,2,1,91 m²,Montagu,Montagu,Montagu,https://www.property24.com/for-sale/montagu/montagu/western-cape/7595/116975175,,,"SOLE AND EXCLUSIVE MANDATE TO ILSE OLIVIER
Step into a townhouse where comfort meets tranquility. This spacious ground-floor home ...",,https://images.prop24.com/364949640/Ensure264x153,6000,72000,4.8,False,,6000.0,72000.0,csv_estimate,250,938.0,1875.0,0.0,1200,15090.0,0.0101,4.8,20.83,0.4,0.7104,8700.0,50000,380200.0,1200000.0,12386.0,-11129.0,-133545.0,-0.3512,0.1,2.7748,150900.0,-89.94,16484.0,3921.0,320.43,1800000.0,1440000.0,240000.0,140200.0,-13606.0,-1.48,1786524.0,2007338.0,2686272.0,406971.0,1089767.0,917571.0,617571.0,-661821.0,-254850.0,-0.6703,-0.199,0.0397,0,21,0.0,,0.529,0.0,50.0,50.0,35.0,0,6.7,0.0,0.0,0.0,85.0,63.1,100,30.7,426
sale,2 Bedroom Apartment,1200000,2,1,98 m²,5 Rawson Street,Montagu,Montagu,https://www.property24.com/for-sale/montagu/montagu/western-cape/7595/116742754,,,"Nestled in the heart of Montagu and close to various amenities, this ground-floor ...",,https://images.prop24.com/255290839/Ensure264x153,6000,72000,6.0,False,,6000.0,72000.0,csv_estimate,250,750.0,1500.0,0.0,1200,21840.0,0.0182,6.0,16.67,0.5,0.6167,0.0,100000,361500.0,960000.0,9909.0,-8089.0,-97068.0,-0.2685,0.18,2.2682,218400.0,-81.8,12245.0,3921.0,212.32,1440000.0,1152000.0,192000.0,169500.0,-10071.0,-1.09,1429219.0,1605871.0,2149017.0,325577.0,871814.0,734057.0,494057.0,-475136.0,-149559.0,-0.4137,-0.1013,0.0604,0,21,0.0,,0.529,0.0,50.0,50.0,35.0,0,12.1,0.0,0.0,0.0,88.0,53.1,100,30.7,427
sale,3 Bedroom House,1500000,3,2,303 m²,Montagu,Montagu,Montagu,https://www.property24.com/for-sale/montagu/montagu/western-cape/7595/116129216,,,"EXCLUSIVE MANDATE
Dreaming of owning a holiday home in the prestigious Montagu Springs Resort?
 Your opportunity is here!
This upscale ...",,https://images.prop24.com/364949640/Ensure264x153,6000,72000,4.8,False,,6000.0,72000.0,csv_estimate,250,938.0,1875.0,0.0,1200,15090.0,0.0101,4.8,20.83,0.4,0.7104,8700.0,50000,380200.0,1200000.0,12386.0,-11129.0,-133545.0,-0.3512,0.1,2.7748,150900.0,-89.94,4950.0,3921.0,26.27,1800000.0,1440000.0,240000.0,140200.0,-13606.0,-1.48,1786524.0,2007338.0,2686272.0,406971.0,1089767.0,917571.0,617571.0,-661821.0,-254850.0,-0.6703,-0.199,0.0397,0,21,0.0,,0.529,0.0,50.0,50.0,35.0,0,6.7,0.0,0.0,0.0,85.0,63.1,100,30.7,428
sale,2 Bedroom House,1499000,2,2,320 m²,Montagu,Montagu,Montagu,https://www.property24.com/for-sale/montagu/montagu/western-cape/7595/115013586,,,"SOLE AND EXCLUSIVE MANDATE
Discover Montagu Valley Your Perfect Getaway
Nestled in the charming town of Montagu, established over 150 ...",,https://images.prop24.com/364949640/Ensure264x153,6000,72000,4.8,False,,6000.0,72000.0,csv_estimate,250,937.0,1874.0,0.0,1200,15112.0,0.0101,4.8,20.82,0.4,0.7101,8670.0,50000,379970.0,1199200.0,12378.0,-11119.0,-133424.0,-0.3511,0.1,2.7731,151125.0,-89.92,4684.0,3921.0,19.48,1798800.0,1439040.0,239840.0,140130.0,-13594.0,-1.48,1785333.0,2006000.0,2684481.0,406700.0,1089041.0,916959.0,617159.0,-661199.0,-254499.0,-0.6698,-0.1988,0.0398,0,21,0.0,,0.529,0.0,50.0,50.0,35.0,0,6.7,0.0,0.0,0.0,85.0,63.1,100,30.7,429
sale,2 Bedroom Townhouse,2775000,2,1,108 m²,Honeydew Country Estate,Honeydew Country Estate,Paarl,https://www.property24.com/for-sale/honeydew-country-estate/paarl/western-cape/33199/116413605,,,"Step into modern, low-maintenance luxury with this stunning 2-bedroom duplex in the highly sought-after Honeydew Country Estate, Paarl. ...",,https://images.prop24.com/72874115/Ensure264x153,9500,114000,4.11,False,,17950.0,215400.0,rental_suburb,1214.0,1734.0,3469.0,0.0,1200,106767.0,0.0385,7.76,12.88,0.65,0.4243,89200.0,50000,715700.0,2220000.0,22915.0,-14017.0,-168208.0,-0.235,0.39,1.7009,1186302.0,-57.25,25694.0,20732.0,23.94,3330000.0,2664000.0,444000.0,271700.0,-18600.0,-0.81,3305069.0,3713576.0,4969602.0,752897.0,2016069.0,1697507.0,1142507.0,-784116.0,-31219.0,-0.0436,-0.0089,0.1492,1,12,0.08,0.0,0.1833,0.0,50.0,51.0,35.2,0,25.6,0.0,0.0,0.0,72.2,62.0,90,30.6,430
sale,2 Bedroom Townhouse,2775000,2,2,108 m²,Honeydew Country Estate,Honeydew Country Estate,Paarl,https://www.property24.com/for-sale/honeydew-country-estate/paarl/western-cape/33199/116331721,,,"Modern Duplex Apartment for Sale in Honeydew Estate – Paarl 
Discover the perfect blend of comfort, security and convenience in this ...",,https://images.prop24.com/363197959/Crop600x400,9500,114000,4.11,False,,17950.0,215400.0,rental_suburb,1214.0,1734.0,3469.0,0.0,1200,106767.0,0.0385,7.76,12.88,0.65,0.4243,89200.0,50000,715700.0,2220000.0,22915.0,-14017.0,-168208.0,-0.235,0.39,1.7009,1186302.0,-57.25,25694.0,20732.0,23.94,3330000.0,2664000.0,444000.0,271700.0,-18600.0,-0.81,3305069.0,3713576.0,4969602.0,752897.0,2016069.0,1697507.0,1142507.0,-784116.0,-31219.0,-0.0436,-0.0089,0.1492,1,12,0.08,0.0,0.1833,0.0,50.0,51.0,35.2,0,25.6,0.0,0.0,0.0,72.2,62.0,90,30.6,431
sale,2 Bedroom Townhouse,2775000,2,2,108 m²,Honeydew Country Estate,Honeydew Country Estate,Paarl,https://www.property24.com/for-sale/honeydew-country-estate/paarl/western-cape/33199/116977210,,,"Modern Duplex Apartment for Sale in Honeydew Estate – Paarl 
Discover the perfect blend of comfort, security and convenience in this ...",,https://images.prop24.com/363197959/Crop600x400,9500,114000,4.11,False,,17950.0,215400.0,rental_suburb,1214.0,1734.0,3469.0,0.0,1200,106767.0,0.0385,7.76,12.88,0.65,0.4243,89200.0,50000,715700.0,2220000.0,22915.0,-14017.0,-168208.0,-0.235,0.39,1.7009,1186302.0,-57.25,25694.0,20732.0,23.94,3330000.0,2664000.0,444000.0,271700.0,-18600.0,-0.81,3305069.0,3713576.0,4969602.0,752897.0,2016069.0,1697507.0,1142507.0,-784116.0,-31219.0,-0.0436,-0.0089,0.1492,1,12,0.08,0.0,0.1833,0.0,50.0,51.0,35.2,0,25.6,0.0,0.0,0.0,72.2,62.0,90,30.6,432
sale,2 Bedroom Apartment,1950000,2,1,,Chablis,Klein Welgevonden,Stellenbosch,https://www.property24.com/for-sale/klein-welgevonden/stellenbosch/western-cape/11685/116979245,,,Don't miss this fantastic opportunity to own a beautifully positioned first-floor ...,,,12000,144000,7.38,False,,13175.0,158100.0,rental_suburb,600,1219.0,2438.0,0.0,1200,79977.0,0.041,8.11,12.33,0.68,0.4141,30786.0,50000,492286.0,1560000.0,16102.0,-9437.0,-113249.0,-0.23,0.41,1.6363,999712.0,-48.73,,,,2340000.0,1872000.0,312000.0,180286.0,-12658.0,-0.76,2322481.0,2609540.0,3492153.0,529063.0,1416697.0,1192843.0,802843.0,-523436.0,5627.0,0.0114,0.0023,0.1625,2,1,2.0,0.13,,0.0,50.0,50.0,35.0,0,27.3,0.0,0.0,0.0,80.5,63.4,80,30.6,433
sale,1 Bedroom Apartment,2075000,1,1,43 m²,10 Grappa Street,Newinbosch,Stellenbosch,https://www.property24.com/for-sale/newinbosch/stellenbosch/western-cape/33422/117023339,,,"Located in the Ilex apartment building within the Newinbosch Estate, this modern ...",,https://images.prop24.com/206466645/Ensure264x153,8500,102000,4.92,False,,9100.0,109200.0,rental_area_q1,600,1297.0,2594.0,0.0,1200,32176.0,0.0155,5.26,19.0,0.44,0.6253,38286.0,50000,524786.0,1660000.0,17134.0,-14453.0,-173435.0,-0.3305,0.16,2.5082,402206.0,-80.62,48256.0,21226.0,127.34,2490000.0,1992000.0,332000.0,192786.0,-17880.0,-1.36,2471358.0,2776818.0,3716009.0,562977.0,1507511.0,1269307.0,854307.0,-852304.0,-289327.0,-0.5513,-0.1481,0.0613,0,49,0.57,,0.3095,0.0,50.0,50.0,35.0,0,10.3,0.0,0.0,0.0,79.2,63.3,100,30.6,434
sale,1 Bedroom Apartment,3000000,1,1,,Stellenbosch Central,Stellenbosch Central,Stellenbosch,https://www.property24.com/for-sale/stellenbosch-central/stellenbosch/western-cape/8566/116998798,,,"Exclusive Sole Mandate
Amazing location opposite Huis Lydia Ladies Residence on the Green Route of the Stellenbosch University and ...",,https://images.prop24.com/186075711/Ensure264x153,8500,102000,3.4,False,mandate,11250.0,135000.0,rental_suburb,600,1875.0,3750.0,0.0,1200,35100.0,0.0117,4.5,22.22,0.38,0.66,107356.0,50000,778856.0,2400000.0,24773.0,-21848.0,-262170.0,-0.3366,0.12,2.862,438750.0,-85.38,,55882.0,,3600000.0,2880000.0,480000.0,298856.0,-26802.0,-1.41,3573048.0,4014677.0,5372543.0,813943.0,2179534.0,1835142.0,1235142.0,-1295445.0,-481502.0,-0.6182,-0.1752,0.0451,28,87,0.54,1.2,0.4083,16.1,50.0,50.0,39.8,30,7.8,0.0,0.0,0.0,70.0,61.6,0,30.6,435
sale,2 Bedroom Apartment,2750000,2,2,71 m²,105 Voliere Estate,Voliere Estate,Stellenbosch,https://www.property24.com/for-sale/voliere-estate/stellenbosch/western-cape/33652/116730510,,,Discover the perfect fusion of contemporary design and unparalleled security in the ...,,https://images.prop24.com/233852929/Ensure264x153,12000,144000,5.24,False,,14000.0,168000.0,rental_area_q1,600,1719.0,3438.0,0.0,1200,71085.0,0.0258,6.11,16.37,0.51,0.4969,87200.0,50000,708700.0,2200000.0,22708.0,-16784.0,-201413.0,-0.2842,0.26,2.1189,888562.0,-67.69,38732.0,27602.0,40.33,3300000.0,2640000.0,440000.0,268700.0,-21326.0,-1.1,3275294.0,3680120.0,4924831.0,746114.0,1997907.0,1682214.0,1132214.0,-970432.0,-224317.0,-0.3165,-0.0733,0.1003,0,21,0.0,,0.2742,0.0,50.0,50.0,35.0,0,17.2,0.0,0.0,0.0,72.5,62.1,100,30.6,436
sale,3 Bedroom House,4750000,3,2,300 m²,156 Rijks Drive,Aan de Wijnlanden,Stellenbosch,https://www.property24.com/for-sale/aan-de-wijnlanden/stellenbosch/western-cape/17617/116553152,,,"Marketed by Team Ramos
This contemporary, one-of-a-kind home is perfectly positioned in ...",,https://images.prop24.com/362732644/Ensure264x153,12000,144000,3.03,False,,6500.0,78000.0,rental_area_q1,600,2969.0,5938.0,0.0,1200,-56715.0,-0.0119,1.64,60.9,0.14,1.6471,299856.0,50000,1321356.0,3800000.0,39223.0,-43949.0,-527393.0,-0.3991,-0.12,7.6814,-708938.0,-114.93,15833.0,14384.0,10.07,5700000.0,4560000.0,760000.0,561356.0,-51794.0,-1.81,5657326.0,6356571.0,8506527.0,1288743.0,3450929.0,2905642.0,1955642.0,-2677116.0,-1388373.0,-1.0507,0.0,-0.0429,0,32,0.16,,0.5383,9.6,50.0,50.0,37.9,0,-8.0,0.0,0.0,0.0,52.5,57.5,100,30.6,437
sale,1 Bedroom Apartment,2150000,1,1,40 m²,Newinbosch,Newinbosch,Stellenbosch,https://www.property24.com/for-sale/newinbosch/stellenbosch/western-cape/33422/116920699,,,"Set within The Ilex at the sought-after Newinbosch Neighbourhood Estate, this north-facing one-bedroom ground-floor apartment offers ...",,https://images.prop24.com/206466645/Ensure264x153,8500,102000,4.74,False,,9100.0,109200.0,rental_area_q1,600,1344.0,2688.0,0.0,1200,30489.0,0.0142,5.08,19.69,0.42,0.6408,42786.0,50000,544286.0,1720000.0,17754.0,-15213.0,-182555.0,-0.3354,0.14,2.5917,381112.0,-82.27,53750.0,21226.0,153.23,2580000.0,2064000.0,344000.0,200286.0,-18764.0,-1.39,2560684.0,2877185.0,3850323.0,583326.0,1562000.0,1315185.0,885185.0,-898975.0,-315650.0,-0.5799,-0.1593,0.056,0,49,0.57,,0.3095,0.0,50.0,50.0,35.0,0,9.5,0.0,0.0,0.0,78.5,63.2,100,30.6,438
sale,3 Bedroom House,1500000,3,2,,45 Eeufees Street,Wolseley,Wolseley,https://www.property24.com/for-sale/wolseley/wolseley/western-cape/7610/115039103,,,"This cozy family home exudes warmth and charm, offering three well-sized bedrooms, each ...",,https://images.prop24.com/242461081/Ensure264x153,5500,66000,4.4,False,,5500.0,66000.0,csv_estimate,250,938.0,1875.0,0.0,1200,9570.0,0.0064,4.4,22.73,0.37,0.775,8700.0,50000,380200.0,1200000.0,12386.0,-11589.0,-139065.0,-0.3658,0.06,3.027,87000.0,-94.2,,1405.0,,1800000.0,1440000.0,240000.0,140200.0,-14066.0,-1.57,1786524.0,2007338.0,2686272.0,406971.0,1089767.0,917571.0,617571.0,-692629.0,-285658.0,-0.7513,-0.243,0.0252,0,5,0.0,,0.4819,0.0,50.0,50.0,35.0,0,4.3,0.0,0.0,0.0,85.0,63.1,100,30.6,439
sale,3 Bedroom House,3300000,3,2,996 m²,Ceres,Ceres,Ceres,https://www.property24.com/for-sale/ceres/ceres/western-cape/7612/117040011,,,"Spacious 3 bedroom family home for sale in Ceres.

New release: Sole Mandate:

Beautifully maintained and perfectly positioned on a ...",,https://images.prop24.com/376064755/Crop600x400,6000,72000,2.18,False,mandate,6000.0,72000.0,csv_estimate,300,2062.0,4125.0,0.0,1200,-26010.0,-0.0079,2.18,45.83,0.18,1.2812,140356.0,50000,871856.0,2640000.0,27250.0,-29417.0,-353007.0,-0.4049,-0.08,5.8229,-236455.0,-107.17,3313.0,8288.0,-60.02,3960000.0,3168000.0,528000.0,343856.0,-34867.0,-1.82,3930353.0,4416144.0,5909797.0,895337.0,2397488.0,2018657.0,1358657.0,-1785317.0,-889980.0,-1.0208,0.0,-0.0298,0,16,0.0,,0.2232,0.0,50.0,50.0,35.0,30,-5.3,0.0,0.0,0.0,67.0,60.6,100,30.6,440
sale,3 Bedroom House,3290000,3,1,744 m²,Ceres,Ceres,Ceres,https://www.property24.com/for-sale/ceres/ceres/western-cape/7612/116910808,,,"Exclusive sole mandate!

This immaculately maintained three-bedroom home perfectly combines classic charm with modern convenience ...",,https://images.prop24.com/284368778/Ensure264x153,6000,72000,2.19,False,mandate,6000.0,72000.0,csv_estimate,300,2056.0,4112.0,0.0,1200,-25785.0,-0.0078,2.19,45.69,0.18,1.2781,139256.0,50000,868756.0,2632000.0,27167.0,-29316.0,-351791.0,-0.4049,-0.08,5.806,-234409.0,-107.12,4422.0,8288.0,-46.65,3948000.0,3158400.0,526400.0,342356.0,-34749.0,-1.82,3918443.0,4402762.0,5891889.0,892624.0,2390223.0,2012539.0,1354539.0,-1779094.0,-886470.0,-1.0204,0.0,-0.0297,0,16,0.0,,0.2232,0.0,50.0,50.0,35.0,30,-5.2,0.0,0.0,0.0,67.1,60.6,100,30.6,441
sale,2 Bedroom House,1830000,2,2,369 m²,9 La Vigne,Rawsonville,Worcester,https://www.property24.com/for-sale/rawsonville/worcester/western-cape/7616/116941700,,,"Exclusive Mandate 

Practical, Secure Estate in Rawsonville

This quaint yet ...",,https://images.prop24.com/156700672/Ensure264x153,7000,84000,4.59,False,,7100.0,85200.0,rental_area_q1,400,1144.0,2288.0,0.0,1200,18009.0,0.0098,4.66,21.48,0.39,0.7086,23586.0,50000,461086.0,1464000.0,15111.0,-13610.0,-163326.0,-0.3542,0.1,2.837,180090.0,-90.16,4959.0,7365.0,-32.66,2196000.0,1756800.0,292800.0,168286.0,-16633.0,-1.49,2179559.0,2448953.0,3277251.0,496505.0,1329516.0,1119437.0,753437.0,-809546.0,-313040.0,-0.6789,-0.2032,0.0391,0,13,0.08,,0.6076,0.0,50.0,50.0,35.0,0,6.6,0.0,0.0,0.0,81.7,63.5,100,30.6,442
sale,3 Bedroom House,2000000,3,2,500 m²,18 Durban Street,Paglande,Worcester,https://www.property24.com/for-sale/paglande/worcester/western-cape/8852/116784002,,,"SOLE & EXCLUSIVE
Situated in Paglande, this well-located and character-filled ...",,https://images.prop24.com/371460167/Crop600x400,7000,84000,4.2,False,,8300.0,99600.0,rental_area_q1,400,1250.0,2500.0,0.0,1200,27432.0,0.0137,4.98,20.08,0.41,0.6446,33786.0,50000,505286.0,1600000.0,16515.0,-14229.0,-170748.0,-0.3379,0.14,2.6343,274320.0,-86.28,4000.0,3661.0,9.25,2400000.0,1920000.0,320000.0,185286.0,-17532.0,-1.4,2382032.0,2676451.0,3581695.0,542629.0,1453023.0,1223428.0,823428.0,-841396.0,-298767.0,-0.5913,-0.1638,0.0543,0,4,0.75,,0.2522,0.0,50.0,50.0,35.0,0,9.1,0.0,0.0,0.0,80.0,63.3,100,30.6,443
sale,3 Bedroom House,3600000,3,2,431 m²,9 Rockwood Street,Altona,Worcester,https://www.property24.com/for-sale/altona/worcester/western-cape/33413/112780479,,,"DUAL MANDATE 

Looking for the perfect place to call home? Look no further than Altona ...",,https://images.prop24.com/319767968/Ensure264x153,7000,84000,2.33,False,mandate,17750.0,213000.0,rental_suburb,400,2250.0,4500.0,0.0,1200,95760.0,0.0266,5.92,16.9,0.49,0.4704,173356.0,50000,964856.0,2880000.0,29727.0,-21747.0,-260964.0,-0.2705,0.27,2.1452,957600.0,-73.4,8353.0,9086.0,-8.07,4320000.0,3456000.0,576000.0,388856.0,-27692.0,-1.04,4287658.0,4817612.0,6447052.0,976731.0,2615441.0,2202171.0,1482171.0,-1254788.0,-278056.0,-0.2882,-0.0657,0.0992,2,16,0.31,0.08,0.4166,0.0,50.0,50.0,35.0,30,17.7,0.0,0.0,0.0,64.0,59.7,80,30.6,444
sale,3 Bedroom House,2495000,3,1,496 m²,27 Leeuwin Avenue,Robertson,Robertson,https://www.property24.com/for-sale/robertson/robertson/western-cape/16671/116927387,,,"SOLE MANDATE

Step into this beautifully maintained three-bedroom, one-bathroom home ...",,https://images.prop24.com/373497860/Ensure264x153,6000,72000,2.89,False,mandate,15000.0,180000.0,rental_suburb,300,1559.0,3119.0,0.0,1200,91462.0,0.0367,7.21,13.86,0.6,0.4119,66800.0,50000,637300.0,1996000.0,20602.0,-12981.0,-155767.0,-0.2444,0.37,1.7854,914625.0,-63.34,5030.0,9366.0,-46.29,2994000.0,2395200.0,399200.0,238100.0,-17101.0,-0.86,2971585.0,3338873.0,4468165.0,676929.0,1812646.0,1526227.0,1027227.0,-729840.0,-52911.0,-0.083,-0.0172,0.1435,4,56,0.21,0.36,0.3369,0.0,50.0,50.0,35.0,30,24.4,0.0,0.0,0.0,75.0,62.6,60,30.6,445
sale,3 Bedroom House,2495000,3,1,496 m²,27 Leeuwin Avenue,Robertson,Robertson,https://www.property24.com/for-sale/robertson/robertson/western-cape/16671/116812418,,,"SOLE MANDATE

Step into this beautifully maintained three-bedroom, one-bathroom home ...",,https://images.prop24.com/373497860/Ensure264x153,6000,72000,2.89,False,mandate,15000.0,180000.0,rental_suburb,300,1559.0,3119.0,0.0,1200,91462.0,0.0367,7.21,13.86,0.6,0.4119,66800.0,50000,637300.0,1996000.0,20602.0,-12981.0,-155767.0,-0.2444,0.37,1.7854,914625.0,-63.34,5030.0,9366.0,-46.29,2994000.0,2395200.0,399200.0,238100.0,-17101.0,-0.86,2971585.0,3338873.0,4468165.0,676929.0,1812646.0,1526227.0,1027227.0,-729840.0,-52911.0,-0.083,-0.0172,0.1435,4,56,0.21,0.36,0.3369,0.0,50.0,50.0,35.0,30,24.4,0.0,0.0,0.0,75.0,62.6,60,30.6,446
sale,3 Bedroom House,2495000,3,4,1 217 m²,14 Van Reenen,Robertson,Robertson,https://www.property24.com/for-sale/robertson/robertson/western-cape/16671/116693946,,,"Exclusive Sole Mandate
This excellent income-generating property is situated in a quiet ...",,https://images.prop24.com/179603478/Ensure264x153,6000,72000,2.89,False,mandate,15000.0,180000.0,rental_suburb,300,1559.0,3119.0,0.0,1200,91462.0,0.0367,7.21,13.86,0.6,0.4119,66800.0,50000,637300.0,1996000.0,20602.0,-12981.0,-155767.0,-0.2444,0.37,1.7854,914625.0,-63.34,,9366.0,,2994000.0,2395200.0,399200.0,238100.0,-17101.0,-0.86,2971585.0,3338873.0,4468165.0,676929.0,1812646.0,1526227.0,1027227.0,-729840.0,-52911.0,-0.083,-0.0172,0.1435,4,56,0.21,0.36,0.3369,0.0,50.0,50.0,35.0,30,24.4,0.0,0.0,0.0,75.0,62.6,60,30.6,447
sale,2 Bedroom House,1650000,2,2,588 m²,Montagu,Montagu,Montagu,https://www.property24.com/for-sale/montagu/montagu/western-cape/7595/117007565,,,"Situated on the border of the Avalon Springs Resort in the secluded foot hills of Montagu, this property is the ideal place to recharge ...",,https://images.prop24.com/255290839/Ensure264x153,6000,72000,4.36,False,,6000.0,72000.0,csv_estimate,250,1031.0,2062.0,0.0,1200,11715.0,0.0071,4.36,22.92,0.36,0.7573,13200.0,50000,414700.0,1320000.0,13625.0,-12649.0,-151784.0,-0.366,0.07,3.0281,117150.0,-92.9,2806.0,3921.0,-28.43,1980000.0,1584000.0,264000.0,150700.0,-15374.0,-1.56,1965176.0,2208072.0,2954899.0,447669.0,1198744.0,1009328.0,679328.0,-755164.0,-307496.0,-0.7415,-0.2371,0.0282,0,21,0.0,,0.529,0.0,50.0,50.0,35.0,0,4.7,0.0,0.0,0.0,83.5,63.7,100,30.6,448
sale,2 Bedroom House,1600000,2,2,589 m²,Montagu,Montagu,Montagu,https://www.property24.com/for-sale/montagu/montagu/western-cape/7595/116129168,,,"SOLE AND EXCLUSIVE MANDATE
Discover Montagu Valley Your Perfect Getaway
Nestled  in the charming town of Montagu, established over 150 ...",,https://images.prop24.com/364949640/Ensure264x153,6000,72000,4.5,False,,6000.0,72000.0,csv_estimate,250,1000.0,2000.0,0.0,1200,12840.0,0.008,4.5,22.22,0.38,0.7417,11700.0,50000,403200.0,1280000.0,13212.0,-12142.0,-145704.0,-0.3614,0.08,2.9437,128400.0,-91.97,2716.0,3921.0,-30.71,1920000.0,1536000.0,256000.0,147200.0,-14784.0,-1.54,1905626.0,2141161.0,2865356.0,434103.0,1162418.0,978743.0,658743.0,-724050.0,-289947.0,-0.7191,-0.2243,0.0318,0,21,0.0,,0.529,0.0,50.0,50.0,35.0,0,5.3,0.0,0.0,0.0,84.0,63.5,100,30.6,449
sale,2 Bedroom House,1650000,2,2,588 m²,Montagu,Montagu,Montagu,https://www.property24.com/for-sale/montagu/montagu/western-cape/7595/112631410,,,"Situated on the border of the Avalon Springs Resort in the secluded foot hills of Montagu, this property is the ideal place to recharge ...",,https://images.prop24.com/255290839/Ensure264x153,6000,72000,4.36,False,,6000.0,72000.0,csv_estimate,250,1031.0,2062.0,0.0,1200,11715.0,0.0071,4.36,22.92,0.36,0.7573,13200.0,50000,414700.0,1320000.0,13625.0,-12649.0,-151784.0,-0.366,0.07,3.0281,117150.0,-92.9,2806.0,3921.0,-28.43,1980000.0,1584000.0,264000.0,150700.0,-15374.0,-1.56,1965176.0,2208072.0,2954899.0,447669.0,1198744.0,1009328.0,679328.0,-755164.0,-307496.0,-0.7415,-0.2371,0.0282,0,21,0.0,,0.529,0.0,50.0,50.0,35.0,0,4.7,0.0,0.0,0.0,83.5,63.7,100,30.6,450
sale,3 Bedroom Townhouse,1900000,3,2,91 m²,De Zoete Inval,De Zoete Inval,Paarl,https://www.property24.com/for-sale/de-zoete-inval/paarl/western-cape/8596/116715151,,,"SOLE AND EXCLUSIVE MANDATE

This stylish, low-maintenance duplex is located in Oude Chardonnay, a sought-after Paarl estate. It offers ...",,https://images.prop24.com/255290839/Ensure264x153,9500,114000,6.0,False,,7000.0,84000.0,rental_area_q1,776.0,1188.0,2375.0,0.0,1200,10821.0,0.0057,4.42,22.62,0.37,0.7912,27786.0,50000,479286.0,1520000.0,15689.0,-14787.0,-177450.0,-0.3702,0.06,3.0325,120239.0,-93.67,20879.0,15625.0,33.63,2280000.0,1824000.0,304000.0,175286.0,-17925.0,-1.59,2262930.0,2542629.0,3402611.0,515497.0,1380372.0,1162257.0,782257.0,-884682.0,-369185.0,-0.7703,-0.2549,0.0226,0,11,0.27,,0.2194,0.0,50.0,51.0,35.2,0,3.8,0.0,0.0,0.0,81.0,63.4,100,30.5,451
sale,2 Bedroom Apartment,2500000,2,1,53 m²,Stellenbosch Central,Stellenbosch Central,Stellenbosch,https://www.property24.com/for-sale/stellenbosch-central/stellenbosch/western-cape/8566/117027693,,,This well-positioned two-bedroom corner apartment offers the opportunity to own property in one of Stellenbosch’s desirable locations. ...,,https://images.prop24.com/343129358/Ensure264x153,12000,144000,5.76,False,,17000.0,204000.0,rental_suburb,600,1562.0,3125.0,0.0,1200,109830.0,0.0439,8.16,12.25,0.68,0.3816,67200.0,50000,638700.0,2000000.0,20644.0,-11491.0,-137895.0,-0.2159,0.44,1.596,1372875.0,-45.08,47170.0,55882.0,-15.59,3000000.0,2400000.0,400000.0,238700.0,-15620.0,-0.69,2977540.0,3345564.0,4477119.0,678286.0,1816279.0,1529285.0,1029285.0,-630015.0,48271.0,0.0756,0.0147,0.172,16,87,0.54,0.99,0.4083,16.1,50.0,50.0,39.8,0,29.3,0.0,0.0,0.0,75.0,62.6,0,30.5,452
sale,1 Bedroom Apartment,2245000,1,1,54 m²,2 Voliere,Voliere Estate,Stellenbosch,https://www.property24.com/for-sale/voliere-estate/stellenbosch/western-cape/33652/116718885,,,We are delighted to announce the highly anticipated launch of luxurious one-bedroom ...,,https://images.prop24.com/233852929/Ensure264x153,8500,102000,4.54,False,,9100.0,109200.0,rental_area_q1,600,1403.0,2806.0,0.0,1200,28352.0,0.0126,4.86,20.56,0.41,0.6604,48486.0,50000,568986.0,1796000.0,18538.0,-16175.0,-194106.0,-0.3411,0.13,2.6975,354394.0,-84.21,41574.0,27602.0,50.62,2694000.0,2155200.0,359200.0,209786.0,-19883.0,-1.42,2673831.0,3004316.0,4020453.0,609101.0,1631018.0,1373298.0,924298.0,-958092.0,-348992.0,-0.6134,-0.1731,0.0498,0,21,0.0,,0.2742,0.0,50.0,50.0,35.0,0,8.4,0.0,0.0,0.0,77.5,63.1,100,30.5,453
sale,2 Bedroom Apartment,2845000,2,2,67 m²,1 Voliere Estate,Voliere Estate,Stellenbosch,https://www.property24.com/for-sale/voliere-estate/stellenbosch/western-cape/33652/116425365,,,"We’re excited to introduce the launch of Sugarbird Place, a limited collection of modern ...",,https://images.prop24.com/233852929/Ensure264x153,12000,144000,5.06,False,,14000.0,168000.0,rental_area_q1,600,1778.0,3556.0,0.0,1200,68948.0,0.0242,5.91,16.93,0.49,0.5096,94800.0,50000,735300.0,2276000.0,23493.0,-17747.0,-212964.0,-0.2896,0.24,2.1876,861844.0,-69.71,42463.0,27602.0,53.84,3414000.0,2731200.0,455200.0,280100.0,-22446.0,-1.13,3388441.0,3807252.0,5094962.0,771889.0,2066925.0,1740327.0,1171327.0,-1029549.0,-257659.0,-0.3504,-0.0827,0.0938,0,21,0.0,,0.2742,0.0,50.0,50.0,35.0,0,16.2,0.0,0.0,0.0,71.5,61.9,100,30.5,454
sale,1 Bedroom Apartment,2245000,1,1,54 m²,2 Voliere,Voliere Estate,Stellenbosch,https://www.property24.com/for-sale/voliere-estate/stellenbosch/western-cape/33652/116923682,,,We are delighted to announce the highly anticipated launch of luxurious one-bedroom ...,,https://images.prop24.com/233852929/Ensure264x153,8500,102000,4.54,False,,9100.0,109200.0,rental_area_q1,600,1403.0,2806.0,0.0,1200,28352.0,0.0126,4.86,20.56,0.41,0.6604,48486.0,50000,568986.0,1796000.0,18538.0,-16175.0,-194106.0,-0.3411,0.13,2.6975,354394.0,-84.21,41574.0,27602.0,50.62,2694000.0,2155200.0,359200.0,209786.0,-19883.0,-1.42,2673831.0,3004316.0,4020453.0,609101.0,1631018.0,1373298.0,924298.0,-958092.0,-348992.0,-0.6134,-0.1731,0.0498,0,21,0.0,,0.2742,0.0,50.0,50.0,35.0,0,8.4,0.0,0.0,0.0,77.5,63.1,100,30.5,455
sale,3 Bedroom Townhouse,1695000,3,2,120 m²,"6 Oewer Villas, 6 Tarentaal Crescent",Ceres,Ceres,https://www.property24.com/for-sale/ceres/ceres/western-cape/7612/114835604,,,This delightful residence is nestled in the serene and picturesque town of Ceres. This ...,,https://images.prop24.com/367483780/Ensure264x153,6000,72000,4.25,False,,6000.0,72000.0,csv_estimate,300,1059.0,2119.0,0.0,1200,10102.0,0.006,4.25,23.54,0.35,0.7797,15486.0,50000,425986.0,1356000.0,13996.0,-13155.0,-157855.0,-0.3706,0.06,3.1124,91841.0,-94.58,14125.0,8288.0,70.42,2034000.0,1627200.0,271200.0,154786.0,-15954.0,-1.59,2018772.0,2268292.0,3035487.0,459878.0,1231437.0,1036855.0,697855.0,-786549.0,-326672.0,-0.7669,-0.2527,0.0237,0,16,0.0,,0.2232,0.0,50.0,50.0,35.0,0,4.0,0.0,0.0,0.0,83.0,63.7,100,30.5,456
sale,3 Bedroom Townhouse,1695000,3,1,,Ceres,Ceres,Ceres,https://www.property24.com/for-sale/ceres/ceres/western-cape/7612/113966423,,,This beautiful three-bedroom townhouse is situated within a quiet neighborhood. The house has new aluminium windows fitted throughout. ...,,https://images.prop24.com/284368778/Ensure264x153,6000,72000,4.25,False,,6000.0,72000.0,csv_estimate,300,1059.0,2119.0,0.0,1200,10102.0,0.006,4.25,23.54,0.35,0.7797,15486.0,50000,425986.0,1356000.0,13996.0,-13155.0,-157855.0,-0.3706,0.06,3.1124,91841.0,-94.58,,8288.0,,2034000.0,1627200.0,271200.0,154786.0,-15954.0,-1.59,2018772.0,2268292.0,3035487.0,459878.0,1231437.0,1036855.0,697855.0,-786549.0,-326672.0,-0.7669,-0.2527,0.0237,0,16,0.0,,0.2232,0.0,50.0,50.0,35.0,0,4.0,0.0,0.0,0.0,83.0,63.7,100,30.5,457
sale,3 Bedroom House,1695000,3,2,120 m²,Ceres,Ceres,Ceres,https://www.property24.com/for-sale/ceres/ceres/western-cape/7612/114848968,,,"Townhouse for sale in Ceres!

Situated in a popular neighborhood, this three-bedroom townhouse in Ceres offers a spacious open-plan ...",,,6000,72000,4.25,False,,6000.0,72000.0,csv_estimate,300,1059.0,2119.0,0.0,1200,10102.0,0.006,4.25,23.54,0.35,0.7797,15486.0,50000,425986.0,1356000.0,13996.0,-13155.0,-157855.0,-0.3706,0.06,3.1124,91841.0,-94.58,14125.0,8288.0,70.42,2034000.0,1627200.0,271200.0,154786.0,-15954.0,-1.59,2018772.0,2268292.0,3035487.0,459878.0,1231437.0,1036855.0,697855.0,-786549.0,-326672.0,-0.7669,-0.2527,0.0237,0,16,0.0,,0.2232,0.0,50.0,50.0,35.0,0,4.0,0.0,0.0,0.0,83.0,63.7,100,30.5,458
sale,2 Bedroom House,3500000,2,2,716 m²,Montagu,Montagu,Montagu,https://www.property24.com/for-sale/montagu/montagu/western-cape/7595/116985268,,,"- Exclusive Sole Mandate -

Nestled in the heart of Montagu, this charming home offers comfortable living with breathtaking mountain ...",,https://images.prop24.com/375007774/Ensure264x153,6000,72000,2.06,False,mandate,6000.0,72000.0,csv_estimate,250,2188.0,4375.0,0.0,1200,-29910.0,-0.0085,2.06,48.61,0.17,1.3354,162356.0,50000,933856.0,2800000.0,28901.0,-31394.0,-376725.0,-0.4034,-0.09,6.1523,-299100.0,-108.55,4888.0,3921.0,24.68,4200000.0,3360000.0,560000.0,373856.0,-37174.0,-1.82,4168556.0,4683790.0,6267967.0,949600.0,2542790.0,2140999.0,1440999.0,-1906392.0,-956791.0,-1.0246,0.0,-0.032,0,21,0.0,,0.529,0.0,50.0,50.0,35.0,30,-5.7,0.0,0.0,0.0,65.0,60.0,100,30.5,459
sale,3 Bedroom Townhouse,1995000,3,2,117 m²,De Zoete Inval,De Zoete Inval,Paarl,https://www.property24.com/for-sale/de-zoete-inval/paarl/western-cape/8596/116673651,,,"Exclusively Marketed By Fouchee Properties

This 3-bedroom duplex is perfect for young families, couples, or anyone dreaming of a ...",,https://images.prop24.com/275940058/Ensure264x153,9500,114000,5.71,False,,7000.0,84000.0,rental_area_q1,823.0,1247.0,2494.0,0.0,1200,8113.0,0.0041,4.21,23.75,0.35,0.8234,33486.0,50000,503986.0,1596000.0,16474.0,-15798.0,-189571.0,-0.3761,0.04,3.1768,90149.0,-95.48,17051.0,15625.0,9.13,2394000.0,1915200.0,319200.0,184786.0,-19092.0,-1.63,2376077.0,2669760.0,3572741.0,541272.0,1449390.0,1220370.0,821370.0,-947015.0,-405743.0,-0.8051,-0.2789,0.0161,0,11,0.27,,0.2194,0.0,50.0,51.0,35.2,0,2.7,0.0,0.0,0.0,80.0,63.3,100,30.4,460
sale,3 Bedroom Townhouse,1995000,3,2,117 m²,De Zoete Inval,De Zoete Inval,Paarl,https://www.property24.com/for-sale/de-zoete-inval/paarl/western-cape/8596/117008380,,,"Exclusively Marketed By Fouchee Properties

This 3-bedroom duplex is perfect for young families, couples, or anyone dreaming of a ...",,https://images.prop24.com/275940058/Ensure264x153,9500,114000,5.71,False,,7000.0,84000.0,rental_area_q1,823.0,1247.0,2494.0,0.0,1200,8113.0,0.0041,4.21,23.75,0.35,0.8234,33486.0,50000,503986.0,1596000.0,16474.0,-15798.0,-189571.0,-0.3761,0.04,3.1768,90149.0,-95.48,17051.0,15625.0,9.13,2394000.0,1915200.0,319200.0,184786.0,-19092.0,-1.63,2376077.0,2669760.0,3572741.0,541272.0,1449390.0,1220370.0,821370.0,-947015.0,-405743.0,-0.8051,-0.2789,0.0161,0,11,0.27,,0.2194,0.0,50.0,51.0,35.2,0,2.7,0.0,0.0,0.0,80.0,63.3,100,30.4,461
sale,3 Bedroom House,5700000,3,2,474 m²,Stellenbosch Central,Stellenbosch Central,Stellenbosch,https://www.property24.com/for-sale/stellenbosch-central/stellenbosch/western-cape/8566/117015596,,,"Tucked away in the heart of popular Lieberheim, this free-standing single level home offers an inviting blend of comfort, light, and ...",,https://images.prop24.com/375605037/Crop600x400,12000,144000,2.53,False,,10000.0,120000.0,rental_suburb,600,3562.0,7125.0,0.0,1200,-39450.0,-0.0069,2.11,47.5,0.18,1.2488,404356.0,50000,1615856.0,4560000.0,47068.0,-50355.0,-604263.0,-0.374,-0.07,5.9555,-493125.0,-108.65,12025.0,55882.0,-78.48,6840000.0,5472000.0,912000.0,703856.0,-59769.0,-1.68,6788791.0,7627886.0,10207832.0,1546492.0,4141115.0,3486770.0,2346770.0,-3052633.0,-1506142.0,-0.9321,-0.4161,-0.0244,3,87,0.54,0.4,0.4083,16.1,50.0,50.0,39.8,0,-4.6,0.0,0.0,0.0,43.0,56.4,70,30.4,462
sale,2 Bedroom House,2395000,2,1,318 m²,Aan de Wijnlanden,Aan de Wijnlanden,Stellenbosch,https://www.property24.com/for-sale/aan-de-wijnlanden/stellenbosch/western-cape/17617/116911071,,,"Sole and Exclusive Mandate Presented by Nico Swart of Team Juan Combrinck
Situated in the very popular Aan de Wijnlanden Estate, this ...",,https://images.prop24.com/362732644/Ensure264x153,12000,144000,6.01,False,,9500.0,114000.0,rental_suburb,600,1497.0,2994.0,0.0,1200,29392.0,0.0123,4.76,21.01,0.4,0.6622,58800.0,50000,609300.0,1916000.0,19777.0,-17327.0,-207928.0,-0.3413,0.12,2.7439,367406.0,-84.66,7531.0,14384.0,-47.64,2874000.0,2299200.0,383200.0,226100.0,-21283.0,-1.42,2852483.0,3205050.0,4289080.0,649798.0,1739995.0,1465055.0,986055.0,-1026789.0,-376991.0,-0.6187,-0.1754,0.0482,5,32,0.16,1.08,0.5383,9.6,50.0,50.0,37.9,0,8.2,0.0,0.0,0.0,76.0,62.9,50,30.4,463
sale,3 Bedroom House,2750000,3,3,355 m²,9 Simonsberg Road,Stellenbosch Farms,Stellenbosch,https://www.property24.com/for-sale/stellenbosch-farms/stellenbosch/western-cape/8562/116012730,,,"Nestled in a quiet corner of Mount Simon Estate, this north-facing home boasts a ...",,https://images.prop24.com/342430475/Ensure264x153,12000,144000,5.24,False,,19800.0,237600.0,rental_suburb,600,1719.0,3438.0,0.0,1200,135117.0,0.0491,8.64,11.57,0.72,0.3513,87200.0,50000,708700.0,2200000.0,22708.0,-11448.0,-137381.0,-0.1938,0.5,1.4982,1688962.0,-38.58,7746.0,7746.0,0.0,3300000.0,2640000.0,440000.0,268700.0,-15990.0,-0.56,3275294.0,3680120.0,4924831.0,746114.0,1997907.0,1682214.0,1132214.0,-613063.0,133051.0,0.1877,0.035,0.1907,2,4,1.5,0.0,0.7346,0.0,50.0,50.0,35.0,0,32.8,0.0,0.0,0.0,72.5,62.1,80,30.4,464
sale,3 Bedroom House,2750000,3,3,355 m²,9 Simonsberg Road,Stellenbosch Farms,Stellenbosch,https://www.property24.com/for-sale/stellenbosch-farms/stellenbosch/western-cape/8562/116899175,,,"Nestled in a quiet corner of Mount Simon Estate, this north-facing home boasts a ...",,https://images.prop24.com/342430475/Ensure264x153,12000,144000,5.24,False,,19800.0,237600.0,rental_suburb,600,1719.0,3438.0,0.0,1200,135117.0,0.0491,8.64,11.57,0.72,0.3513,87200.0,50000,708700.0,2200000.0,22708.0,-11448.0,-137381.0,-0.1938,0.5,1.4982,1688962.0,-38.58,7746.0,7746.0,0.0,3300000.0,2640000.0,440000.0,268700.0,-15990.0,-0.56,3275294.0,3680120.0,4924831.0,746114.0,1997907.0,1682214.0,1132214.0,-613063.0,133051.0,0.1877,0.035,0.1907,2,4,1.5,0.0,0.7346,0.0,50.0,50.0,35.0,0,32.8,0.0,0.0,0.0,72.5,62.1,80,30.4,465
sale,2 Bedroom House,1850000,2,1,545 m²,Tulbagh,Tulbagh,Tulbagh,https://www.property24.com/for-sale/tulbagh/tulbagh/western-cape/7608/116919229,,,"Enjoy breathtaking views of the Witzenberg Mountain range from this neat and well-maintained property, perfectly positioned in a quiet ...",,https://images.prop24.com/242461081/Ensure264x153,6000,72000,3.89,False,,6000.0,72000.0,csv_estimate,300,1156.0,2312.0,0.0,1200,6615.0,0.0036,3.89,25.69,0.32,0.8281,24786.0,50000,466286.0,1480000.0,15276.0,-14725.0,-176702.0,-0.379,0.04,3.3742,60136.0,-96.75,3394.0,4597.0,-26.16,2220000.0,1776000.0,296000.0,170286.0,-17780.0,-1.64,2203380.0,2475717.0,3313068.0,501931.0,1344046.0,1131671.0,761671.0,-883003.0,-381072.0,-0.8172,-0.2882,0.0142,0,16,0.0,,0.6239,0.0,50.0,50.0,35.0,0,2.4,0.0,0.0,0.0,81.5,63.5,100,30.4,466
sale,1 Bedroom Apartment,1599000,1,1,23 m²,1 Oak Street,Altona,Worcester,https://www.property24.com/for-sale/altona/worcester/western-cape/33413/116727285,,,Joint Mandate: Step into a thoughtfully curated suite within this newly completed ...,,https://images.prop24.com/206466645/Ensure264x153,5000,60000,3.75,False,,4950.0,59400.0,rental_area_q1,400,999.0,1999.0,0.0,1200,-530.0,-0.0003,3.71,26.92,0.31,0.9289,11670.0,50000,402970.0,1279200.0,13204.0,-13248.0,-158975.0,-0.3945,-0.0,3.5963,-5295.0,-100.33,69522.0,9086.0,665.18,1918800.0,1535040.0,255840.0,147130.0,-15889.0,-1.73,1904435.0,2139823.0,2863565.0,433832.0,1161692.0,978131.0,658331.0,-798270.0,-364439.0,-0.9044,-0.3747,-0.0013,0,16,0.31,,0.4166,0.0,50.0,50.0,35.0,0,-0.2,0.0,0.0,0.0,84.0,63.5,100,30.4,467
sale,3 Bedroom House,2200000,3,2,699 m²,58 Meiring Street,Paglande,Worcester,https://www.property24.com/for-sale/paglande/worcester/western-cape/8852/116564054,,,This spacious property offers a practical layout and exciting potential in a ...,,https://images.prop24.com/103291119/Ensure264x153,7000,84000,3.82,False,,8300.0,99600.0,rental_area_q1,400,1375.0,2750.0,0.0,1200,22932.0,0.0104,4.53,22.09,0.38,0.6898,45786.0,50000,557286.0,1760000.0,18167.0,-16256.0,-195066.0,-0.35,0.11,2.8785,229320.0,-89.58,3147.0,3661.0,-14.04,2640000.0,2112000.0,352000.0,205286.0,-19889.0,-1.47,2620235.0,2944096.0,3939865.0,596891.0,1598325.0,1345771.0,905771.0,-965853.0,-368961.0,-0.6621,-0.1951,0.0411,0,4,0.75,,0.2522,0.0,50.0,50.0,35.0,0,6.9,0.0,0.0,0.0,78.0,63.2,100,30.4,468
sale,3 Bedroom House,1749000,3,2,595 m²,10 Roodezandt Street,Robertson,Robertson,https://www.property24.com/for-sale/robertson/robertson/western-cape/16671/115320537,,,"EXCLUSIVE MANDATE: Situated in a peaceful area of Robertson, this appealing family home ...",,https://images.prop24.com/233852929/Ensure264x153,6000,72000,4.12,False,,15000.0,180000.0,rental_suburb,300,1093.0,2186.0,0.0,1200,108248.0,0.0619,10.29,9.72,0.86,0.3186,18726.0,50000,440026.0,1399200.0,14442.0,-5422.0,-65061.0,-0.1479,0.62,1.2815,1082475.0,-38.11,2939.0,9366.0,-68.61,2098800.0,1679040.0,279840.0,160186.0,-8310.0,-0.28,2083087.0,2340557.0,3132193.0,474529.0,1270669.0,1069888.0,720088.0,-265615.0,208913.0,0.4748,0.0808,0.246,4,56,0.21,0.36,0.3369,0.0,50.0,50.0,35.0,0,41.3,0.0,0.0,0.0,82.5,63.6,60,30.4,469
sale,3 Bedroom House,1749000,3,2,628 m²,Robertson,Robertson,Robertson,https://www.property24.com/for-sale/robertson/robertson/western-cape/16671/116542093,,,"This versatile and inviting home is perfectly positioned in a quiet part of Robertson, offering a serene lifestyle just minutes from ...",,https://images.prop24.com/234024645/Ensure264x153,6000,72000,4.12,False,,15000.0,180000.0,rental_suburb,300,1093.0,2186.0,0.0,1200,108248.0,0.0619,10.29,9.72,0.86,0.3186,18726.0,50000,440026.0,1399200.0,14442.0,-5422.0,-65061.0,-0.1479,0.62,1.2815,1082475.0,-38.11,2785.0,9366.0,-70.26,2098800.0,1679040.0,279840.0,160186.0,-8310.0,-0.28,2083087.0,2340557.0,3132193.0,474529.0,1270669.0,1069888.0,720088.0,-265615.0,208913.0,0.4748,0.0808,0.246,4,56,0.21,0.36,0.3369,0.0,50.0,50.0,35.0,0,41.3,0.0,0.0,0.0,82.5,63.6,60,30.4,470
sale,3 Bedroom House,7200000,3,3,1 079 m²,Onder Papegaaiberg,Onder Papegaaiberg,Stellenbosch,https://www.property24.com/for-sale/onder-papegaaiberg/stellenbosch/western-cape/8539/117025699,,,Exclusive sole mandate.  This home has an abundance of light streaming in with an artistic and peaceful ambiance.  Feels like living in ...,,https://images.prop24.com/375802707/Crop600x400,12000,144000,2.0,False,mandate,6500.0,78000.0,rental_suburb,600,4500.0,9000.0,0.0,1200,-111840.0,-0.0155,1.08,92.31,0.09,2.3538,569356.0,50000,2080856.0,5760000.0,59454.0,-68774.0,-825289.0,-0.3966,-0.16,11.5006,-1398000.0,-119.42,,33333.0,,8640000.0,6912000.0,1152000.0,928856.0,-80665.0,-1.82,8575315.0,9635224.0,12894103.0,1953463.0,5230883.0,4404342.0,2964342.0,-4201714.0,-2248251.0,-1.0804,0.0,-0.0537,1,7,0.29,0.0,0.3646,10.3,50.0,50.0,38.1,30,-10.4,0.0,0.0,0.0,28.0,55.4,90,30.3,471
sale,1 Bedroom Apartment,2000000,1,1,60 m²,12 Weidenhof Street,Stellenbosch Central,Stellenbosch,https://www.property24.com/for-sale/stellenbosch-central/stellenbosch/western-cape/8566/116817536,,,"Discover this practical 1-bedroom apartment, offering 60 square metres of comfortable ...",,https://images.prop24.com/362886630/Ensure264x153,8500,102000,5.1,False,,11250.0,135000.0,rental_suburb,600,1250.0,2500.0,0.0,1200,57600.0,0.0288,6.75,14.81,0.56,0.4933,33786.0,50000,505286.0,1600000.0,16515.0,-11715.0,-140580.0,-0.2782,0.29,1.9613,720000.0,-64.0,33333.0,55882.0,-40.35,2400000.0,1920000.0,320000.0,185286.0,-15018.0,-1.05,2382032.0,2676451.0,3581695.0,542629.0,1453023.0,1223428.0,823428.0,-673160.0,-130531.0,-0.2583,-0.058,0.114,28,87,0.54,1.2,0.4083,16.1,50.0,50.0,39.8,0,19.2,0.0,0.0,0.0,80.0,63.3,0,30.3,472
sale,2 Bedroom Apartment,1600000,2,2,,2 Nuutgevonden Road,Nuutgevonden,Stellenbosch,https://www.property24.com/for-sale/nuutgevonden/stellenbosch/western-cape/14263/116750257,,,"This ground-floor 2-bedroom, 2-bathroom unit in Pinot Mews offers simple, practical ...",,https://images.prop24.com/308559161/Ensure264x153,12000,144000,9.0,True,,13750.0,165000.0,rental_suburb,600,1000.0,2000.0,0.0,1200,94200.0,0.0589,10.31,9.7,0.86,0.3491,11700.0,50000,403200.0,1280000.0,13212.0,-5362.0,-64344.0,-0.1596,0.59,1.31,1177500.0,-26.41,,26665.0,,1920000.0,1536000.0,256000.0,147200.0,-8004.0,-0.35,1905626.0,2141161.0,2865356.0,434103.0,1162418.0,978743.0,658743.0,-270208.0,163895.0,0.4065,0.0706,0.2336,4,4,1.5,0.67,0.0255,0.0,50.0,50.0,35.0,0,39.2,0.0,0.0,0.0,84.0,63.5,60,30.3,473
sale,2 Bedroom House,2475000,2,2,207 m²,Aan de Wijnlanden,Aan de Wijnlanden,Stellenbosch,https://www.property24.com/for-sale/aan-de-wijnlanden/stellenbosch/western-cape/17617/116672081,,,"Final Phase Now Selling – Extension 5 at Aan De Wijnlanden

Introducing Plan L on Plot 270 

Part of the final phase at Aan De ...",,https://images.prop24.com/242461081/Ensure264x153,12000,144000,5.82,False,,9500.0,114000.0,rental_suburb,600,1547.0,3094.0,0.0,1200,27592.0,0.0111,4.61,21.71,0.38,0.678,65200.0,50000,631700.0,1980000.0,20437.0,-18138.0,-217655.0,-0.3446,0.11,2.8293,344906.0,-86.06,11957.0,14384.0,-16.88,2970000.0,2376000.0,396000.0,235700.0,-22225.0,-1.45,2947765.0,3312108.0,4432348.0,671503.0,1798116.0,1513992.0,1018992.0,-1076572.0,-405069.0,-0.6412,-0.1854,0.0437,5,32,0.16,1.08,0.5383,9.6,50.0,50.0,37.9,0,7.4,0.0,0.0,0.0,75.2,62.7,50,30.3,474
sale,1 Bedroom Apartment,3250000,1,1,54 m²,La Colline,La Colline,Stellenbosch,https://www.property24.com/for-sale/la-colline/stellenbosch/western-cape/8537/116492798,,,"There are two corner apartments at 95 On Bird that offers a rare blend of style, light and outdoor living in the heart of ...",,https://images.prop24.com/308559161/Ensure264x153,8500,102000,3.14,False,,8000.0,96000.0,rental_suburb,600,2031.0,4062.0,0.0,1200,-6405.0,-0.002,2.95,33.85,0.25,0.9867,134856.0,50000,856356.0,2600000.0,26837.0,-27371.0,-328448.0,-0.3835,-0.02,4.3413,-80062.0,-102.46,60185.0,51124.0,17.73,3900000.0,3120000.0,520000.0,336356.0,-32738.0,-1.69,3870802.0,4349233.0,5820255.0,881771.0,2361162.0,1988071.0,1338071.0,-1651266.0,-769494.0,-0.8986,-0.3672,-0.0075,3,56,0.14,0.39,0.3779,9.5,50.0,50.0,37.9,0,-1.3,0.0,0.0,0.0,67.5,60.7,70,30.3,475
sale,1 Bedroom Apartment,3250000,1,1,50 m²,La Colline,La Colline,Stellenbosch,https://www.property24.com/for-sale/la-colline/stellenbosch/western-cape/8537/116516958,,,"This 54m², one-bedroom, one-bathroom apartment is designed for effortless living — where every corner feels calm, bright, and ...",,https://images.prop24.com/186075711/Ensure264x153,8500,102000,3.14,False,,8000.0,96000.0,rental_suburb,600,2031.0,4062.0,0.0,1200,-6405.0,-0.002,2.95,33.85,0.25,0.9867,134856.0,50000,856356.0,2600000.0,26837.0,-27371.0,-328448.0,-0.3835,-0.02,4.3413,-80062.0,-102.46,65000.0,51124.0,27.14,3900000.0,3120000.0,520000.0,336356.0,-32738.0,-1.69,3870802.0,4349233.0,5820255.0,881771.0,2361162.0,1988071.0,1338071.0,-1651266.0,-769494.0,-0.8986,-0.3672,-0.0075,3,56,0.14,0.39,0.3779,9.5,50.0,50.0,37.9,0,-1.3,0.0,0.0,0.0,67.5,60.7,70,30.3,476
sale,1 Bedroom Apartment,3250000,1,1,54 m²,La Colline,La Colline,Stellenbosch,https://www.property24.com/for-sale/la-colline/stellenbosch/western-cape/8537/116595872,,,"Discover one of only two corner apartments at 95 On Bird, offering a rare blend of natural light, style, and outdoor living in the very ...",,https://images.prop24.com/357965173/Ensure264x153,8500,102000,3.14,False,,8000.0,96000.0,rental_suburb,600,2031.0,4062.0,0.0,1200,-6405.0,-0.002,2.95,33.85,0.25,0.9867,134856.0,50000,856356.0,2600000.0,26837.0,-27371.0,-328448.0,-0.3835,-0.02,4.3413,-80062.0,-102.46,60185.0,51124.0,17.73,3900000.0,3120000.0,520000.0,336356.0,-32738.0,-1.69,3870802.0,4349233.0,5820255.0,881771.0,2361162.0,1988071.0,1338071.0,-1651266.0,-769494.0,-0.8986,-0.3672,-0.0075,3,56,0.14,0.39,0.3779,9.5,50.0,50.0,37.9,0,-1.3,0.0,0.0,0.0,67.5,60.7,70,30.3,477
sale,3 Bedroom House,1960000,3,1,753 m²,9a Waveren Street,Tulbagh,Tulbagh,https://www.property24.com/for-sale/tulbagh/tulbagh/western-cape/7608/116511552,,,This cosy 3-bedroom family home is perfectly positioned on a spacious corner plot and ...,,https://images.prop24.com/242461081/Ensure264x153,6000,72000,3.67,False,,6000.0,72000.0,csv_estimate,300,1225.0,2450.0,0.0,1200,4140.0,0.0021,3.67,27.22,0.31,0.8625,31386.0,50000,494886.0,1568000.0,16185.0,-15840.0,-190077.0,-0.3841,0.02,3.56,37636.0,-98.08,2603.0,4597.0,-43.38,2352000.0,1881600.0,313600.0,181286.0,-19077.0,-1.67,2334391.0,2622922.0,3510061.0,531776.0,1423962.0,1198960.0,806960.0,-951455.0,-419679.0,-0.848,-0.314,0.0084,0,16,0.0,,0.6239,0.0,50.0,50.0,35.0,0,1.4,0.0,0.0,0.0,80.4,63.4,100,30.3,478
sale,3 Bedroom House,3990000,3,2,1 104 m²,22 Le Seur Street,Rawsonville,Worcester,https://www.property24.com/for-sale/rawsonville/worcester/western-cape/7616/117057569,,,"DUAL MANDATE

This distinctive 3 bedroom, 2 bathroom home is full of character and ...",,https://images.prop24.com/156700672/Ensure264x153,7000,84000,2.11,False,mandate,8300.0,99600.0,rental_area_q1,400,2494.0,4988.0,0.0,1200,-17343.0,-0.0043,2.5,40.06,0.21,1.0941,216256.0,50000,1085756.0,3192000.0,32947.0,-34393.0,-412712.0,-0.3801,-0.04,5.0637,-173430.0,-104.35,,7365.0,,4788000.0,3830400.0,638400.0,447356.0,-40982.0,-1.69,4752154.0,5339520.0,7145482.0,1082544.0,2898781.0,2440739.0,1642739.0,-2079743.0,-997199.0,-0.9184,-0.3942,-0.016,0,13,0.08,,0.6076,0.0,50.0,50.0,35.0,30,-2.9,0.0,0.0,0.0,60.1,58.8,100,30.3,479
sale,3 Bedroom House,2350000,3,2,721 m²,16 Grey Street,Rawsonville,Worcester,https://www.property24.com/for-sale/rawsonville/worcester/western-cape/7616/117046022,,,"SOLE AND EXCLUSIVE

This very neat and well-maintained family home offers a ...",,https://images.prop24.com/156700672/Ensure264x153,7000,84000,3.57,False,,8300.0,99600.0,rental_area_q1,400,1469.0,2938.0,0.0,1200,19557.0,0.0083,4.24,23.59,0.35,0.7236,55200.0,50000,596700.0,1880000.0,19405.0,-17775.0,-213305.0,-0.3575,0.08,3.0616,195570.0,-91.68,3259.0,7365.0,-55.74,2820000.0,2256000.0,376000.0,220700.0,-21656.0,-1.52,2798888.0,3144830.0,4208492.0,637589.0,1707302.0,1437528.0,967528.0,-1059195.0,-421607.0,-0.7066,-0.2175,0.0328,0,13,0.08,,0.6076,0.0,50.0,50.0,35.0,0,5.5,0.0,0.0,0.0,76.5,63.0,100,30.3,480
sale,1 Bedroom House,1675000,1,1,25 m²,1 Oak Street,Altona,Worcester,https://www.property24.com/for-sale/altona/worcester/western-cape/33413/116726589,,,Joint Mandate: Step into a thoughtfully curated suite within this newly completed ...,,https://images.prop24.com/206466645/Ensure264x153,5000,60000,3.58,False,,4950.0,59400.0,rental_area_q1,400,1047.0,2094.0,0.0,1200,-2240.0,-0.0013,3.55,28.2,0.3,0.9577,14286.0,50000,420786.0,1340000.0,13831.0,-14018.0,-168215.0,-0.3998,-0.01,3.7519,-22395.0,-101.34,67000.0,9086.0,637.43,2010000.0,1608000.0,268000.0,152786.0,-16784.0,-1.76,1994952.0,2241528.0,2999670.0,454451.0,1216907.0,1024621.0,689621.0,-845564.0,-391113.0,-0.9295,-0.4116,-0.0053,0,16,0.31,,0.4166,0.0,50.0,50.0,35.0,0,-0.9,0.0,0.0,0.0,83.2,63.7,100,30.3,481
sale,1 Bedroom Apartment,1170000,1,1,34 m²,Langerug,Langerug,Worcester,https://www.property24.com/for-sale/langerug/worcester/western-cape/8849/116514033,,,"Marketed only by JAWITZ  - Do not miss this opportunity
This ideal, cosy retirement flatlet has everything you need.  Enjoy a friendly ...",,https://images.prop24.com/317418390/Ensure264x153,5000,60000,5.13,False,,4950.0,59400.0,rental_area_q1,400,731.0,1462.0,0.0,1200,9123.0,0.0078,5.08,19.7,0.42,0.7664,0.0,100000,355500.0,936000.0,9661.0,-8901.0,-106812.0,-0.3005,0.08,2.7182,91230.0,-92.2,34412.0,34412.0,0.0,1404000.0,1123200.0,187200.0,168300.0,-10833.0,-1.28,1393489.0,1565724.0,2095292.0,317438.0,850018.0,715706.0,481706.0,-531310.0,-213872.0,-0.6016,-0.1681,0.0257,0,6,0.0,,0.3756,0.0,50.0,50.0,35.0,0,5.2,0.0,0.0,0.0,88.3,52.7,100,30.3,482
sale,2 Bedroom House,2146700,2,1,238 m²,Rawsonville,Rawsonville,Worcester,https://www.property24.com/for-sale/rawsonville/worcester/western-cape/7616/116226575,,,"Escape the city. Embrace tranquillity. Build your dream in the heart of Rawsonville’s wine country.

Introducing Breedezicht Estate — a ...",,https://images.prop24.com/103291119/Ensure264x153,7000,84000,3.91,False,,7100.0,85200.0,rental_area_q1,400,1342.0,2683.0,0.0,1200,10883.0,0.0051,3.97,25.2,0.33,0.7923,42588.0,50000,543428.0,1717360.0,17726.0,-16819.0,-201833.0,-0.3714,0.05,3.2889,108832.0,-94.93,9020.0,7365.0,22.47,2576040.0,2060832.0,343472.0,199956.0,-20365.0,-1.6,2556754.0,2872769.0,3844413.0,582430.0,1559602.0,1313167.0,883827.0,-1006623.0,-424193.0,-0.7806,-0.2617,0.02,0,13,0.08,,0.6076,0.0,50.0,50.0,35.0,0,3.4,0.0,0.0,0.0,78.5,63.2,100,30.3,483
sale,1 Bedroom Apartment,1170000,1,1,34 m²,Langerug,Langerug,Worcester,https://www.property24.com/for-sale/langerug/worcester/western-cape/8849/117041196,,,"Marketed only by JAWITZ  - Do not miss this opportunity
This ideal, cosy retirement flatlet has everything you need.  Enjoy a friendly ...",,https://images.prop24.com/317418390/Ensure264x153,5000,60000,5.13,False,,4950.0,59400.0,rental_area_q1,400,731.0,1462.0,0.0,1200,9123.0,0.0078,5.08,19.7,0.42,0.7664,0.0,100000,355500.0,936000.0,9661.0,-8901.0,-106812.0,-0.3005,0.08,2.7182,91230.0,-92.2,34412.0,34412.0,0.0,1404000.0,1123200.0,187200.0,168300.0,-10833.0,-1.28,1393489.0,1565724.0,2095292.0,317438.0,850018.0,715706.0,481706.0,-531310.0,-213872.0,-0.6016,-0.1681,0.0257,0,6,0.0,,0.3756,0.0,50.0,50.0,35.0,0,5.2,0.0,0.0,0.0,88.3,52.7,100,30.3,484
sale,3 Bedroom House,2995000,3,2,1 842 m²,46 Karee Avenue,Ongegund Village,Riebeek Valley,https://www.property24.com/for-sale/ongegund-village/riebeek-valley/western-cape/12533/116955965,,,This inviting family home offers a comfortable and convenient Riebeek Valley living ...,,https://images.prop24.com/374505921/Crop600x400,7000,84000,2.8,False,,13500.0,162000.0,rental_area_q1,350,1872.0,3744.0,0.0,1200,63052.0,0.0211,5.41,18.49,0.45,0.5308,106806.0,50000,777306.0,2396000.0,24731.0,-19477.0,-233722.0,-0.3007,0.21,2.3627,700583.0,-76.61,,,,3594000.0,2875200.0,479200.0,298106.0,-24423.0,-1.2,3567093.0,4007986.0,5363589.0,812586.0,2175902.0,1832084.0,1233084.0,-1136788.0,-324201.0,-0.4171,-0.1023,0.0811,0,1,0.0,,,0.0,50.0,50.0,35.0,0,14.0,0.0,0.0,0.0,70.0,61.6,100,30.3,485
sale,1 Bedroom Apartment,4450000,1,1,80 m²,Val de Vie Estate,Val de Vie Estate,Paarl,https://www.property24.com/for-sale/val-de-vie-estate/paarl/western-cape/11726/117046107,,,"Exclusive Dual Mandate 

Set within the prestigious Val de Vie Estate, this elegant ground-floor studio apartment in Polo Village ...",,https://images.prop24.com/341773167/Ensure264x153,7000,84000,1.89,False,mandate,18000.0,216000.0,rental_suburb,2052.0,2781.0,5562.0,0.0,1200,59572.0,0.0134,4.85,20.6,0.4,0.6442,266856.0,50000,1228356.0,3560000.0,36746.0,-31782.0,-381378.0,-0.3105,0.14,2.6856,661916.0,-85.13,55625.0,59375.0,-6.32,5340000.0,4272000.0,712000.0,516356.0,-39131.0,-1.29,5300021.0,5955104.0,7969272.0,1207349.0,3232976.0,2722128.0,1832128.0,-1880068.0,-672719.0,-0.5477,-0.1467,0.0485,1,28,0.04,0.0,0.3067,0.0,50.0,51.0,35.2,30,8.9,0.0,0.0,0.0,55.5,58.0,90,30.2,486
sale,3 Bedroom House,3950000,3,1,733 m²,20 Buitekant Street,Vrykyk,Paarl,https://www.property24.com/for-sale/vrykyk/paarl/western-cape/8621/116696901,,,"Exclusive Sole Mandate!

Discover an excellent opportunity to own a well-located ...",,https://images.prop24.com/233852929/Ensure264x153,9500,114000,2.89,False,mandate,7000.0,84000.0,rental_area_q1,1802.0,2469.0,4938.0,0.0,1200,-47615.0,-0.0121,2.13,47.02,0.18,1.4868,211856.0,50000,1073356.0,3160000.0,32617.0,-36585.0,-439021.0,-0.409,-0.12,6.1464,-529053.0,-113.39,5389.0,7661.0,-29.66,4740000.0,3792000.0,632000.0,441356.0,-43108.0,-1.86,4704513.0,5285991.0,7073848.0,1071691.0,2869720.0,2416271.0,1626271.0,-2229766.0,-1158075.0,-1.0789,0.0,-0.0444,0,2,0.5,,0.2857,0.0,50.0,51.0,35.2,30,-8.0,0.0,0.0,0.0,60.5,58.9,100,30.2,487
sale,1 Bedroom Apartment,4450000,1,1,80 m²,Val de Vie Estate,Val de Vie Estate,Paarl,https://www.property24.com/for-sale/val-de-vie-estate/paarl/western-cape/11726/116636767,,,"Sole Mandate. 

Discover the charm of this beautifully designed, bright, and spacious studio apartment in the prestigious Polo Village ...",,https://images.prop24.com/363879363/Ensure264x153,7000,84000,1.89,False,mandate,18000.0,216000.0,rental_suburb,2052.0,2781.0,5562.0,0.0,1200,59572.0,0.0134,4.85,20.6,0.4,0.6442,266856.0,50000,1228356.0,3560000.0,36746.0,-31782.0,-381378.0,-0.3105,0.14,2.6856,661916.0,-85.13,55625.0,59375.0,-6.32,5340000.0,4272000.0,712000.0,516356.0,-39131.0,-1.29,5300021.0,5955104.0,7969272.0,1207349.0,3232976.0,2722128.0,1832128.0,-1880068.0,-672719.0,-0.5477,-0.1467,0.0485,1,28,0.04,0.0,0.3067,0.0,50.0,51.0,35.2,30,8.9,0.0,0.0,0.0,55.5,58.0,90,30.2,488
sale,3 Bedroom House,6350000,3,2,700 m²,Mount Royal Golf Estate,Mount Royal Golf Estate,Malmesbury,https://www.property24.com/for-sale/mount-royal-golf-estate/malmesbury/western-cape/12932/116611975,,,"Experience the perfect blend of sophistication, comfort, and serene estate living in this stunning family home, located in the ...",,https://images.prop24.com/244520442/Ensure264x153,7500,90000,1.42,False,,15000.0,180000.0,rental_area_q1,400,3969.0,7938.0,0.0,1200,3525.0,0.0006,2.83,35.28,0.24,0.9004,475856.0,50000,1817356.0,5080000.0,52435.0,-52141.0,-625697.0,-0.3443,0.01,4.3961,33571.0,-99.47,9071.0,9082.0,-0.11,7620000.0,6096000.0,1016000.0,801356.0,-62628.0,-1.51,7562952.0,8497732.0,11371883.0,1722846.0,4613348.0,3884385.0,2614385.0,-3135513.0,-1412668.0,-0.7773,-0.2595,0.0019,0,14,0.0,,0.4082,0.0,50.0,73.0,39.6,0,0.4,0.0,0.0,0.0,36.5,55.9,100,30.2,489
sale,3 Bedroom House,6350000,3,2,700 m²,Mount Royal Golf Estate,Mount Royal Golf Estate,Malmesbury,https://www.property24.com/for-sale/mount-royal-golf-estate/malmesbury/western-cape/12932/117018992,,,"Experience the perfect blend of sophistication, comfort, and serene estate living in this stunning family home, located in the ...",,https://images.prop24.com/244520442/Ensure264x153,7500,90000,1.42,False,,15000.0,180000.0,rental_area_q1,400,3969.0,7938.0,0.0,1200,3525.0,0.0006,2.83,35.28,0.24,0.9004,475856.0,50000,1817356.0,5080000.0,52435.0,-52141.0,-625697.0,-0.3443,0.01,4.3961,33571.0,-99.47,9071.0,9082.0,-0.11,7620000.0,6096000.0,1016000.0,801356.0,-62628.0,-1.51,7562952.0,8497732.0,11371883.0,1722846.0,4613348.0,3884385.0,2614385.0,-3135513.0,-1412668.0,-0.7773,-0.2595,0.0019,0,14,0.0,,0.4082,0.0,50.0,73.0,39.6,0,0.4,0.0,0.0,0.0,36.5,55.9,100,30.2,490
sale,2 Bedroom Townhouse,2750000,2,1,488 m²,"6 Hadewijch, 6 Crozier",Stellenbosch Central,Stellenbosch,https://www.property24.com/for-sale/stellenbosch-central/stellenbosch/western-cape/8566/116988485,,,This charming 2-bedroom duplex is perfectly positioned in the heart of Stellenbosch ...,,https://images.prop24.com/103291119/Ensure264x153,12000,144000,5.24,False,,17000.0,204000.0,rental_suburb,600,1719.0,3438.0,0.0,1200,104205.0,0.0379,7.42,13.48,0.62,0.4092,87200.0,50000,708700.0,2200000.0,22708.0,-14024.0,-168293.0,-0.2375,0.38,1.745,1302562.0,-52.63,5635.0,55882.0,-89.92,3300000.0,2640000.0,440000.0,268700.0,-18566.0,-0.82,3275294.0,3680120.0,4924831.0,746114.0,1997907.0,1682214.0,1132214.0,-785586.0,-39472.0,-0.0557,-0.0114,0.147,16,87,0.54,0.99,0.4083,16.1,50.0,50.0,39.8,0,25.3,0.0,0.0,0.0,72.5,62.1,0,30.2,491
sale,3 Bedroom Apartment,3850000,3,2,99 m²,"107 Devonbosch, 1 Bottelary Road",Devonbosch Precinct,Stellenbosch,https://www.property24.com/for-sale/devonbosch-precinct/stellenbosch/western-cape/33562/114345593,,,"SOLE MANDATE | Brand new three-bedroom apartment situated in Devonbosch, Stellenbosch - ...",,https://images.prop24.com/356498398/Crop600x400,12000,144000,3.74,False,mandate,6500.0,78000.0,rental_area_q1,600,2406.0,4812.0,0.0,1200,-36465.0,-0.0095,2.03,49.36,0.17,1.3875,200856.0,50000,1042356.0,3080000.0,31791.0,-34830.0,-417962.0,-0.401,-0.1,6.2785,-455812.0,-111.84,38889.0,56375.0,-31.02,4620000.0,3696000.0,616000.0,426356.0,-41188.0,-1.81,4585412.0,5152168.0,6894764.0,1044560.0,2797069.0,2355099.0,1585099.0,-2117059.0,-1072499.0,-1.0289,0.0,-0.035,0,9,0.0,,0.2264,0.0,50.0,50.0,35.0,30,-6.3,0.0,0.0,0.0,61.5,59.1,100,30.2,492
sale,2 Bedroom Townhouse,2750000,2,1,488 m²,"6 Hadewijch, 6 Crozier",Stellenbosch Central,Stellenbosch,https://www.property24.com/for-sale/stellenbosch-central/stellenbosch/western-cape/8566/117053412,,,This charming 2-bedroom duplex is perfectly positioned in the heart of Stellenbosch ...,,https://images.prop24.com/375112423/Crop600x400,12000,144000,5.24,False,,17000.0,204000.0,rental_suburb,600,1719.0,3438.0,0.0,1200,104205.0,0.0379,7.42,13.48,0.62,0.4092,87200.0,50000,708700.0,2200000.0,22708.0,-14024.0,-168293.0,-0.2375,0.38,1.745,1302562.0,-52.63,5635.0,55882.0,-89.92,3300000.0,2640000.0,440000.0,268700.0,-18566.0,-0.82,3275294.0,3680120.0,4924831.0,746114.0,1997907.0,1682214.0,1132214.0,-785586.0,-39472.0,-0.0557,-0.0114,0.147,16,87,0.54,0.99,0.4083,16.1,50.0,50.0,39.8,0,25.3,0.0,0.0,0.0,72.5,62.1,0,30.2,493
sale,Farm,1080000,1,0,4 300 m²,3 Stasie,Gouda,Tulbagh,https://www.property24.com/for-sale/gouda/tulbagh/western-cape/7609/116888475,,,Escape to the peace and quiet of country living with this 4300 sqm smallholding situated ...,,https://images.prop24.com/242461081/Ensure264x153,4500,54000,5.0,False,,4500.0,54000.0,csv_estimate,300,675.0,1350.0,0.0,1200,7380.0,0.0068,5.0,20.0,0.42,0.7833,0.0,100000,337500.0,864000.0,8918.0,-8303.0,-99637.0,-0.2952,0.07,2.7651,67091.0,-93.79,,2665.0,,1296000.0,1036800.0,172800.0,164700.0,-10087.0,-1.26,1286297.0,1445284.0,1934116.0,293019.0,784632.0,660651.0,444651.0,-496267.0,-203247.0,-0.6022,-0.1684,0.0219,0,3,0.0,,0.9537,0.0,50.0,50.0,35.0,0,4.6,0.0,0.0,0.0,89.2,51.2,100,30.2,494
sale,3 Bedroom House,1900000,3,1,951 m²,10 Harmonie Street,Wolseley,Wolseley,https://www.property24.com/for-sale/wolseley/wolseley/western-cape/7610/114277736,,,This lovely family home offers generous space and excellent potential for a variety of ...,,https://images.prop24.com/242461081/Ensure264x153,5500,66000,3.47,False,,5500.0,66000.0,csv_estimate,250,1188.0,2375.0,0.0,1200,570.0,0.0003,3.47,28.79,0.29,0.9114,27786.0,50000,479286.0,1520000.0,15689.0,-15642.0,-187701.0,-0.3916,0.0,3.764,5182.0,-99.73,1998.0,1405.0,42.15,2280000.0,1824000.0,304000.0,175286.0,-18780.0,-1.72,2262930.0,2542629.0,3402611.0,515497.0,1380372.0,1162257.0,782257.0,-941543.0,-426046.0,-0.8889,-0.3556,0.0012,0,5,0.0,,0.4819,0.0,50.0,50.0,35.0,0,0.2,0.0,0.0,0.0,81.0,63.4,100,30.2,495
sale,3 Bedroom House,3925000,3,2,432 m²,11 Rockwood,Altona,Worcester,https://www.property24.com/for-sale/altona/worcester/western-cape/33413/116861479,,,"DUAL MANDATE

Situated in the sought-after Altona Village, this stunning home offers ...",,https://images.prop24.com/372810568/Crop600x400,7000,84000,2.14,False,mandate,17750.0,213000.0,rental_suburb,400,2453.0,4906.0,0.0,1200,88448.0,0.0225,5.43,18.43,0.45,0.5048,209106.0,50000,1065606.0,3140000.0,32411.0,-25040.0,-300481.0,-0.282,0.23,2.3307,884475.0,-77.47,9086.0,9086.0,0.0,4710000.0,3768000.0,628000.0,437606.0,-31522.0,-1.11,4674738.0,5252535.0,7029077.0,1064909.0,2851558.0,2400978.0,1615978.0,-1457030.0,-392122.0,-0.368,-0.0877,0.083,2,16,0.31,0.08,0.4166,0.0,50.0,50.0,35.0,30,15.0,0.0,0.0,0.0,60.7,58.9,80,30.2,496
sale,3 Bedroom House,3985000,3,2,452 m²,5 Ironwood,Altona,Worcester,https://www.property24.com/for-sale/altona/worcester/western-cape/33413/116795189,,,"EXCLUSIVE SOLE MANDATE

Situated in the sought-after Altona Village, this exceptional ...",,https://images.prop24.com/319767968/Ensure264x153,7000,84000,2.11,False,mandate,17750.0,213000.0,rental_suburb,400,2491.0,4981.0,0.0,1200,87098.0,0.0219,5.35,18.71,0.45,0.5111,215706.0,50000,1084206.0,3188000.0,32906.0,-25648.0,-307776.0,-0.2839,0.22,2.365,870975.0,-78.14,8816.0,9086.0,-2.96,4782000.0,3825600.0,637600.0,446606.0,-32229.0,-1.12,4746199.0,5332829.0,7136528.0,1081187.0,2895148.0,2437681.0,1640681.0,-1494367.0,-413180.0,-0.3811,-0.0915,0.0803,2,16,0.31,0.08,0.4166,0.0,50.0,50.0,35.0,30,14.6,0.0,0.0,0.0,60.1,58.8,80,30.2,497
sale,1 Bedroom Apartment,1795000,1,1,27 m²,1 Oak Street,Altona,Worcester,https://www.property24.com/for-sale/altona/worcester/western-cape/33413/116726559,,,Joint Mandate: Step into a thoughtfully curated suite within this newly completed ...,,https://images.prop24.com/370502455/Crop600x400,5000,60000,3.34,False,,4950.0,59400.0,rental_area_q1,400,1122.0,2244.0,0.0,1200,-4940.0,-0.0028,3.31,30.22,0.28,1.0032,21486.0,50000,451986.0,1436000.0,14822.0,-15234.0,-182806.0,-0.4045,-0.03,3.9975,-49395.0,-102.75,66481.0,9086.0,631.72,2154000.0,1723200.0,287200.0,164786.0,-18198.0,-1.79,2137874.0,2402115.0,3214572.0,487009.0,1304088.0,1098027.0,739027.0,-920238.0,-433229.0,-0.9585,-0.4708,-0.0109,0,16,0.31,,0.4166,0.0,50.0,50.0,35.0,0,-1.8,0.0,0.0,0.0,82.0,63.5,100,30.2,498
sale,3 Bedroom House,3925000,3,2,432 m²,11 Rockwood,Altona,Worcester,https://www.property24.com/for-sale/altona/worcester/western-cape/33413/116977542,,,"DUAL MANDATE

Situated in the sought-after Altona Village, this stunning home offers ...",,https://images.prop24.com/319767968/Ensure264x153,7000,84000,2.14,False,mandate,17750.0,213000.0,rental_suburb,400,2453.0,4906.0,0.0,1200,88448.0,0.0225,5.43,18.43,0.45,0.5048,209106.0,50000,1065606.0,3140000.0,32411.0,-25040.0,-300481.0,-0.282,0.23,2.3307,884475.0,-77.47,9086.0,9086.0,0.0,4710000.0,3768000.0,628000.0,437606.0,-31522.0,-1.11,4674738.0,5252535.0,7029077.0,1064909.0,2851558.0,2400978.0,1615978.0,-1457030.0,-392122.0,-0.368,-0.0877,0.083,2,16,0.31,0.08,0.4166,0.0,50.0,50.0,35.0,30,15.0,0.0,0.0,0.0,60.7,58.9,80,30.2,499
sale,3 Bedroom House,2995000,3,2,204 m²,Carolina Road,Bergenzicht Estate,Paarl,https://www.property24.com/for-sale/bergenzicht-estate/paarl/western-cape/17466/117033438,,,"Modern 3-Bedroom Family Home in Secure Estate
Listed by Owner

This well-designed ...",,,9500,114000,3.81,False,,20000.0,240000.0,rental_suburb,1324.0,1872.0,3744.0,0.0,1200,123128.0,0.0411,8.01,12.48,0.67,0.407,106806.0,50000,777306.0,2396000.0,24731.0,-14471.0,-173647.0,-0.2234,0.41,1.6435,1368088.0,-54.32,14681.0,14266.0,2.91,3594000.0,2875200.0,479200.0,298106.0,-19417.0,-0.74,3567093.0,4007986.0,5363589.0,812586.0,2175902.0,1832084.0,1233084.0,-802156.0,10431.0,0.0134,0.0027,0.1584,2,2,1.0,0.0,0.1026,0.0,50.0,51.0,35.2,0,27.4,0.0,0.0,0.0,70.0,61.6,80,30.1,500
sale,1 Bedroom Apartment,4650000,1,1,80 m²,Val de Vie Estate,Val de Vie Estate,Paarl,https://www.property24.com/for-sale/val-de-vie-estate/paarl/western-cape/11726/106283899,,,"Exclusive sole mandate. 

Elegant and Stylish, this fully furnished one bedroom Polo Pad is situated on the first floor of the highly ...",,https://images.prop24.com/233852929/Ensure264x153,7000,84000,1.81,False,mandate,18000.0,216000.0,rental_suburb,2152.0,2906.0,5812.0,0.0,1200,53871.0,0.0116,4.65,21.53,0.39,0.6706,288856.0,50000,1290356.0,3720000.0,38397.0,-33908.0,-406898.0,-0.3153,0.12,2.8038,598571.0,-87.13,58125.0,59375.0,-2.11,5580000.0,4464000.0,744000.0,546356.0,-41588.0,-1.32,5538224.0,6222749.0,8327442.0,1261611.0,3378278.0,2844471.0,1914471.0,-2011295.0,-749684.0,-0.581,-0.1597,0.0417,1,28,0.04,0.0,0.3067,0.0,50.0,51.0,35.2,30,7.7,0.0,0.0,0.0,53.5,57.7,90,30.1,501
sale,2 Bedroom Apartment,2800000,2,1,56 m²,Stellenbosch Central,Stellenbosch Central,Stellenbosch,https://www.property24.com/for-sale/stellenbosch-central/stellenbosch/western-cape/8566/117030336,,,"Renovated 2-Bedroom Furnished Apartment with Balcony & Built-in Braai

An exceptional opportunity awaits in one of Stellenbosch’s ...",,https://images.prop24.com/242461081/Ensure264x153,12000,144000,5.14,False,,17000.0,204000.0,rental_suburb,600,1750.0,3500.0,0.0,1200,103080.0,0.0368,7.29,13.73,0.61,0.4147,91200.0,50000,722700.0,2240000.0,23121.0,-14531.0,-174372.0,-0.2413,0.37,1.7748,1288500.0,-53.98,50000.0,55882.0,-10.53,3360000.0,2688000.0,448000.0,274700.0,-19155.0,-0.84,3334845.0,3747032.0,5014374.0,759680.0,2034232.0,1712799.0,1152799.0,-816700.0,-57020.0,-0.0789,-0.0163,0.1426,16,87,0.54,0.99,0.4083,16.1,50.0,50.0,39.8,0,24.5,0.0,0.0,0.0,72.0,62.0,0,30.1,502
sale,2 Bedroom Townhouse,3150000,2,2,80 m²,"38 Village Square, 1 Kromme Rhee Street",Nooitgedacht Village,Stellenbosch,https://www.property24.com/for-sale/nooitgedacht-village/stellenbosch/western-cape/14758/116917269,,,"2-Bedroom Fully Furnished Unit for Sale – Nooitgedacht Estate, Stellenbosch
This modern ...",,https://images.prop24.com/362886630/Ensure264x153,12000,144000,4.57,False,,17600.0,211200.0,rental_suburb,600,1969.0,3938.0,0.0,1200,101829.0,0.0323,6.7,14.91,0.56,0.4379,123856.0,50000,825356.0,2520000.0,26011.0,-17525.0,-210305.0,-0.2548,0.33,1.9158,1272862.0,-59.59,39375.0,21825.0,80.41,3780000.0,3024000.0,504000.0,321356.0,-22728.0,-0.93,3751700.0,4215411.0,5641170.0,854640.0,2288511.0,1926899.0,1296899.0,-997531.0,-142891.0,-0.1731,-0.0373,0.1234,1,14,0.07,0.0,0.2841,0.0,50.0,50.0,35.0,0,21.6,0.0,0.0,0.0,68.5,61.1,90,30.1,503
sale,2 Bedroom Apartment,3155000,2,2,67 m²,1 Voliere Estate,Voliere Estate,Stellenbosch,https://www.property24.com/for-sale/voliere-estate/stellenbosch/western-cape/33652/116425298,,,"Discover Sugarbird Apartments, a boutique collection of contemporary units set within ...",,https://images.prop24.com/233852929/Ensure264x153,12000,144000,4.56,False,,14000.0,168000.0,rental_area_q1,600,1972.0,3944.0,0.0,1200,61972.0,0.0196,5.32,18.78,0.44,0.5511,124406.0,50000,826906.0,2524000.0,26052.0,-20888.0,-250657.0,-0.3031,0.2,2.412,774656.0,-75.45,47090.0,27602.0,70.6,3786000.0,3028800.0,504800.0,322106.0,-26099.0,-1.22,3757655.0,4222102.0,5650124.0,855997.0,2292144.0,1929958.0,1298958.0,-1222457.0,-366460.0,-0.4432,-0.1105,0.0749,0,21,0.0,,0.2742,0.0,50.0,50.0,35.0,0,13.1,0.0,0.0,0.0,68.5,61.0,100,30.1,504
sale,3 Bedroom House,2500000,3,2,1 004 m²,Taylor Street 11,Hospital Hill,Worcester,https://www.property24.com/for-sale/hospital-hill/worcester/western-cape/10850/116841493,,,"Big 3 bedroom house 
Private sale 
Close to schools, Mountain Mill Mall",,,7000,84000,3.36,False,,8300.0,99600.0,rental_area_q1,400,1562.0,3125.0,0.0,1200,16182.0,0.0065,3.98,25.1,0.33,0.7575,67200.0,50000,638700.0,2000000.0,20644.0,-19295.0,-231543.0,-0.3625,0.07,3.2447,161820.0,-93.53,,2778.0,,3000000.0,2400000.0,400000.0,238700.0,-23424.0,-1.55,2977540.0,3345564.0,4477119.0,678286.0,1816279.0,1529285.0,1029285.0,-1152538.0,-474252.0,-0.7425,-0.2377,0.0253,0,2,0.5,,0.4714,0.0,50.0,50.0,35.0,0,4.3,0.0,0.0,0.0,75.0,62.6,100,30.1,505
sale,2 Bedroom House,2265450,2,1,303 m²,Rawsonville,Rawsonville,Worcester,https://www.property24.com/for-sale/rawsonville/worcester/western-cape/7616/116226567,,,"Your dream two-bedroom home on a 303m2 plot – now available on a Plot & Plan basis at Breedezicht Estate!

Tucked away in the ...",,https://images.prop24.com/103291119/Ensure264x153,7000,84000,3.71,False,,7100.0,85200.0,rental_area_q1,400,1416.0,2832.0,0.0,1200,8211.0,0.0036,3.76,26.59,0.31,0.8236,49713.0,50000,574303.0,1812360.0,18707.0,-18023.0,-216272.0,-0.3766,0.04,3.4584,82114.0,-96.38,7477.0,7365.0,1.52,2718540.0,2174832.0,362472.0,211831.0,-21764.0,-1.63,2698187.0,3031683.0,4057076.0,614649.0,1645875.0,1385808.0,932718.0,-1080520.0,-465871.0,-0.8112,-0.2835,0.0143,0,13,0.08,,0.6076,0.0,50.0,50.0,35.0,0,2.4,0.0,0.0,0.0,77.3,63.1,100,30.1,506
sale,2 Bedroom House,2315566,2,1,239 m²,Rawsonville,Rawsonville,Worcester,https://www.property24.com/for-sale/rawsonville/worcester/western-cape/7616/116140147,,,Lovely two bedroom home for sale on a plot and plan basis in the beautiful Boland town of Rawsonville. The Breedezicht development is ...,,https://images.prop24.com/362891204/Ensure264x153,7000,84000,3.63,False,,7100.0,85200.0,rental_area_q1,400,1447.0,2894.0,0.0,1200,7084.0,0.0031,3.68,27.18,0.31,0.8369,52720.0,50000,587333.0,1852453.0,19121.0,-18530.0,-222366.0,-0.3786,0.03,3.5299,70838.0,-96.94,9689.0,7365.0,31.56,2778679.0,2222943.0,370491.0,216843.0,-22355.0,-1.64,2757876.0,3098750.0,4146826.0,628246.0,1682285.0,1416464.0,953351.0,-1111706.0,-483460.0,-0.8231,-0.2928,0.0121,0,13,0.08,,0.6076,0.0,50.0,50.0,35.0,0,2.0,0.0,0.0,0.0,76.8,63.1,100,30.1,507
sale,3 Bedroom House,1895000,3,2,535 m²,8 Keerom Street,Robertson,Robertson,https://www.property24.com/for-sale/robertson/robertson/western-cape/16671/116950099,,,It is our pleasure to introduce this beautiful and versatile corner stand home to ...,,https://images.prop24.com/255290839/Ensure264x153,6000,72000,3.8,False,,15000.0,180000.0,rental_suburb,300,1184.0,2369.0,0.0,1200,104962.0,0.0554,9.5,10.53,0.79,0.3369,27486.0,50000,477986.0,1516000.0,15648.0,-6901.0,-82813.0,-0.1733,0.56,1.3801,1049625.0,-44.61,3542.0,9366.0,-62.18,2274000.0,1819200.0,303200.0,174786.0,-10031.0,-0.43,2256975.0,2535937.0,3393656.0,514141.0,1376739.0,1159198.0,780198.0,-356469.0,157671.0,0.3299,0.0587,0.2196,4,56,0.21,0.36,0.3369,0.0,50.0,50.0,35.0,0,36.9,0.0,0.0,0.0,81.0,63.4,60,30.1,508
sale,3 Bedroom Townhouse,1895000,3,2,,Robertson,Robertson,Robertson,https://www.property24.com/for-sale/robertson/robertson/western-cape/16671/116792164,,,"Now available for sale, this secure sectional title unit offers comfortable, low-maintenance living with scenic views of the Langeberg ...",,https://images.prop24.com/234024645/Ensure264x153,6000,72000,3.8,False,,15000.0,180000.0,rental_suburb,300,1184.0,2369.0,0.0,1200,104962.0,0.0554,9.5,10.53,0.79,0.3369,27486.0,50000,477986.0,1516000.0,15648.0,-6901.0,-82813.0,-0.1733,0.56,1.3801,1049625.0,-44.61,,9366.0,,2274000.0,1819200.0,303200.0,174786.0,-10031.0,-0.43,2256975.0,2535937.0,3393656.0,514141.0,1376739.0,1159198.0,780198.0,-356469.0,157671.0,0.3299,0.0587,0.2196,4,56,0.21,0.36,0.3369,0.0,50.0,50.0,35.0,0,36.9,0.0,0.0,0.0,81.0,63.4,60,30.1,509
sale,2 Bedroom Apartment,2150000,2,2,104 m²,Montagu,Montagu,Montagu,https://www.property24.com/for-sale/montagu/montagu/western-cape/7595/111533107,,,"Exclusive Mandate  - Tucked away in an intimate and beautifully maintained setting, this stylish upstairs unit offers the perfect blend ...",,https://images.prop24.com/373497860/Ensure264x153,6000,72000,3.35,False,,6000.0,72000.0,csv_estimate,250,1344.0,2688.0,0.0,1200,465.0,0.0002,3.35,29.86,0.28,0.9135,42786.0,50000,544286.0,1720000.0,17754.0,-17715.0,-212579.0,-0.3906,0.0,3.8725,4650.0,-99.78,20673.0,3921.0,427.29,2580000.0,2064000.0,344000.0,200286.0,-21266.0,-1.71,2560684.0,2877185.0,3850323.0,583326.0,1562000.0,1315185.0,885185.0,-1066307.0,-482981.0,-0.8874,-0.3538,0.0009,0,21,0.0,,0.529,0.0,50.0,50.0,35.0,0,0.1,0.0,0.0,0.0,78.5,63.2,100,30.1,510
sale,2 Bedroom House,2850000,2,2,818 m²,30 Bloem Street,Riebeek Kasteel,Riebeek Valley,https://www.property24.com/for-sale/riebeek-kasteel/riebeek-valley/western-cape/7911/116879752,,,"**SOLE & EXCLUSIVE MANDATE** 

Nestled in the heart of Riebeek-Kasteel, this ...",,https://images.prop24.com/345522629/Ensure264x153,7000,84000,2.95,False,,18500.0,222000.0,rental_suburb,350,1781.0,3562.0,0.0,1200,121515.0,0.0426,7.79,12.84,0.65,0.3726,95200.0,50000,736700.0,2280000.0,23534.0,-13408.0,-160892.0,-0.2184,0.43,1.6447,1350167.0,-52.63,3484.0,4781.0,-27.13,3420000.0,2736000.0,456000.0,280700.0,-18114.0,-0.71,3394396.0,3813943.0,5103916.0,773246.0,2070558.0,1743385.0,1173385.0,-738480.0,34766.0,0.0472,0.0093,0.1649,2,27,0.3,0.0,0.3315,0.0,50.0,50.0,35.0,0,28.4,0.0,0.0,0.0,71.5,61.9,80,30.1,511
sale,3 Bedroom House,2450000,3,2,207 m²,De Zoete Inval,De Zoete Inval,Paarl,https://www.property24.com/for-sale/de-zoete-inval/paarl/western-cape/8596/116521846,,,"EXCELLENT INVESTMENT - RENTAL INCOME R16 000 PER MONTH

This property offers 3 bedrooms, 2 bathrooms, modern kitchen with gas stove ...",,https://images.prop24.com/275940058/Ensure264x153,9500,114000,4.65,False,,7000.0,84000.0,rental_area_q1,1051.0,1531.0,3062.0,0.0,1200,-4857.0,-0.002,3.43,29.17,0.29,0.9778,63200.0,50000,624700.0,1960000.0,20231.0,-20636.0,-247627.0,-0.3964,-0.02,3.8679,-53962.0,-102.2,11836.0,15625.0,-24.25,2940000.0,2352000.0,392000.0,232700.0,-24682.0,-1.75,2917989.0,3278653.0,4387577.0,664720.0,1779953.0,1498700.0,1008700.0,-1245558.0,-580838.0,-0.9298,-0.4121,-0.0078,0,11,0.27,,0.2194,0.0,50.0,51.0,35.2,0,-1.3,0.0,0.0,0.0,75.5,62.8,100,30.0,512
sale,2 Bedroom Apartment,2850000,2,1,64 m²,Stellenbosch Central,Stellenbosch Central,Stellenbosch,https://www.property24.com/for-sale/stellenbosch-central/stellenbosch/western-cape/8566/116983915,,,"Ideal for students! This well-located first-floor apartment offers comfortable and convenient living just a walk from campus.

Rental ...",,https://images.prop24.com/72874115/Ensure264x153,12000,144000,5.05,False,,17000.0,204000.0,rental_suburb,600,1781.0,3562.0,0.0,1200,101955.0,0.0358,7.16,13.97,0.6,0.4202,95200.0,50000,736700.0,2280000.0,23534.0,-15038.0,-180452.0,-0.2449,0.36,1.8046,1274438.0,-55.28,44531.0,55882.0,-20.31,3420000.0,2736000.0,456000.0,280700.0,-19744.0,-0.87,3394396.0,3813943.0,5103916.0,773246.0,2070558.0,1743385.0,1173385.0,-847814.0,-74569.0,-0.1012,-0.0211,0.1384,16,87,0.54,0.99,0.4083,16.1,50.0,50.0,39.8,0,23.8,0.0,0.0,0.0,71.5,61.9,0,30.0,513
sale,1 Bedroom Apartment,3650000,1,2,66 m²,"Jonker Estate, Old Helshoogte Road, Stellenbosch",Stellenbosch Central,Stellenbosch,https://www.property24.com/for-sale/stellenbosch-central/stellenbosch/western-cape/8566/116961725,,,"SOLE MANDATE

Just 4.7km (±9 minutes) from central Stellenbosch, this estate is ...",,https://images.prop24.com/265117539/Ensure264x153,8500,102000,2.79,False,mandate,11250.0,135000.0,rental_suburb,600,2281.0,4562.0,0.0,1200,20475.0,0.0056,3.7,27.04,0.31,0.7683,178856.0,50000,980356.0,2920000.0,30140.0,-28434.0,-341204.0,-0.348,0.06,3.4474,255938.0,-92.99,55303.0,55882.0,-1.04,4380000.0,3504000.0,584000.0,396356.0,-34462.0,-1.49,4347208.0,4884523.0,6536594.0,990297.0,2651767.0,2232756.0,1502756.0,-1699930.0,-709633.0,-0.7239,-0.2269,0.0209,28,87,0.54,1.2,0.4083,16.1,50.0,50.0,39.8,30,3.7,0.0,0.0,0.0,63.5,59.6,0,30.0,514
sale,1 Bedroom Apartment,3700000,1,1,59 m²,Stellenbosch Central,Stellenbosch Central,Stellenbosch,https://www.property24.com/for-sale/stellenbosch-central/stellenbosch/western-cape/8566/116900197,,,"EXCLUSIVE SOLE MANDATE
Discover this well-positioned 1-bedroom apartment in the sought-after East Lynne complex on Die Laan, located in ...",,https://images.prop24.com/362901358/Ensure264x153,8500,102000,2.76,False,mandate,11250.0,135000.0,rental_suburb,600,2312.0,4625.0,0.0,1200,19350.0,0.0052,3.65,27.41,0.3,0.7767,184356.0,50000,995856.0,2960000.0,30553.0,-28940.0,-347283.0,-0.3487,0.05,3.4925,241875.0,-93.46,62712.0,55882.0,12.22,4440000.0,3552000.0,592000.0,403856.0,-35051.0,-1.5,4406759.0,4951435.0,6626136.0,1003863.0,2688092.0,2263342.0,1523342.0,-1731044.0,-727181.0,-0.7302,-0.2305,0.0194,28,87,0.54,1.2,0.4083,16.1,50.0,50.0,39.8,30,3.5,0.0,0.0,0.0,63.0,59.4,0,30.0,515
sale,3 Bedroom House,4200000,3,2,197 m²,Nooitgedacht Village,Nooitgedacht Village,Stellenbosch,https://www.property24.com/for-sale/nooitgedacht-village/stellenbosch/western-cape/14758/116787659,,,Sole Mandate.  Introducing a lovely 3 bedroom home - open plan kitchen/lounge area with a guest bathroom on ground floor and access to ...,,https://images.prop24.com/343129358/Ensure264x153,12000,144000,3.43,False,mandate,6500.0,78000.0,rental_area_q1,600,2625.0,5250.0,0.0,1200,-44340.0,-0.0106,1.86,53.85,0.15,1.4885,239356.0,50000,1150856.0,3360000.0,34682.0,-38377.0,-460518.0,-0.4002,-0.11,6.8241,-554250.0,-113.2,21320.0,21825.0,-2.32,5040000.0,4032000.0,672000.0,478856.0,-45313.0,-1.81,5002267.0,5620547.0,7521560.0,1139520.0,3051348.0,2569199.0,1729199.0,-2334859.0,-1195339.0,-1.0387,0.0,-0.0385,0,14,0.07,,0.2841,0.0,50.0,50.0,35.0,30,-7.0,0.0,0.0,0.0,58.0,58.4,100,30.0,516
sale,2 Bedroom Apartment,2900000,2,2,56 m²,Stellenbosch Central,Stellenbosch Central,Stellenbosch,https://www.property24.com/for-sale/stellenbosch-central/stellenbosch/western-cape/8566/116852471,,,"This elegant two-bedroom apartment is located within an exclusive, newly developed precinct offering clean, contemporary design and a ...",,https://images.prop24.com/240661370/Ensure264x153,12000,144000,4.97,False,,17000.0,204000.0,rental_suburb,600,1812.0,3625.0,0.0,1200,100830.0,0.0348,7.03,14.22,0.59,0.4257,99200.0,50000,750700.0,2320000.0,23947.0,-15544.0,-186531.0,-0.2485,0.35,1.8344,1260375.0,-56.54,51786.0,55882.0,-7.33,3480000.0,2784000.0,464000.0,286700.0,-20334.0,-0.89,3453946.0,3880854.0,5193458.0,786811.0,2106883.0,1773971.0,1193971.0,-878929.0,-92117.0,-0.1227,-0.0258,0.1343,16,87,0.54,0.99,0.4083,16.1,50.0,50.0,39.8,0,23.2,0.0,0.0,0.0,71.0,61.8,0,30.0,517
sale,2 Bedroom Apartment,2880000,2,1,78 m²,22 Muller Street,Stellenbosch Central,Stellenbosch,https://www.property24.com/for-sale/stellenbosch-central/stellenbosch/western-cape/8566/116682123,,,Occupation available 2026. This duplex 2 bedroomed apartment is walking distance to the ...,,https://images.prop24.com/206466645/Ensure264x153,12000,144000,5.0,False,,17000.0,204000.0,rental_suburb,600,1800.0,3600.0,0.0,1200,101280.0,0.0352,7.08,14.12,0.59,0.4235,97600.0,50000,745100.0,2304000.0,23782.0,-15342.0,-184099.0,-0.2471,0.35,1.8224,1266000.0,-56.04,36923.0,55882.0,-33.93,3456000.0,2764800.0,460800.0,284300.0,-20098.0,-0.88,3430126.0,3854090.0,5157641.0,781385.0,2092353.0,1761737.0,1185737.0,-866483.0,-85098.0,-0.1142,-0.024,0.1359,16,87,0.54,0.99,0.4083,16.1,50.0,50.0,39.8,0,23.4,0.0,0.0,0.0,71.2,61.8,0,30.0,518
sale,2 Bedroom Apartment,2900000,2,1,56 m²,"34 95 On Bird 95 Bird Street, Stellenbosch",Stellenbosch Central,Stellenbosch,https://www.property24.com/for-sale/stellenbosch-central/stellenbosch/western-cape/8566/117047548,,,Stylish two-bedroom apartment in the heart of Stellenbosch – ideal for investors ...,,https://images.prop24.com/84615464/Ensure264x153,12000,144000,4.97,False,,17000.0,204000.0,rental_suburb,600,1812.0,3625.0,0.0,1200,100830.0,0.0348,7.03,14.22,0.59,0.4257,99200.0,50000,750700.0,2320000.0,23947.0,-15544.0,-186531.0,-0.2485,0.35,1.8344,1260375.0,-56.54,51786.0,55882.0,-7.33,3480000.0,2784000.0,464000.0,286700.0,-20334.0,-0.89,3453946.0,3880854.0,5193458.0,786811.0,2106883.0,1773971.0,1193971.0,-878929.0,-92117.0,-0.1227,-0.0258,0.1343,16,87,0.54,0.99,0.4083,16.1,50.0,50.0,39.8,0,23.2,0.0,0.0,0.0,71.0,61.8,0,30.0,519
sale,2 Bedroom Apartment,2900000,2,1,56 m²,"34 95 On Bird 95 Bird Street, Stellenbosch",Stellenbosch Central,Stellenbosch,https://www.property24.com/for-sale/stellenbosch-central/stellenbosch/western-cape/8566/116668029,,,Stylish two-bedroom apartment in the heart of Stellenbosch – ideal for investors ...,,https://images.prop24.com/84615464/Ensure264x153,12000,144000,4.97,False,,17000.0,204000.0,rental_suburb,600,1812.0,3625.0,0.0,1200,100830.0,0.0348,7.03,14.22,0.59,0.4257,99200.0,50000,750700.0,2320000.0,23947.0,-15544.0,-186531.0,-0.2485,0.35,1.8344,1260375.0,-56.54,51786.0,55882.0,-7.33,3480000.0,2784000.0,464000.0,286700.0,-20334.0,-0.89,3453946.0,3880854.0,5193458.0,786811.0,2106883.0,1773971.0,1193971.0,-878929.0,-92117.0,-0.1227,-0.0258,0.1343,16,87,0.54,0.99,0.4083,16.1,50.0,50.0,39.8,0,23.2,0.0,0.0,0.0,71.0,61.8,0,30.0,520
sale,1 Bedroom Apartment,2250000,1,1,43 m²,Stellenbosch Central,Stellenbosch Central,Stellenbosch,https://www.property24.com/for-sale/stellenbosch-central/stellenbosch/western-cape/8566/116492136,,,"Stylish New Development in Central Stellenbosch

Welcome to effortless modern living in the heart of Stellenbosch. Designed for ...",,https://images.prop24.com/100958998/Ensure264x153,8500,102000,4.53,False,,11250.0,135000.0,rental_suburb,600,1406.0,2812.0,0.0,1200,51975.0,0.0231,6.0,16.67,0.5,0.535,48786.0,50000,570286.0,1800000.0,18579.0,-14248.0,-170978.0,-0.2998,0.23,2.1865,649688.0,-71.12,52326.0,55882.0,-6.36,2700000.0,2160000.0,360000.0,210286.0,-17964.0,-1.18,2679786.0,3011008.0,4029407.0,610457.0,1634651.0,1376357.0,926357.0,-828731.0,-218274.0,-0.3827,-0.092,0.0911,28,87,0.54,1.2,0.4083,16.1,50.0,50.0,39.8,0,15.4,0.0,0.0,0.0,77.5,63.1,0,30.0,521
sale,2 Bedroom Apartment,2900000,2,1,78 m²,Stellenbosch Central,Stellenbosch Central,Stellenbosch,https://www.property24.com/for-sale/stellenbosch-central/stellenbosch/western-cape/8566/116489175,,,"Discover the charm of Zimbabwe Apartments, ideally positioned in one of Stellenbosch’s most desirable locations. This well-maintained ...",,https://images.prop24.com/353086398/Ensure264x153,12000,144000,4.97,False,,17000.0,204000.0,rental_suburb,600,1812.0,3625.0,0.0,1200,100830.0,0.0348,7.03,14.22,0.59,0.4257,99200.0,50000,750700.0,2320000.0,23947.0,-15544.0,-186531.0,-0.2485,0.35,1.8344,1260375.0,-56.54,37179.0,55882.0,-33.47,3480000.0,2784000.0,464000.0,286700.0,-20334.0,-0.89,3453946.0,3880854.0,5193458.0,786811.0,2106883.0,1773971.0,1193971.0,-878929.0,-92117.0,-0.1227,-0.0258,0.1343,16,87,0.54,0.99,0.4083,16.1,50.0,50.0,39.8,0,23.2,0.0,0.0,0.0,71.0,61.8,0,30.0,522
sale,3 Bedroom House,2225000,3,2,830 m²,19 Zulch,Ceres,Ceres,https://www.property24.com/for-sale/ceres/ceres/western-cape/7612/117007051,,,"NEW RELEASE

This spacious 3 bedroom, 2 bathroom face-brick home with a bachelor's ...",,https://images.prop24.com/375444622/Crop600x400,6000,72000,3.24,False,,6000.0,72000.0,csv_estimate,300,1391.0,2781.0,0.0,1200,-1822.0,-0.0008,3.24,30.9,0.27,0.9453,47286.0,50000,563786.0,1780000.0,18373.0,-18525.0,-222298.0,-0.3943,-0.01,4.0075,-16568.0,-100.74,2681.0,8288.0,-67.66,2670000.0,2136000.0,356000.0,207786.0,-22199.0,-1.73,2650011.0,2977552.0,3984636.0,603674.0,1616488.0,1361064.0,916064.0,-1116360.0,-512686.0,-0.9094,-0.3813,-0.0032,0,16,0.0,,0.2232,0.0,50.0,50.0,35.0,0,-0.5,0.0,0.0,0.0,77.8,63.1,100,30.0,523
sale,1 Bedroom Apartment,1999000,1,1,33 m²,1 Oak Street,Altona,Worcester,https://www.property24.com/for-sale/altona/worcester/western-cape/33413/116726450,,,Joint Mandate: Step into a thoughtfully curated suite within this newly completed ...,,https://images.prop24.com/206466645/Ensure264x153,5000,60000,3.0,False,,4950.0,59400.0,rental_area_q1,400,1249.0,2499.0,0.0,1200,-9530.0,-0.0048,2.97,33.65,0.25,1.0804,33726.0,50000,505026.0,1599200.0,16507.0,-17301.0,-207611.0,-0.4111,-0.05,4.4151,-95295.0,-104.77,60576.0,9086.0,566.72,2398800.0,1919040.0,319840.0,185186.0,-20602.0,-1.83,2380841.0,2675113.0,3579905.0,542357.0,1452296.0,1222816.0,823016.0,-1047184.0,-504827.0,-0.9996,-0.7915,-0.0189,0,16,0.31,,0.4166,0.0,50.0,50.0,35.0,0,-3.2,0.0,0.0,0.0,80.0,63.3,100,30.0,524
sale,1 Bedroom Apartment,1980000,1,1,35 m²,1 Oak Street,Altona,Worcester,https://www.property24.com/for-sale/altona/worcester/western-cape/33413/116726534,,,Joint Mandate: Step into a thoughtfully curated suite within this newly completed ...,,https://images.prop24.com/206466645/Ensure264x153,5000,60000,3.03,False,,4950.0,59400.0,rental_area_q1,400,1238.0,2475.0,0.0,1200,-9102.0,-0.0046,3.0,33.33,0.25,1.0732,32586.0,50000,500086.0,1584000.0,16350.0,-17108.0,-205300.0,-0.4105,-0.05,4.3762,-91020.0,-104.6,56571.0,9086.0,522.65,2376000.0,1900800.0,316800.0,183286.0,-20378.0,-1.83,2358212.0,2649687.0,3545878.0,537202.0,1438493.0,1211194.0,815194.0,-1035361.0,-498159.0,-0.9961,-0.671,-0.0182,0,16,0.31,,0.4166,0.0,50.0,50.0,35.0,0,-3.1,0.0,0.0,0.0,80.2,63.3,100,30.0,525
sale,Farm,3995000,1,0,10 ha,Montagu Rural,Montagu Rural,Montagu,https://www.property24.com/for-sale/montagu-rural/montagu/western-cape/16612/116781353,,,"Dual Mandate - Set along the scenic R62, with uninterrupted views and spectacular sunsets over the Langeberg Mountains, Klipheuwel Farm ...",,https://images.prop24.com/275641266/Ensure264x153,4500,54000,1.35,False,mandate,4500.0,54000.0,csv_estimate,250,2497.0,4994.0,0.0,1200,-57608.0,-0.0144,1.35,73.98,0.11,1.9868,216806.0,50000,1087306.0,3196000.0,32989.0,-37789.0,-453472.0,-0.4171,-0.15,9.3176,-576075.0,-114.42,,,,4794000.0,3835200.0,639200.0,448106.0,-44387.0,-1.91,4758109.0,5346211.0,7154437.0,1083901.0,2902413.0,2443798.0,1644798.0,-2306845.0,-1222945.0,-1.1247,0.0,-0.053,0,8,0.0,,0.2455,0.0,50.0,50.0,35.0,30,-9.6,0.0,0.0,0.0,60.1,58.8,100,30.0,526
sale,2 Bedroom House,2950000,2,2,879 m²,3 Wilde Olyf,Riebeek Kasteel,Riebeek Valley,https://www.property24.com/for-sale/riebeek-kasteel/riebeek-valley/western-cape/7911/116789789,,,"As you pass through the private gate, a wide, welcoming driveway sweeps across a lush ...",,https://images.prop24.com/340428568/Ensure264x153,7000,84000,2.85,False,,18500.0,222000.0,rental_suburb,350,1844.0,3688.0,0.0,1200,119265.0,0.0404,7.53,13.29,0.63,0.3828,103200.0,50000,764700.0,2360000.0,24360.0,-14421.0,-173051.0,-0.2263,0.41,1.6995,1325167.0,-55.08,3356.0,4781.0,-29.81,3540000.0,2832000.0,472000.0,292700.0,-19293.0,-0.76,3513497.0,3947765.0,5283001.0,800377.0,2143209.0,1804557.0,1214557.0,-800709.0,-332.0,-0.0004,-0.0001,0.156,2,27,0.3,0.0,0.3315,0.0,50.0,50.0,35.0,0,27.0,0.0,0.0,0.0,70.5,61.7,80,30.0,527
sale,3 Bedroom House,2800000,3,2,1 545 m²,Riebeek West,Riebeek West,Riebeek Valley,https://www.property24.com/for-sale/riebeek-west/riebeek-valley/western-cape/7910/115621802,,,"If classic comfort, space, style, and a touch of country charm are what you’re after, this three-bedroom gem on a massive 1,545sqm plot ...",,https://images.prop24.com/185178535/Ensure264x153,7000,84000,3.0,False,,13500.0,162000.0,rental_suburb,350,1750.0,3500.0,0.0,1200,67440.0,0.0241,5.79,17.28,0.48,0.5037,91200.0,50000,722700.0,2240000.0,23121.0,-17501.0,-210012.0,-0.2906,0.24,2.2164,749333.0,-73.24,,5483.0,,3360000.0,2688000.0,448000.0,274700.0,-22125.0,-1.13,3334845.0,3747032.0,5014374.0,759680.0,2034232.0,1712799.0,1152799.0,-1015442.0,-255762.0,-0.3539,-0.0837,0.0933,1,15,0.2,0.0,0.5219,0.0,50.0,50.0,35.0,0,16.1,0.0,0.0,0.0,72.0,62.0,90,30.0,528
sale,3 Bedroom House,2495000,3,2,792 m²,38 La Moderne Street,Charleston Hill,Paarl,https://www.property24.com/for-sale/charleston-hill/paarl/western-cape/8593/116847087,,,"Beautifully renovated and spacious family home, ideally located in prime and sought ...",,https://images.prop24.com/310646377/Ensure264x153,9500,114000,4.57,False,,7000.0,84000.0,rental_area_q1,1073.0,1559.0,3119.0,0.0,1200,-6139.0,-0.0025,3.37,29.7,0.28,0.9931,66800.0,50000,637300.0,1996000.0,20602.0,-21114.0,-253369.0,-0.3976,-0.02,3.9363,-68214.0,-102.73,3150.0,3696.0,-14.76,2994000.0,2395200.0,399200.0,238100.0,-25235.0,-1.76,2971585.0,3338873.0,4468165.0,676929.0,1812646.0,1526227.0,1027227.0,-1275084.0,-598155.0,-0.9386,-0.4276,-0.0096,0,3,0.67,,0.0236,0.0,50.0,51.0,35.2,0,-1.6,0.0,0.0,0.0,75.0,62.6,100,29.9,529
sale,3 Bedroom House,3500000,3,2,141 m²,"Welgevonden Estate, 4 Kouteri Street",Welgevonden Estate,Stellenbosch,https://www.property24.com/for-sale/welgevonden-estate/stellenbosch/western-cape/12655/116945553,,,The perfect lock up and go property in one of the most sought-after lifestyle Estates in ...,,https://images.prop24.com/374329567/Crop600x400,12000,144000,4.11,False,,20000.0,240000.0,rental_suburb,600,2188.0,4375.0,0.0,1200,120450.0,0.0344,6.86,14.58,0.57,0.4181,162356.0,50000,933856.0,2800000.0,28901.0,-18864.0,-226365.0,-0.2424,0.35,1.8632,1505625.0,-56.98,24823.0,20000.0,24.11,4200000.0,3360000.0,560000.0,373856.0,-24644.0,-0.87,4168556.0,4683790.0,6267967.0,949600.0,2542790.0,2140999.0,1440999.0,-1067454.0,-117854.0,-0.1262,-0.0266,0.129,1,6,0.5,0.0,0.1302,0.0,50.0,50.0,35.0,0,22.9,0.0,0.0,0.0,65.0,60.0,90,29.9,530
sale,2 Bedroom Apartment,2900000,2,2,55 m²,La Colline,La Colline,Stellenbosch,https://www.property24.com/for-sale/la-colline/stellenbosch/western-cape/8537/117014403,,,"Welcome to 95 on Bird – a brand-new, two-bedroom, two-bathroom apartment in the heart of the Stellenbosch Winelands! This stylish unit ...",,https://images.prop24.com/332501504/Ensure264x153,12000,144000,4.97,False,,10000.0,120000.0,rental_suburb,600,1812.0,3625.0,0.0,1200,23550.0,0.0081,4.14,24.17,0.34,0.7238,99200.0,50000,750700.0,2320000.0,23947.0,-21984.0,-263811.0,-0.3514,0.08,3.1184,294375.0,-89.85,52727.0,51124.0,3.14,3480000.0,2784000.0,464000.0,286700.0,-26774.0,-1.49,3453946.0,3880854.0,5193458.0,786811.0,2106883.0,1773971.0,1193971.0,-1310235.0,-523424.0,-0.6972,-0.2126,0.0314,5,56,0.14,0.73,0.3779,9.5,50.0,50.0,37.9,0,5.4,0.0,0.0,0.0,71.0,61.8,50,29.9,531
sale,3 Bedroom House,2400000,3,1,308 m²,8 Pendoring Road,Arbeidslus,Stellenbosch,https://www.property24.com/for-sale/arbeidslus/stellenbosch/western-cape/8519/116926168,,,"Sole and Exclusive Mandate. Discover this impeccably renovated 3-bedroom, 1-bathroom ...",,https://images.prop24.com/317418390/Ensure264x153,12000,144000,6.0,False,,6500.0,78000.0,rental_area_q1,600,1500.0,3000.0,0.0,1200,-3840.0,-0.0016,3.25,30.77,0.27,0.9692,59200.0,50000,610700.0,1920000.0,19818.0,-20138.0,-241656.0,-0.3957,-0.02,4.0182,-48000.0,-102.0,7792.0,7792.0,0.0,2880000.0,2304000.0,384000.0,226700.0,-24102.0,-1.74,2858438.0,3211741.0,4298034.0,651154.0,1743628.0,1468114.0,988114.0,-1214746.0,-563592.0,-0.9229,-0.401,-0.0063,0,1,0.0,,,0.0,50.0,50.0,35.0,0,-1.1,0.0,0.0,0.0,76.0,62.9,100,29.9,532
sale,3 Bedroom House,3500000,3,2,203 m²,24 Wildeklawer Street,Welgevonden Estate,Stellenbosch,https://www.property24.com/for-sale/welgevonden-estate/stellenbosch/western-cape/12655/116755048,,,An enchanted garden greets you as you enter this private lock-up an go with a ...,,https://images.prop24.com/371010217/Crop600x400,12000,144000,4.11,False,,20000.0,240000.0,rental_suburb,600,2188.0,4375.0,0.0,1200,120450.0,0.0344,6.86,14.58,0.57,0.4181,162356.0,50000,933856.0,2800000.0,28901.0,-18864.0,-226365.0,-0.2424,0.35,1.8632,1505625.0,-56.98,17241.0,20000.0,-13.79,4200000.0,3360000.0,560000.0,373856.0,-24644.0,-0.87,4168556.0,4683790.0,6267967.0,949600.0,2542790.0,2140999.0,1440999.0,-1067454.0,-117854.0,-0.1262,-0.0266,0.129,1,6,0.5,0.0,0.1302,0.0,50.0,50.0,35.0,0,22.9,0.0,0.0,0.0,65.0,60.0,90,29.9,533
sale,1 Bedroom Apartment,3750000,1,1,28 m²,Stellenbosch Central,Stellenbosch Central,Stellenbosch,https://www.property24.com/for-sale/stellenbosch-central/stellenbosch/western-cape/8566/116919267,,,"Bachelor apartment in stellenbosch central 

EXCLUSIVE SOLE MANDATE 
GREAT AIR BnB OPPORTUNITY 
Bachelor Apartment For Sale in ...",,,8500,102000,2.72,False,mandate,11250.0,135000.0,rental_suburb,600,2344.0,4688.0,0.0,1200,18225.0,0.0049,3.6,27.78,0.3,0.785,189856.0,50000,1011356.0,3000000.0,30966.0,-29447.0,-353363.0,-0.3494,0.05,3.5375,227812.0,-93.92,133929.0,55882.0,139.66,4500000.0,3600000.0,600000.0,411356.0,-35640.0,-1.51,4466310.0,5018346.0,6715679.0,1017429.0,2724418.0,2293928.0,1543928.0,-1762159.0,-744730.0,-0.7364,-0.2341,0.018,28,87,0.54,1.2,0.4083,16.1,50.0,50.0,39.8,30,3.2,0.0,0.0,0.0,62.5,59.3,0,29.9,534
sale,1 Bedroom Apartment,2345000,1,1,32 m²,"4 The Den, 4 Dennesig Street",Dennesig,Stellenbosch,https://www.property24.com/for-sale/dennesig/stellenbosch/western-cape/8529/116356570,,,"Nestled within the vibrant town of Stellenbosch, this studio apartment presents ...",,https://images.prop24.com/363644578/Crop600x400,8500,102000,4.35,False,,12615.0,151380.0,rental_suburb,600,1466.0,2931.0,0.0,1200,64907.0,0.0277,6.46,15.49,0.54,0.4912,54800.0,50000,595300.0,1876000.0,19364.0,-13955.0,-167459.0,-0.2813,0.28,2.0262,811339.0,-65.4,73281.0,73641.0,-0.49,2814000.0,2251200.0,375200.0,220100.0,-17828.0,-1.07,2792933.0,3138139.0,4199538.0,636232.0,1703669.0,1434470.0,965470.0,-803743.0,-167511.0,-0.2814,-0.064,0.109,2,14,0.21,0.22,0.2863,0.0,50.0,50.0,35.0,0,18.5,0.0,0.0,0.0,76.6,63.0,80,29.9,535
sale,2 Bedroom Apartment,2900000,2,2,56 m²,95 Bird Street,La Colline,Stellenbosch,https://www.property24.com/for-sale/la-colline/stellenbosch/western-cape/8537/116487704,,,"On show this coming saturday - 21 march 2026 from 11:00 - 12:00, viewing by appointment ...",,https://images.prop24.com/308559161/Ensure264x153,12000,144000,4.97,False,,10000.0,120000.0,rental_suburb,600,1812.0,3625.0,0.0,1200,23550.0,0.0081,4.14,24.17,0.34,0.7238,99200.0,50000,750700.0,2320000.0,23947.0,-21984.0,-263811.0,-0.3514,0.08,3.1184,294375.0,-89.85,51786.0,51124.0,1.3,3480000.0,2784000.0,464000.0,286700.0,-26774.0,-1.49,3453946.0,3880854.0,5193458.0,786811.0,2106883.0,1773971.0,1193971.0,-1310235.0,-523424.0,-0.6972,-0.2126,0.0314,5,56,0.14,0.73,0.3779,9.5,50.0,50.0,37.9,0,5.4,0.0,0.0,0.0,71.0,61.8,50,29.9,536
sale,2 Bedroom Apartment,2900000,2,2,57 m²,95 Bird Street,La Colline,Stellenbosch,https://www.property24.com/for-sale/la-colline/stellenbosch/western-cape/8537/116544214,,,Discover contemporary comfort and convenience in this beautifully designed 2-bedroom ...,,https://images.prop24.com/367048209/Crop600x400,12000,144000,4.97,False,,10000.0,120000.0,rental_suburb,600,1812.0,3625.0,0.0,1200,23550.0,0.0081,4.14,24.17,0.34,0.7238,99200.0,50000,750700.0,2320000.0,23947.0,-21984.0,-263811.0,-0.3514,0.08,3.1184,294375.0,-89.85,50877.0,51124.0,-0.48,3480000.0,2784000.0,464000.0,286700.0,-26774.0,-1.49,3453946.0,3880854.0,5193458.0,786811.0,2106883.0,1773971.0,1193971.0,-1310235.0,-523424.0,-0.6972,-0.2126,0.0314,5,56,0.14,0.73,0.3779,9.5,50.0,50.0,37.9,0,5.4,0.0,0.0,0.0,71.0,61.8,50,29.9,537
sale,2 Bedroom Apartment,2900000,2,2,56 m²,93 Bird Street,La Colline,Stellenbosch,https://www.property24.com/for-sale/la-colline/stellenbosch/western-cape/8537/116489977,,,"On show friday - 20 march 2026 from 16:00 - 18:00, viewing by appointment only.

No ...",,https://images.prop24.com/308559161/Ensure264x153,12000,144000,4.97,False,,10000.0,120000.0,rental_suburb,600,1812.0,3625.0,0.0,1200,23550.0,0.0081,4.14,24.17,0.34,0.7238,99200.0,50000,750700.0,2320000.0,23947.0,-21984.0,-263811.0,-0.3514,0.08,3.1184,294375.0,-89.85,51786.0,51124.0,1.3,3480000.0,2784000.0,464000.0,286700.0,-26774.0,-1.49,3453946.0,3880854.0,5193458.0,786811.0,2106883.0,1773971.0,1193971.0,-1310235.0,-523424.0,-0.6972,-0.2126,0.0314,5,56,0.14,0.73,0.3779,9.5,50.0,50.0,37.9,0,5.4,0.0,0.0,0.0,71.0,61.8,50,29.9,538
sale,2 Bedroom House,3395000,2,2,150 m²,180 Voliere Estate,Voliere Estate,Stellenbosch,https://www.property24.com/for-sale/voliere-estate/stellenbosch/western-cape/33652/116037943,,,If you’ve been dreaming of owning a slice of Stellenbosch serenity without breaking the ...,,https://images.prop24.com/233852929/Ensure264x153,12000,144000,4.24,False,,14000.0,168000.0,rental_area_q1,600,2122.0,4244.0,0.0,1200,56572.0,0.0167,4.95,20.21,0.41,0.5833,150806.0,50000,901306.0,2716000.0,28034.0,-23320.0,-279838.0,-0.3105,0.17,2.5857,707156.0,-79.17,22633.0,27602.0,-18.0,4074000.0,3259200.0,543200.0,358106.0,-28927.0,-1.27,4043499.0,4543276.0,6079928.0,921112.0,2466506.0,2076769.0,1397769.0,-1371805.0,-450693.0,-0.5,-0.1295,0.0628,0,21,0.0,,0.2742,0.0,50.0,50.0,35.0,0,11.1,0.0,0.0,0.0,66.0,60.3,100,29.9,539
sale,2 Bedroom Apartment,2900000,2,2,56 m²,La Colline,La Colline,Stellenbosch,https://www.property24.com/for-sale/la-colline/stellenbosch/western-cape/8537/116533863,,,Stellenbosch has seen an unprecedented surge in demand for accommodation due to the expansion of its university and other educational ...,,https://images.prop24.com/366853329/Crop600x400,12000,144000,4.97,False,,10000.0,120000.0,rental_suburb,600,1812.0,3625.0,0.0,1200,23550.0,0.0081,4.14,24.17,0.34,0.7238,99200.0,50000,750700.0,2320000.0,23947.0,-21984.0,-263811.0,-0.3514,0.08,3.1184,294375.0,-89.85,51786.0,51124.0,1.3,3480000.0,2784000.0,464000.0,286700.0,-26774.0,-1.49,3453946.0,3880854.0,5193458.0,786811.0,2106883.0,1773971.0,1193971.0,-1310235.0,-523424.0,-0.6972,-0.2126,0.0314,5,56,0.14,0.73,0.3779,9.5,50.0,50.0,37.9,0,5.4,0.0,0.0,0.0,71.0,61.8,50,29.9,540
sale,1 Bedroom Apartment,2350000,1,1,41 m²,Dennesig,Dennesig,Stellenbosch,https://www.property24.com/for-sale/dennesig/stellenbosch/western-cape/8529/116454433,,,"Discover an exceptional investment opportunity with this spacious bachelor apartment, one of only two units of its size in the ...",,https://images.prop24.com/103291119/Ensure264x153,8500,102000,4.34,False,,12615.0,151380.0,rental_suburb,600,1469.0,2938.0,0.0,1200,64795.0,0.0276,6.44,15.52,0.54,0.492,55200.0,50000,596700.0,1880000.0,19405.0,-14006.0,-168067.0,-0.2817,0.28,2.0302,809932.0,-65.53,57317.0,73641.0,-22.17,2820000.0,2256000.0,376000.0,220700.0,-17887.0,-1.07,2798888.0,3144830.0,4208492.0,637589.0,1707302.0,1437528.0,967528.0,-806855.0,-169266.0,-0.2837,-0.0645,0.1086,2,14,0.21,0.22,0.2863,0.0,50.0,50.0,35.0,0,18.4,0.0,0.0,0.0,76.5,63.0,80,29.9,541
sale,2 Bedroom House,3395000,2,2,123 m²,184 Voliere Estate,Voliere Estate,Stellenbosch,https://www.property24.com/for-sale/voliere-estate/stellenbosch/western-cape/33652/116032805,,,"Situated in the beautiful Voliere Estate, this property is perfect for investors or ...",,https://images.prop24.com/233852929/Ensure264x153,12000,144000,4.24,False,,14000.0,168000.0,rental_area_q1,600,2122.0,4244.0,0.0,1200,56572.0,0.0167,4.95,20.21,0.41,0.5833,150806.0,50000,901306.0,2716000.0,28034.0,-23320.0,-279838.0,-0.3105,0.17,2.5857,707156.0,-79.17,27602.0,27602.0,0.0,4074000.0,3259200.0,543200.0,358106.0,-28927.0,-1.27,4043499.0,4543276.0,6079928.0,921112.0,2466506.0,2076769.0,1397769.0,-1371805.0,-450693.0,-0.5,-0.1295,0.0628,0,21,0.0,,0.2742,0.0,50.0,50.0,35.0,0,11.1,0.0,0.0,0.0,66.0,60.3,100,29.9,542
sale,3 Bedroom Apartment,2750000,3,2,76 m²,Newinbosch,Newinbosch,Stellenbosch,https://www.property24.com/for-sale/newinbosch/stellenbosch/western-cape/33422/116699023,,,"Come find excellent value in this modern and newly built three bedroom, two bathroom apartment which is available directly from the ...",,https://images.prop24.com/206466645/Ensure264x153,12000,144000,5.24,False,,20000.0,240000.0,rental_suburb,600,1719.0,3438.0,0.0,1200,137325.0,0.0499,8.73,11.46,0.73,0.3478,87200.0,50000,708700.0,2200000.0,22708.0,-11264.0,-135173.0,-0.1907,0.5,1.4832,1716562.0,-37.58,36184.0,21226.0,70.47,3300000.0,2640000.0,440000.0,268700.0,-15806.0,-0.55,3275294.0,3680120.0,4924831.0,746114.0,1997907.0,1682214.0,1132214.0,-600740.0,145374.0,0.2051,0.038,0.1938,3,49,0.57,0.1,0.3095,0.0,50.0,50.0,35.0,0,33.3,0.0,0.0,0.0,72.5,62.1,70,29.9,543
sale,3 Bedroom House,2695000,3,1,,29 Malan Street,Langerug,Worcester,https://www.property24.com/for-sale/langerug/worcester/western-cape/8849/116538116,,,"****EXCLUSIVE MANDATE*****

Nestled in a desirable and well established neighbourhood ...",,https://images.prop24.com/156700672/Ensure264x153,7000,84000,3.12,False,,8300.0,99600.0,rental_area_q1,400,1684.0,3369.0,0.0,1200,11794.0,0.0044,3.7,27.06,0.31,0.8016,82800.0,50000,693300.0,2156000.0,22254.0,-21271.0,-255253.0,-0.3682,0.04,3.4828,117945.0,-95.62,,34412.0,,3234000.0,2587200.0,431200.0,262100.0,-25722.0,-1.59,3209788.0,3606518.0,4826335.0,731192.0,1957948.0,1648570.0,1109570.0,-1273884.0,-542692.0,-0.7828,-0.2631,0.017,0,6,0.0,,0.3756,0.0,50.0,50.0,35.0,0,2.9,0.0,0.0,0.0,73.0,62.2,100,29.9,544
sale,1 Bedroom Apartment,4950000,1,1,82 m²,Val de Vie Estate,Val de Vie Estate,Paarl,https://www.property24.com/for-sale/val-de-vie-estate/paarl/western-cape/11726/116922703,,,"Exclusive sole mandate. 

A bright 1-bedroom luxury apartment with a stylish open-plan layout, sleek integrated appliances and seamless ...",,https://images.prop24.com/103291119/Ensure264x153,7000,84000,1.7,False,mandate,18000.0,216000.0,rental_suburb,2302.0,3094.0,6188.0,0.0,1200,45320.0,0.0092,4.36,22.92,0.36,0.7102,321856.0,50000,1383356.0,3960000.0,40875.0,-37098.0,-445176.0,-0.3218,0.09,2.981,503552.0,-89.83,60366.0,59375.0,1.67,5940000.0,4752000.0,792000.0,591356.0,-45273.0,-1.36,5895529.0,6624217.0,8864696.0,1343006.0,3596232.0,3027985.0,2037985.0,-2208137.0,-865131.0,-0.6254,-0.1783,0.0328,1,28,0.04,0.0,0.3067,0.0,50.0,51.0,35.2,30,6.1,0.0,0.0,0.0,50.5,57.3,90,29.8,545
sale,3 Bedroom Townhouse,2600000,3,2,162 m²,4 Schelde Street,De Zoete Inval,Paarl,https://www.property24.com/for-sale/de-zoete-inval/paarl/western-cape/8596/116213093,,,"Positioned in an established neighbourhood in the southern part of Paarl, this stylish ...",,https://images.prop24.com/233852929/Ensure264x153,9500,114000,4.38,False,,7000.0,84000.0,rental_area_q1,1126.0,1625.0,3250.0,0.0,1200,-9132.0,-0.0035,3.23,30.95,0.27,1.0287,75200.0,50000,666700.0,2080000.0,21470.0,-22231.0,-266767.0,-0.4001,-0.04,4.0958,-101471.0,-103.9,16049.0,15625.0,2.72,3120000.0,2496000.0,416000.0,250700.0,-26524.0,-1.78,3096642.0,3479387.0,4656204.0,705417.0,1888930.0,1590457.0,1070457.0,-1343979.0,-638562.0,-0.9578,-0.469,-0.0137,0,11,0.27,,0.2194,0.0,50.0,51.0,35.2,0,-2.3,0.0,0.0,0.0,74.0,62.4,100,29.8,546
sale,3 Bedroom House,6910000,3,3,760 m²,34 Burnivale Road,Mount Royal Golf Estate,Malmesbury,https://www.property24.com/for-sale/mount-royal-golf-estate/malmesbury/western-cape/12932/116037236,,,"Welcome to your next chapter of stylish serenity, perched in the ever-sought-after Mount ...",,https://images.prop24.com/185178535/Ensure264x153,7500,90000,1.3,False,,15000.0,180000.0,rental_area_q1,400,4319.0,8638.0,0.0,1200,-9075.0,-0.0013,2.6,38.39,0.22,0.9704,537456.0,50000,1990956.0,5528000.0,57059.0,-57816.0,-693787.0,-0.3485,-0.01,4.7744,-86429.0,-101.25,9092.0,9082.0,0.11,8292000.0,6633600.0,1105600.0,885356.0,-69227.0,-1.53,8229921.0,9247139.0,12374758.0,1874782.0,5020194.0,4226944.0,2844944.0,-3483993.0,-1609211.0,-0.8083,-0.2813,-0.0046,0,14,0.0,,0.4082,0.0,50.0,73.0,39.6,0,-0.9,0.0,0.0,0.0,30.9,55.5,100,29.8,547
sale,2 Bedroom Townhouse,3400000,2,2,94 m²,"9 Kromme Rhee Road, Nooitgedacht Village",Nooitgedacht Village,Stellenbosch,https://www.property24.com/for-sale/nooitgedacht-village/stellenbosch/western-cape/14758/117042638,,,"Icon Property Group proudly presents this stylish 2-bedroom townhouse, perfectly ...",,https://images.prop24.com/262593182/Ensure264x153,12000,144000,4.24,False,,17600.0,211200.0,rental_suburb,600,2125.0,4250.0,0.0,1200,96204.0,0.0283,6.21,16.1,0.52,0.4645,151356.0,50000,902856.0,2720000.0,28076.0,-20059.0,-240702.0,-0.2666,0.29,2.0597,1202550.0,-64.63,36170.0,21825.0,65.73,4080000.0,3264000.0,544000.0,358856.0,-25674.0,-1.01,4049454.0,4549967.0,6088882.0,922469.0,2470139.0,2079828.0,1399828.0,-1153102.0,-230633.0,-0.2554,-0.0573,0.1066,1,14,0.07,0.0,0.2841,0.0,50.0,50.0,35.0,0,18.9,0.0,0.0,0.0,66.0,60.3,90,29.8,548
sale,2 Bedroom Apartment,4500000,2,1,,Stellenbosch Central,Stellenbosch Central,Stellenbosch,https://www.property24.com/for-sale/stellenbosch-central/stellenbosch/western-cape/8566/116970502,,,"Exclusive sole mandate. No transfer fees payable. VAT included in price.

Perfect student accommodation across the street from the ...",,https://images.prop24.com/288411000/Crop600x400,12000,144000,3.2,False,mandate,17000.0,204000.0,rental_suburb,600,2812.0,5625.0,0.0,1200,64830.0,0.0144,4.53,22.06,0.38,0.6022,272356.0,50000,1243856.0,3600000.0,37159.0,-31756.0,-381075.0,-0.3064,0.15,2.788,810375.0,-81.99,,55882.0,,5400000.0,4320000.0,720000.0,523856.0,-39188.0,-1.27,5359572.0,6022015.0,8058815.0,1220914.0,3269302.0,2752713.0,1852713.0,-1874585.0,-653670.0,-0.5255,-0.1385,0.0521,16,87,0.54,0.99,0.4083,16.1,50.0,50.0,39.8,30,9.6,0.0,0.0,0.0,55.0,57.9,0,29.8,549
sale,2 Bedroom House,3495000,2,2,150 m²,181 Voliere Estate,Voliere Estate,Stellenbosch,https://www.property24.com/for-sale/voliere-estate/stellenbosch/western-cape/33652/116065684,,,"Nestled within the prestigious Voliere Estate in Stellenbosch, this exquisite ...",,https://images.prop24.com/233852929/Ensure264x153,12000,144000,4.12,False,,14000.0,168000.0,rental_area_q1,600,2184.0,4369.0,0.0,1200,54322.0,0.0155,4.81,20.8,0.4,0.5967,161806.0,50000,932306.0,2796000.0,28860.0,-24333.0,-291997.0,-0.3132,0.16,2.6581,679031.0,-80.57,23300.0,27602.0,-15.58,4194000.0,3355200.0,559200.0,373106.0,-30105.0,-1.29,4162601.0,4677098.0,6259013.0,948243.0,2539158.0,2137941.0,1438941.0,-1434034.0,-485790.0,-0.5211,-0.1369,0.0583,0,21,0.0,,0.2742,0.0,50.0,50.0,35.0,0,10.4,0.0,0.0,0.0,65.1,60.0,100,29.8,550
sale,1 Bedroom Apartment,2400000,1,1,32 m²,Stellenbosch Central,Stellenbosch Central,Stellenbosch,https://www.property24.com/for-sale/stellenbosch-central/stellenbosch/western-cape/8566/116617247,,,Welcome to a space where modern style meets easy living — the perfect sanctuary for students or young professionals who value comfort ...,,https://images.prop24.com/332501828/Ensure264x153,8500,102000,4.25,False,,11250.0,135000.0,rental_suburb,600,1500.0,3000.0,0.0,1200,48600.0,0.0203,5.62,17.78,0.47,0.56,59200.0,50000,610700.0,1920000.0,19818.0,-15768.0,-189216.0,-0.3098,0.2,2.3216,607500.0,-74.69,75000.0,55882.0,34.21,2880000.0,2304000.0,384000.0,226700.0,-19732.0,-1.24,2858438.0,3211741.0,4298034.0,651154.0,1743628.0,1468114.0,988114.0,-922074.0,-270919.0,-0.4436,-0.1106,0.0796,28,87,0.54,1.2,0.4083,16.1,50.0,50.0,39.8,0,13.5,0.0,0.0,0.0,76.0,62.9,0,29.8,551
sale,1 Bedroom Apartment,2400000,1,1,32 m²,Stellenbosch Central,Stellenbosch Central,Stellenbosch,https://www.property24.com/for-sale/stellenbosch-central/stellenbosch/western-cape/8566/117046458,,,Welcome to a space where modern style meets easy living — the perfect sanctuary for students or young professionals who value comfort ...,,https://images.prop24.com/332501828/Ensure264x153,8500,102000,4.25,False,,11250.0,135000.0,rental_suburb,600,1500.0,3000.0,0.0,1200,48600.0,0.0203,5.62,17.78,0.47,0.56,59200.0,50000,610700.0,1920000.0,19818.0,-15768.0,-189216.0,-0.3098,0.2,2.3216,607500.0,-74.69,75000.0,55882.0,34.21,2880000.0,2304000.0,384000.0,226700.0,-19732.0,-1.24,2858438.0,3211741.0,4298034.0,651154.0,1743628.0,1468114.0,988114.0,-922074.0,-270919.0,-0.4436,-0.1106,0.0796,28,87,0.54,1.2,0.4083,16.1,50.0,50.0,39.8,0,13.5,0.0,0.0,0.0,76.0,62.9,0,29.8,552
sale,1 Bedroom Apartment,2400000,1,1,32 m²,Stellenbosch Central,Stellenbosch Central,Stellenbosch,https://www.property24.com/for-sale/stellenbosch-central/stellenbosch/western-cape/8566/116518773,,,"Step into smart, stylish living with this modern studio apartment at EDGE. Designed for convenience and comfort, the open-plan layout ...",,https://images.prop24.com/373504379/Ensure264x153,8500,102000,4.25,False,,11250.0,135000.0,rental_suburb,600,1500.0,3000.0,0.0,1200,48600.0,0.0203,5.62,17.78,0.47,0.56,59200.0,50000,610700.0,1920000.0,19818.0,-15768.0,-189216.0,-0.3098,0.2,2.3216,607500.0,-74.69,75000.0,55882.0,34.21,2880000.0,2304000.0,384000.0,226700.0,-19732.0,-1.24,2858438.0,3211741.0,4298034.0,651154.0,1743628.0,1468114.0,988114.0,-922074.0,-270919.0,-0.4436,-0.1106,0.0796,28,87,0.54,1.2,0.4083,16.1,50.0,50.0,39.8,0,13.5,0.0,0.0,0.0,76.0,62.9,0,29.8,553
sale,1 Bedroom Apartment,2400000,1,1,26 m²,Stellenbosch Central,Stellenbosch Central,Stellenbosch,https://www.property24.com/for-sale/stellenbosch-central/stellenbosch/western-cape/8566/116621576,,,"North-Facing Apartment in Sought-After Stellenbosch Complex

This contemporary designed, north-facing apartment is perfectly positioned ...",,https://images.prop24.com/242461081/Ensure264x153,8500,102000,4.25,False,,11250.0,135000.0,rental_suburb,600,1500.0,3000.0,0.0,1200,48600.0,0.0203,5.62,17.78,0.47,0.56,59200.0,50000,610700.0,1920000.0,19818.0,-15768.0,-189216.0,-0.3098,0.2,2.3216,607500.0,-74.69,92308.0,55882.0,65.18,2880000.0,2304000.0,384000.0,226700.0,-19732.0,-1.24,2858438.0,3211741.0,4298034.0,651154.0,1743628.0,1468114.0,988114.0,-922074.0,-270919.0,-0.4436,-0.1106,0.0796,28,87,0.54,1.2,0.4083,16.1,50.0,50.0,39.8,0,13.5,0.0,0.0,0.0,76.0,62.9,0,29.8,554
sale,1 Bedroom Apartment,2365000,1,1,43 m²,"6 95 On Bird, 95 Bird Street",Stellenbosch Central,Stellenbosch,https://www.property24.com/for-sale/stellenbosch-central/stellenbosch/western-cape/8566/116725362,,,Perfectly positioned in one of Stellenbosch’s most vibrant and accessible locations ...,,https://images.prop24.com/194099441/Ensure264x153,8500,102000,4.31,False,,11250.0,135000.0,rental_suburb,600,1478.0,2956.0,0.0,1200,49388.0,0.0209,5.71,17.52,0.48,0.5542,56400.0,50000,600900.0,1892000.0,19529.0,-15413.0,-184961.0,-0.3078,0.21,2.2901,617344.0,-73.9,55000.0,55882.0,-1.58,2838000.0,2270400.0,378400.0,222500.0,-19319.0,-1.23,2816753.0,3164903.0,4235355.0,641658.0,1718200.0,1446704.0,973704.0,-900294.0,-258635.0,-0.4304,-0.1065,0.0822,28,87,0.54,1.2,0.4083,16.1,50.0,50.0,39.8,0,13.9,0.0,0.0,0.0,76.4,63.0,0,29.8,555
sale,1 Bedroom Apartment,2395000,1,1,22 m²,Stellenbosch Central,Stellenbosch Central,Stellenbosch,https://www.property24.com/for-sale/stellenbosch-central/stellenbosch/western-cape/8566/116487682,,,"Located just 750m from Stellenbosch University, this one bedroom unit at The One offers a perfect combination of comfort, style, and ...",,https://images.prop24.com/242461081/Ensure264x153,8500,102000,4.26,False,,11250.0,135000.0,rental_suburb,600,1497.0,2994.0,0.0,1200,48712.0,0.0203,5.64,17.74,0.47,0.5592,58800.0,50000,609300.0,1916000.0,19777.0,-15717.0,-188608.0,-0.3095,0.21,2.3171,608906.0,-74.58,108864.0,55882.0,94.81,2874000.0,2299200.0,383200.0,226100.0,-19673.0,-1.24,2852483.0,3205050.0,4289080.0,649798.0,1739995.0,1465055.0,986055.0,-918962.0,-269165.0,-0.4418,-0.1101,0.0799,28,87,0.54,1.2,0.4083,16.1,50.0,50.0,39.8,0,13.6,0.0,0.0,0.0,76.0,62.9,0,29.8,556
sale,3 Bedroom House,2499000,3,2,387 m²,Tennantville,Tennantville,Stellenbosch,https://www.property24.com/for-sale/tennantville/stellenbosch/western-cape/8544/116230514,,,This well-maintained home offers everything a growing family or entertainer could wish for. Featuring 3 generously sized bedrooms ...,,https://images.prop24.com/227269494/Ensure264x153,12000,144000,5.76,False,,6500.0,78000.0,rental_area_q1,600,1562.0,3124.0,0.0,1200,-6068.0,-0.0024,3.12,32.04,0.26,0.9978,67120.0,50000,638420.0,1999200.0,20636.0,-21141.0,-253694.0,-0.3974,-0.02,4.1725,-75844.0,-103.03,6457.0,6457.0,0.0,2998800.0,2399040.0,399840.0,238580.0,-25268.0,-1.76,2976349.0,3344226.0,4475328.0,678014.0,1815552.0,1528674.0,1028874.0,-1276352.0,-598338.0,-0.9372,-0.4251,-0.0095,0,1,0.0,,,0.0,50.0,50.0,35.0,0,-1.6,0.0,0.0,0.0,75.0,62.6,100,29.8,557
sale,1 Bedroom Apartment,2365000,1,1,43 m²,Stellenbosch Central,Stellenbosch Central,Stellenbosch,https://www.property24.com/for-sale/stellenbosch-central/stellenbosch/western-cape/8566/116469128,,,"Modern design, lock-up-and-go convenience, and a vibrant courtyard lifestyle, this apartment has it all. The open-plan kitchen, lounge ...",,https://images.prop24.com/364949640/Ensure264x153,8500,102000,4.31,False,,11250.0,135000.0,rental_suburb,600,1478.0,2956.0,0.0,1200,49388.0,0.0209,5.71,17.52,0.48,0.5542,56400.0,50000,600900.0,1892000.0,19529.0,-15413.0,-184961.0,-0.3078,0.21,2.2901,617344.0,-73.9,55000.0,55882.0,-1.58,2838000.0,2270400.0,378400.0,222500.0,-19319.0,-1.23,2816753.0,3164903.0,4235355.0,641658.0,1718200.0,1446704.0,973704.0,-900294.0,-258635.0,-0.4304,-0.1065,0.0822,28,87,0.54,1.2,0.4083,16.1,50.0,50.0,39.8,0,13.9,0.0,0.0,0.0,76.4,63.0,0,29.8,558
sale,2 Bedroom Apartment,4500000,2,1,,Stellenbosch Central,Stellenbosch Central,Stellenbosch,https://www.property24.com/for-sale/stellenbosch-central/stellenbosch/western-cape/8566/116842540,,,"Exclusive sole mandate. No transfer fees payable. VAT included in price.

Perfect student accommodation across the street from the ...",,https://images.prop24.com/288411000/Crop600x400,12000,144000,3.2,False,mandate,17000.0,204000.0,rental_suburb,600,2812.0,5625.0,0.0,1200,64830.0,0.0144,4.53,22.06,0.38,0.6022,272356.0,50000,1243856.0,3600000.0,37159.0,-31756.0,-381075.0,-0.3064,0.15,2.788,810375.0,-81.99,,55882.0,,5400000.0,4320000.0,720000.0,523856.0,-39188.0,-1.27,5359572.0,6022015.0,8058815.0,1220914.0,3269302.0,2752713.0,1852713.0,-1874585.0,-653670.0,-0.5255,-0.1385,0.0521,16,87,0.54,0.99,0.4083,16.1,50.0,50.0,39.8,30,9.6,0.0,0.0,0.0,55.0,57.9,0,29.8,559
sale,1 Bedroom Apartment,2295000,1,1,52 m²,1 Oak Street,Altona,Worcester,https://www.property24.com/for-sale/altona/worcester/western-cape/33413/116726498,,,Joint Mandate: Step into a thoughtfully curated suite within this newly completed ...,,https://images.prop24.com/370502454/Crop600x400,5000,60000,2.61,False,,4950.0,59400.0,rental_area_q1,400,1434.0,2869.0,0.0,1200,-16190.0,-0.0071,2.59,38.64,0.22,1.1926,51486.0,50000,581986.0,1836000.0,18951.0,-20300.0,-243601.0,-0.4186,-0.07,5.021,-161895.0,-107.05,44135.0,9086.0,385.76,2754000.0,2203200.0,367200.0,214786.0,-24090.0,-1.88,2733382.0,3071228.0,4109995.0,622666.0,1667344.0,1403884.0,944884.0,-1231381.0,-608715.0,-1.0459,0.0,-0.0278,0,16,0.31,,0.4166,0.0,50.0,50.0,35.0,0,-4.7,0.0,0.0,0.0,77.0,63.1,100,29.8,560
sale,3 Bedroom House,2785566,3,2,239 m²,Rawsonville,Rawsonville,Worcester,https://www.property24.com/for-sale/rawsonville/worcester/western-cape/7616/116140221,,,This three bedroom home is for sale on a plot and plan basis in the beautiful Boland town of Rawsonville. Boasting with an entrance ...,,https://images.prop24.com/362891204/Ensure264x153,7000,84000,3.02,False,,8300.0,99600.0,rental_area_q1,400,1741.0,3482.0,0.0,1200,9757.0,0.0035,3.58,27.97,0.3,0.822,90045.0,50000,718658.0,2228453.0,23002.0,-22189.0,-266265.0,-0.3705,0.04,3.5933,97568.0,-96.5,11655.0,7365.0,58.26,3342679.0,2674143.0,445691.0,272968.0,-26789.0,-1.6,3317654.0,3727716.0,4988524.0,755764.0,2023746.0,1703970.0,1146857.0,-1330242.0,-574478.0,-0.7994,-0.2748,0.0136,0,13,0.08,,0.6076,0.0,50.0,50.0,35.0,0,2.3,0.0,0.0,0.0,72.1,62.0,100,29.8,561
sale,3 Bedroom House,2785570,3,2,384 m²,Rawsonville,Rawsonville,Worcester,https://www.property24.com/for-sale/rawsonville/worcester/western-cape/7616/116226560,,,"Your brand-new 3-bedroom home with double garage – now selling on a Plot & Plan basis!

Welcome to Breedezicht Estate, a secure ...",,https://images.prop24.com/361424082/Crop600x400,7000,84000,3.02,False,,8300.0,99600.0,rental_area_q1,400,1741.0,3482.0,0.0,1200,9757.0,0.0035,3.58,27.97,0.3,0.822,90046.0,50000,718660.0,2228456.0,23002.0,-22189.0,-266266.0,-0.3705,0.04,3.5934,97567.0,-96.5,7254.0,7365.0,-1.5,3342684.0,2674147.0,445691.0,272968.0,-26789.0,-1.6,3317658.0,3727721.0,4988532.0,755765.0,2023749.0,1703972.0,1146858.0,-1330244.0,-574479.0,-0.7994,-0.2748,0.0136,0,13,0.08,,0.6076,0.0,50.0,50.0,35.0,0,2.3,0.0,0.0,0.0,72.1,62.0,100,29.8,562
sale,3 Bedroom Townhouse,3175000,3,2,210 m²,Silwerstrand Golf And River Estate,Silwerstrand Golf And River Estate,Robertson,https://www.property24.com/for-sale/silwerstrand-golf-and-river-estate/robertson/western-cape/12920/117039393,,,"A rare offering, private corner unit with views!

Positioned on a prime corner within the prestigious Silwerstrand Golf Estate, this ...",,https://images.prop24.com/179603478/Ensure264x153,6000,72000,2.27,False,,10800.0,129600.0,rental_area_q1,300,1984.0,3969.0,0.0,1200,29794.0,0.0094,4.08,24.5,0.34,0.6901,126606.0,50000,833106.0,2540000.0,26218.0,-23735.0,-284817.0,-0.3419,0.09,3.1177,297945.0,-90.62,15119.0,21701.0,-30.33,3810000.0,3048000.0,508000.0,325106.0,-28978.0,-1.45,3781476.0,4248866.0,5685941.0,861423.0,2306674.0,1942192.0,1307192.0,-1411778.0,-550355.0,-0.6606,-0.1944,0.0358,0,10,0.1,,0.4149,0.0,50.0,50.0,35.0,0,6.3,0.0,0.0,0.0,68.2,61.0,100,29.8,563
sale,2 Bedroom House,2490000,2,2,791 m²,32 Stasie Street,Darling,Darling,https://www.property24.com/for-sale/darling/darling/western-cape/7920/116939514,,,"This cottage is unmatched in Darling, with a little creek servitude, flowing through the ...",,https://images.prop24.com/103291119/Ensure264x153,6000,72000,2.89,False,,6000.0,72000.0,csv_estimate,300,1556.0,3112.0,0.0,1200,-7785.0,-0.0031,2.89,34.58,0.24,1.0281,66400.0,50000,635900.0,1992000.0,20561.0,-21210.0,-254519.0,-0.4003,-0.03,4.455,-77850.0,-103.13,3148.0,7488.0,-57.96,2988000.0,2390400.0,398400.0,237500.0,-25322.0,-1.77,2965630.0,3332182.0,4459211.0,675573.0,1809014.0,1523168.0,1025168.0,-1281266.0,-605693.0,-0.9525,-0.4563,-0.0122,0,10,0.0,,0.4698,0.0,50.0,50.0,35.0,0,-2.1,0.0,0.0,0.0,75.1,62.7,100,29.8,564
sale,3 Bedroom House,7150000,3,3,763 m²,5 Weavers Way,Mount Royal Golf Estate,Malmesbury,https://www.property24.com/for-sale/mount-royal-golf-estate/malmesbury/western-cape/12932/116854307,,,"Elegant Family Home with Exceptional Entertainment Spaces

This beautifully designed ...",,https://images.prop24.com/244520442/Ensure264x153,7500,90000,1.26,False,,15000.0,180000.0,rental_area_q1,400,4469.0,8938.0,0.0,1200,-14475.0,-0.002,2.52,39.72,0.21,1.0004,563856.0,50000,2065356.0,5720000.0,59041.0,-60247.0,-722969.0,-0.35,-0.02,4.9365,-137857.0,-101.93,9371.0,9082.0,3.18,8580000.0,6864000.0,1144000.0,921356.0,-72056.0,-1.55,8515764.0,9568313.0,12804561.0,1939897.0,5194557.0,4373756.0,2943756.0,-3633341.0,-1693444.0,-0.8199,-0.2903,-0.007,0,14,0.0,,0.4082,0.0,50.0,73.0,39.6,0,-1.3,0.0,0.0,0.0,28.5,55.4,100,29.7,565
sale,3 Bedroom House,7150000,3,3,763 m²,5 Weavers Way,Mount Royal Golf Estate,Malmesbury,https://www.property24.com/for-sale/mount-royal-golf-estate/malmesbury/western-cape/12932/116787840,,,"Elegant Family Home with Exceptional Entertainment Spaces

This beautifully designed ...",,https://images.prop24.com/244520442/Ensure264x153,7500,90000,1.26,False,,15000.0,180000.0,rental_area_q1,400,4469.0,8938.0,0.0,1200,-14475.0,-0.002,2.52,39.72,0.21,1.0004,563856.0,50000,2065356.0,5720000.0,59041.0,-60247.0,-722969.0,-0.35,-0.02,4.9365,-137857.0,-101.93,9371.0,9082.0,3.18,8580000.0,6864000.0,1144000.0,921356.0,-72056.0,-1.55,8515764.0,9568313.0,12804561.0,1939897.0,5194557.0,4373756.0,2943756.0,-3633341.0,-1693444.0,-0.8199,-0.2903,-0.007,0,14,0.0,,0.4082,0.0,50.0,73.0,39.6,0,-1.3,0.0,0.0,0.0,28.5,55.4,100,29.7,566
sale,2 Bedroom Apartment,3150000,2,2,59 m²,La Colline,La Colline,Stellenbosch,https://www.property24.com/for-sale/la-colline/stellenbosch/western-cape/8537/116982534,,,"Experience premium living  – beautifully designed two-bedroom, two-bathroom apartments in the new 95 on Bird development.
 This unit ...",,https://images.prop24.com/332501504/Ensure264x153,12000,144000,4.57,False,,10000.0,120000.0,rental_suburb,600,1969.0,3938.0,0.0,1200,17925.0,0.0057,3.81,26.25,0.32,0.7706,123856.0,50000,825356.0,2520000.0,26011.0,-24517.0,-294209.0,-0.3565,0.06,3.3717,224062.0,-92.89,53390.0,51124.0,4.43,3780000.0,3024000.0,504000.0,321356.0,-29720.0,-1.53,3751700.0,4215411.0,5641170.0,854640.0,2288511.0,1926899.0,1296899.0,-1465807.0,-611167.0,-0.7405,-0.2365,0.0217,5,56,0.14,0.73,0.3779,9.5,50.0,50.0,37.9,0,3.8,0.0,0.0,0.0,68.5,61.1,50,29.7,567
sale,2 Bedroom Apartment,3150000,2,2,59 m²,La Colline,La Colline,Stellenbosch,https://www.property24.com/for-sale/la-colline/stellenbosch/western-cape/8537/117014269,,,"Experience premium living  – beautifully designed two-bedroom, two-bathroom apartments in the new 95 on Bird development.
 This unit ...",,https://images.prop24.com/332501504/Ensure264x153,12000,144000,4.57,False,,10000.0,120000.0,rental_suburb,600,1969.0,3938.0,0.0,1200,17925.0,0.0057,3.81,26.25,0.32,0.7706,123856.0,50000,825356.0,2520000.0,26011.0,-24517.0,-294209.0,-0.3565,0.06,3.3717,224062.0,-92.89,53390.0,51124.0,4.43,3780000.0,3024000.0,504000.0,321356.0,-29720.0,-1.53,3751700.0,4215411.0,5641170.0,854640.0,2288511.0,1926899.0,1296899.0,-1465807.0,-611167.0,-0.7405,-0.2365,0.0217,5,56,0.14,0.73,0.3779,9.5,50.0,50.0,37.9,0,3.8,0.0,0.0,0.0,68.5,61.1,50,29.7,568
sale,1 Bedroom Apartment,2500000,1,1,25 m²,5 Verreweide Rd,Stellenbosch Central,Stellenbosch,https://www.property24.com/for-sale/stellenbosch-central/stellenbosch/western-cape/8566/116751487,,,Discover an exceptional student accommodation investment in the heart of Stellenbosch at ...,,,8500,102000,4.08,False,,11250.0,135000.0,rental_suburb,600,1562.0,3125.0,0.0,1200,46350.0,0.0185,5.4,18.52,0.45,0.5767,67200.0,50000,638700.0,2000000.0,20644.0,-16781.0,-201375.0,-0.3153,0.19,2.4117,579375.0,-76.83,100000.0,55882.0,78.95,3000000.0,2400000.0,400000.0,238700.0,-20910.0,-1.27,2977540.0,3345564.0,4477119.0,678286.0,1816279.0,1529285.0,1029285.0,-984302.0,-306017.0,-0.4791,-0.1223,0.0726,28,87,0.54,1.2,0.4083,16.1,50.0,50.0,39.8,0,12.4,0.0,0.0,0.0,75.0,62.6,0,29.7,569
sale,2 Bedroom Apartment,3150000,2,2,59 m²,95 Bird Street,La Colline,Stellenbosch,https://www.property24.com/for-sale/la-colline/stellenbosch/western-cape/8537/116666008,,,"Presenting a contemporary, modern two-bedroom apartment, featuring two bathrooms and ...",,https://images.prop24.com/233852929/Ensure264x153,12000,144000,4.57,False,,10000.0,120000.0,rental_suburb,600,1969.0,3938.0,0.0,1200,17925.0,0.0057,3.81,26.25,0.32,0.7706,123856.0,50000,825356.0,2520000.0,26011.0,-24517.0,-294209.0,-0.3565,0.06,3.3717,224062.0,-92.89,53390.0,51124.0,4.43,3780000.0,3024000.0,504000.0,321356.0,-29720.0,-1.53,3751700.0,4215411.0,5641170.0,854640.0,2288511.0,1926899.0,1296899.0,-1465807.0,-611167.0,-0.7405,-0.2365,0.0217,5,56,0.14,0.73,0.3779,9.5,50.0,50.0,37.9,0,3.8,0.0,0.0,0.0,68.5,61.1,50,29.7,570
sale,2 Bedroom House,3599000,2,2,137 m²,179 Voliere Estate,Voliere Estate,Stellenbosch,https://www.property24.com/for-sale/voliere-estate/stellenbosch/western-cape/33652/116449697,,,"This inviting north-facing two-bedroom, 143 sqm home is perfectly positioned on a corner ...",,https://images.prop24.com/233852929/Ensure264x153,12000,144000,4.0,False,,14000.0,168000.0,rental_area_q1,600,2249.0,4499.0,0.0,1200,51982.0,0.0144,4.67,21.42,0.39,0.6106,173246.0,50000,964546.0,2879200.0,29719.0,-25387.0,-304643.0,-0.3158,0.15,2.7333,649781.0,-81.95,26270.0,27602.0,-4.82,4318800.0,3455040.0,575840.0,388706.0,-31331.0,-1.3,4286467.0,4816274.0,6445261.0,976460.0,2614715.0,2201559.0,1481759.0,-1498752.0,-522291.0,-0.5415,-0.1444,0.0539,0,21,0.0,,0.2742,0.0,50.0,50.0,35.0,0,9.6,0.0,0.0,0.0,64.0,59.7,100,29.7,571
sale,2 Bedroom Apartment,3150000,2,2,59 m²,Stellenbosch Central,Stellenbosch Central,Stellenbosch,https://www.property24.com/for-sale/stellenbosch-central/stellenbosch/western-cape/8566/116507557,,,"Sophisticated Urban Living in the Heart of Stellenbosch

Discover a lifestyle that blends modern comfort, lock-up-and-go convenience ...",,https://images.prop24.com/366069751/Crop600x400,12000,144000,4.57,False,,17000.0,204000.0,rental_suburb,600,1969.0,3938.0,0.0,1200,95205.0,0.0302,6.48,15.44,0.54,0.4533,123856.0,50000,825356.0,2520000.0,26011.0,-18077.0,-216929.0,-0.2628,0.31,1.9834,1190062.0,-62.22,53390.0,55882.0,-4.46,3780000.0,3024000.0,504000.0,321356.0,-23280.0,-0.98,3751700.0,4215411.0,5641170.0,854640.0,2288511.0,1926899.0,1296899.0,-1034500.0,-179860.0,-0.2179,-0.048,0.1154,16,87,0.54,0.99,0.4083,16.1,50.0,50.0,39.8,0,20.1,0.0,0.0,0.0,68.5,61.1,0,29.7,572
sale,2 Bedroom Apartment,3150000,2,2,59 m²,La Colline,La Colline,Stellenbosch,https://www.property24.com/for-sale/la-colline/stellenbosch/western-cape/8537/116680272,,,"95 on Bird offers modern living at its best.
This exclusive development features 48 spacious open-plan apartments, each with its own ...",,https://images.prop24.com/364949640/Ensure264x153,12000,144000,4.57,False,,10000.0,120000.0,rental_suburb,600,1969.0,3938.0,0.0,1200,17925.0,0.0057,3.81,26.25,0.32,0.7706,123856.0,50000,825356.0,2520000.0,26011.0,-24517.0,-294209.0,-0.3565,0.06,3.3717,224062.0,-92.89,53390.0,51124.0,4.43,3780000.0,3024000.0,504000.0,321356.0,-29720.0,-1.53,3751700.0,4215411.0,5641170.0,854640.0,2288511.0,1926899.0,1296899.0,-1465807.0,-611167.0,-0.7405,-0.2365,0.0217,5,56,0.14,0.73,0.3779,9.5,50.0,50.0,37.9,0,3.8,0.0,0.0,0.0,68.5,61.1,50,29.7,573
sale,2 Bedroom Apartment,3150000,2,2,59 m²,Stellenbosch Central,Stellenbosch Central,Stellenbosch,https://www.property24.com/for-sale/stellenbosch-central/stellenbosch/western-cape/8566/116828484,,,"Sophisticated Urban Living in the Heart of Stellenbosch

Discover a lifestyle that blends modern comfort, lock-up-and-go convenience ...",,https://images.prop24.com/100958998/Ensure264x153,12000,144000,4.57,False,,17000.0,204000.0,rental_suburb,600,1969.0,3938.0,0.0,1200,95205.0,0.0302,6.48,15.44,0.54,0.4533,123856.0,50000,825356.0,2520000.0,26011.0,-18077.0,-216929.0,-0.2628,0.31,1.9834,1190062.0,-62.22,53390.0,55882.0,-4.46,3780000.0,3024000.0,504000.0,321356.0,-23280.0,-0.98,3751700.0,4215411.0,5641170.0,854640.0,2288511.0,1926899.0,1296899.0,-1034500.0,-179860.0,-0.2179,-0.048,0.1154,16,87,0.54,0.99,0.4083,16.1,50.0,50.0,39.8,0,20.1,0.0,0.0,0.0,68.5,61.1,0,29.7,574
sale,3 Bedroom House,2500000,3,2,1 010 m²,Wolseley,Wolseley,Wolseley,https://www.property24.com/for-sale/wolseley/wolseley/western-cape/7610/116806925,,,This is a beautiful property located in a quiet neighborhood in Wolseley. The house boasts 3 comfortable rooms. The main bedroom is ...,,https://images.prop24.com/242461081/Ensure264x153,5500,66000,2.64,False,,5500.0,66000.0,csv_estimate,250,1562.0,3125.0,0.0,1200,-12930.0,-0.0052,2.64,37.88,0.22,1.1159,67200.0,50000,638700.0,2000000.0,20644.0,-21721.0,-260655.0,-0.4081,-0.05,4.8693,-117545.0,-104.7,,1405.0,,3000000.0,2400000.0,400000.0,238700.0,-25850.0,-1.82,2977540.0,3345564.0,4477119.0,678286.0,1816279.0,1529285.0,1029285.0,-1314914.0,-636628.0,-0.9968,-0.6822,-0.0202,0,5,0.0,,0.4819,0.0,50.0,50.0,35.0,0,-3.4,0.0,0.0,0.0,75.0,62.6,100,29.7,575
sale,2 Bedroom House,2625000,2,2,,Ceres,Ceres,Ceres,https://www.property24.com/for-sale/ceres/ceres/western-cape/7612/116406741,,,"Nestled within the secure gated community of Belmont Park, this two-bedroom home offers comfort, convenience, and peace of mind.

The ...",,https://images.prop24.com/366369627/Crop600x400,6000,72000,2.74,False,,6000.0,72000.0,csv_estimate,300,1641.0,3281.0,0.0,1200,-10822.0,-0.0041,2.74,36.46,0.23,1.0703,77200.0,50000,673700.0,2100000.0,21676.0,-22578.0,-270934.0,-0.4022,-0.04,4.683,-98386.0,-103.75,,8288.0,,3150000.0,2520000.0,420000.0,253700.0,-26913.0,-1.79,3126417.0,3512842.0,4700975.0,712200.0,1907093.0,1605750.0,1080750.0,-1365274.0,-653074.0,-0.9694,-0.502,-0.0161,0,16,0.0,,0.2232,0.0,50.0,50.0,35.0,0,-2.7,0.0,0.0,0.0,73.8,62.3,100,29.7,576
sale,3 Bedroom House,2950000,3,2,,22 Hooggelegen,Langerug,Worcester,https://www.property24.com/for-sale/langerug/worcester/western-cape/8849/116503184,,,The start of the rest of your life begins here with this beautiful 3 bedroom home in ...,,https://images.prop24.com/72874115/Ensure264x153,7000,84000,2.85,False,,8300.0,99600.0,rental_area_q1,400,1844.0,3688.0,0.0,1200,6057.0,0.0021,3.38,29.62,0.28,0.8592,103200.0,50000,764700.0,2360000.0,24360.0,-23855.0,-286259.0,-0.3743,0.02,3.7941,60570.0,-97.95,,34412.0,,3540000.0,2832000.0,472000.0,292700.0,-28727.0,-1.63,3513497.0,3947765.0,5283001.0,800377.0,2143209.0,1804557.0,1214557.0,-1432566.0,-632189.0,-0.8267,-0.2957,0.0079,0,6,0.0,,0.3756,0.0,50.0,50.0,35.0,0,1.4,0.0,0.0,0.0,70.5,61.7,100,29.7,577
sale,3 Bedroom House,3295000,3,2,448 m²,13 Lily Crescent,Silwerstrand Golf And River Estate,Robertson,https://www.property24.com/for-sale/silwerstrand-golf-and-river-estate/robertson/western-cape/12920/111342363,,,"This attractive family home in the secure estate, Silwerstrand Village, is situated next ...",,https://images.prop24.com/233852929/Ensure264x153,6000,72000,2.19,False,,10800.0,129600.0,rental_area_q1,300,2059.0,4119.0,0.0,1200,27094.0,0.0082,3.93,25.42,0.33,0.7109,139806.0,50000,870306.0,2636000.0,27208.0,-24951.0,-299407.0,-0.344,0.08,3.2302,270945.0,-91.78,7355.0,21701.0,-66.11,3954000.0,3163200.0,527200.0,343106.0,-30392.0,-1.46,3924398.0,4409453.0,5900843.0,893981.0,2393855.0,2015598.0,1356598.0,-1486452.0,-592472.0,-0.6808,-0.2042,0.0311,0,10,0.1,,0.4149,0.0,50.0,50.0,35.0,0,5.5,0.0,0.0,0.0,67.0,60.6,100,29.7,578
sale,2 Bedroom Townhouse,3100000,2,1,110 m²,Uitbreiding,Uitbreiding,Robertson,https://www.property24.com/for-sale/uitbreiding/robertson/western-cape/16468/116354624,,,"ASSISTANT LIVING TOWNHOUSE – JE PARK 2 
RETIREMENT VILLAGE 

UNIT 39 – approximately 110 m2 - right around the bend from JE PARK 1 ...",,https://images.prop24.com/341773167/Ensure264x153,6000,72000,2.32,False,,9350.0,112200.0,rental_area_q1,300,1938.0,3875.0,0.0,1200,15474.0,0.005,3.62,27.63,0.3,0.7821,118356.0,50000,809856.0,2480000.0,25598.0,-24309.0,-291705.0,-0.3602,0.05,3.5199,154740.0,-95.01,28182.0,28182.0,0.0,3720000.0,2976000.0,496000.0,313856.0,-29428.0,-1.55,3692150.0,4148499.0,5551628.0,841074.0,2252186.0,1896314.0,1276314.0,-1454449.0,-613374.0,-0.7574,-0.2467,0.0191,0,1,0.0,,,0.0,50.0,50.0,35.0,0,3.3,0.0,0.0,0.0,69.0,61.2,100,29.7,579
sale,2 Bedroom House,2600000,2,1,634 m²,Darling,Darling,Darling,https://www.property24.com/for-sale/darling/darling/western-cape/7920/116754305,,,"Set in the heart of sought-after Old Darling, this character-filled home offers a rare blend of charm, comfort, and breath-taking ...",,https://images.prop24.com/370996837/Crop600x400,6000,72000,2.77,False,,6000.0,72000.0,csv_estimate,300,1625.0,3250.0,0.0,1200,-10260.0,-0.0039,2.77,36.11,0.23,1.0625,75200.0,50000,666700.0,2080000.0,21470.0,-22325.0,-267894.0,-0.4018,-0.04,4.6408,-102600.0,-103.95,4101.0,7488.0,-45.23,3120000.0,2496000.0,416000.0,250700.0,-26618.0,-1.79,3096642.0,3479387.0,4656204.0,705417.0,1888930.0,1590457.0,1070457.0,-1349717.0,-644300.0,-0.9664,-0.4927,-0.0154,0,10,0.0,,0.4698,0.0,50.0,50.0,35.0,0,-2.6,0.0,0.0,0.0,74.0,62.4,100,29.7,580
sale,2 Bedroom House,3000000,2,1,316 m²,Groenvlei,Groenvlei,Paarl,https://www.property24.com/for-sale/groenvlei/paarl/western-cape/8601/117053979,,,"Exclusively Marketed By Fouchee Properties

Discover comfort and convenience in this charming 2-bedroom home, perfectly situated in ...",,https://images.prop24.com/275940058/Ensure264x153,9500,114000,3.8,False,,8500.0,102000.0,rental_area_q1,1326.0,1875.0,3750.0,0.0,1200,-3975.0,-0.0013,3.4,29.41,0.28,0.959,107356.0,50000,778856.0,2400000.0,24773.0,-25104.0,-301245.0,-0.3868,-0.01,3.8734,-44162.0,-101.47,9494.0,14191.0,-33.1,3600000.0,2880000.0,480000.0,298856.0,-30058.0,-1.7,3573048.0,4014677.0,5372543.0,813943.0,2179534.0,1835142.0,1235142.0,-1514012.0,-700069.0,-0.8988,-0.3676,-0.0051,0,7,0.0,,0.4534,0.0,50.0,51.0,35.2,0,-0.9,0.0,0.0,0.0,70.0,61.6,100,29.6,581
sale,3 Bedroom House,2850000,3,2,396 m²,De Zoete Inval,De Zoete Inval,Paarl,https://www.property24.com/for-sale/de-zoete-inval/paarl/western-cape/8596/116885268,,,"BRAND NEW LISTING | Oude Chardonnay | Paarl

Proudly Presented by Jean-Claude of 1 Nine 5 Properties under an Exclusive Sole ...",,https://images.prop24.com/282465811/Ensure264x153,9500,114000,4.0,False,,7000.0,84000.0,rental_area_q1,1251.0,1781.0,3562.0,0.0,1200,-16259.0,-0.0057,2.95,33.93,0.25,1.1136,95200.0,50000,736700.0,2280000.0,23534.0,-24889.0,-298665.0,-0.4054,-0.06,4.4755,-180653.0,-106.34,7197.0,15625.0,-53.94,3420000.0,2736000.0,456000.0,280700.0,-29596.0,-1.81,3394396.0,3813943.0,5103916.0,773246.0,2070558.0,1743385.0,1173385.0,-1508014.0,-734768.0,-0.9974,-0.6954,-0.0221,0,11,0.27,,0.2194,0.0,50.0,51.0,35.2,0,-3.8,0.0,0.0,0.0,71.5,61.9,100,29.6,582
sale,3 Bedroom House,2850000,3,2,184 m²,4 Schelde Street,De Zoete Inval,Paarl,https://www.property24.com/for-sale/de-zoete-inval/paarl/western-cape/8596/116209997,,,"Nestled in an established neighbourhood in the southern part of Paarl, this stylish ...",,https://images.prop24.com/233852929/Ensure264x153,9500,114000,4.0,False,,7000.0,84000.0,rental_area_q1,1251.0,1781.0,3562.0,0.0,1200,-16259.0,-0.0057,2.95,33.93,0.25,1.1136,95200.0,50000,736700.0,2280000.0,23534.0,-24889.0,-298665.0,-0.4054,-0.06,4.4755,-180653.0,-106.34,15489.0,15625.0,-0.87,3420000.0,2736000.0,456000.0,280700.0,-29596.0,-1.81,3394396.0,3813943.0,5103916.0,773246.0,2070558.0,1743385.0,1173385.0,-1508014.0,-734768.0,-0.9974,-0.6954,-0.0221,0,11,0.27,,0.2194,0.0,50.0,51.0,35.2,0,-3.8,0.0,0.0,0.0,71.5,61.9,100,29.6,583
sale,2 Bedroom House,3250000,2,2,59 m²,95 Bird Street,La Colline,Stellenbosch,https://www.property24.com/for-sale/la-colline/stellenbosch/western-cape/8537/116990764?plId=2351988&plt=4,,,"Experience the perfect blend of historical charm and contemporary sophistication at 95 on Bird, arguably the most coveted address in the heart of Stellenbosch. This stunning ...",,https://images.prop24.com/233856395/Ensure528x153,12000,144000,4.43,False,,10000.0,120000.0,rental_suburb,600,2031.0,4062.0,0.0,1200,15675.0,0.0048,3.69,27.08,0.31,0.7894,134856.0,50000,856356.0,2600000.0,26837.0,-25531.0,-306368.0,-0.3578,0.05,3.4731,195938.0,-93.97,55085.0,51124.0,7.75,3900000.0,3120000.0,520000.0,336356.0,-30898.0,-1.54,3870802.0,4349233.0,5820255.0,881771.0,2361162.0,1988071.0,1338071.0,-1528035.0,-646264.0,-0.7547,-0.245,0.0183,5,56,0.14,0.73,0.3779,9.5,50.0,50.0,37.9,0,3.2,0.0,0.0,0.0,67.5,60.7,50,29.6,584
sale,2 Bedroom Apartment,4760000,2,1,60 m²,41 Van Riebeeck Street,Stellenbosch Central,Stellenbosch,https://www.property24.com/for-sale/stellenbosch-central/stellenbosch/western-cape/8566/116958792,,,"EXCLUSIVE SOLE MANDATE

Molenvliet Apartments – Van Riebeeck Street ...",,https://images.prop24.com/339477284/Ensure264x153,12000,144000,3.03,False,mandate,17000.0,204000.0,rental_suburb,600,2975.0,5950.0,0.0,1200,58980.0,0.0124,4.29,23.33,0.36,0.6309,300956.0,50000,1324456.0,3808000.0,39306.0,-34391.0,-412689.0,-0.3116,0.13,2.943,737250.0,-84.51,79333.0,55882.0,41.96,5712000.0,4569600.0,761600.0,562856.0,-42252.0,-1.3,5669236.0,6369954.0,8524435.0,1291456.0,3458195.0,2911759.0,1959759.0,-2036379.0,-744923.0,-0.5624,-0.1524,0.0445,16,87,0.54,0.99,0.4083,16.1,50.0,50.0,39.8,30,8.3,0.0,0.0,0.0,52.4,57.5,0,29.6,585
sale,2 Bedroom Apartment,3200000,2,1,59 m²,Stellenbosch Central,Stellenbosch Central,Stellenbosch,https://www.property24.com/for-sale/stellenbosch-central/stellenbosch/western-cape/8566/117022851,,,"Exclusive mandate 
Tucked away in the vibrant heart of Stellenbosch , just steps from the Stellenbosch University campus and the lively ...",,https://images.prop24.com/206466645/Ensure264x153,12000,144000,4.5,False,,17000.0,204000.0,rental_suburb,600,2000.0,4000.0,0.0,1200,94080.0,0.0294,6.38,15.69,0.53,0.4588,129356.0,50000,840856.0,2560000.0,26424.0,-18584.0,-223008.0,-0.2652,0.3,2.0132,1176000.0,-63.25,54237.0,55882.0,-2.94,3840000.0,3072000.0,512000.0,328856.0,-23869.0,-0.99,3811251.0,4282322.0,5730713.0,868206.0,2324837.0,1957485.0,1317485.0,-1065614.0,-197408.0,-0.2348,-0.0521,0.1119,16,87,0.54,0.99,0.4083,16.1,50.0,50.0,39.8,0,19.6,0.0,0.0,0.0,68.0,60.9,0,29.6,586
sale,2 Bedroom Apartment,3200000,2,1,59 m²,Stellenbosch Central,Stellenbosch Central,Stellenbosch,https://www.property24.com/for-sale/stellenbosch-central/stellenbosch/western-cape/8566/117051024,,,"Exclusive mandate 
Tucked away in the vibrant heart of Stellenbosch , just steps from the Stellenbosch University campus and the lively ...",,https://images.prop24.com/206466645/Ensure264x153,12000,144000,4.5,False,,17000.0,204000.0,rental_suburb,600,2000.0,4000.0,0.0,1200,94080.0,0.0294,6.38,15.69,0.53,0.4588,129356.0,50000,840856.0,2560000.0,26424.0,-18584.0,-223008.0,-0.2652,0.3,2.0132,1176000.0,-63.25,54237.0,55882.0,-2.94,3840000.0,3072000.0,512000.0,328856.0,-23869.0,-0.99,3811251.0,4282322.0,5730713.0,868206.0,2324837.0,1957485.0,1317485.0,-1065614.0,-197408.0,-0.2348,-0.0521,0.1119,16,87,0.54,0.99,0.4083,16.1,50.0,50.0,39.8,0,19.6,0.0,0.0,0.0,68.0,60.9,0,29.6,587
sale,2 Bedroom Apartment,3250000,2,2,58 m²,95 Bird,La Colline,Stellenbosch,https://www.property24.com/for-sale/la-colline/stellenbosch/western-cape/8537/116817609,,,"On show this coming saturday - 21 march 2026 from 11:00 - 12:00, viewing by appointment ...",,https://images.prop24.com/372030850/Crop600x400,12000,144000,4.43,False,,10000.0,120000.0,rental_suburb,600,2031.0,4062.0,0.0,1200,15675.0,0.0048,3.69,27.08,0.31,0.7894,134856.0,50000,856356.0,2600000.0,26837.0,-25531.0,-306368.0,-0.3578,0.05,3.4731,195938.0,-93.97,56034.0,51124.0,9.61,3900000.0,3120000.0,520000.0,336356.0,-30898.0,-1.54,3870802.0,4349233.0,5820255.0,881771.0,2361162.0,1988071.0,1338071.0,-1528035.0,-646264.0,-0.7547,-0.245,0.0183,5,56,0.14,0.73,0.3779,9.5,50.0,50.0,37.9,0,3.2,0.0,0.0,0.0,67.5,60.7,50,29.6,588
sale,1 Bedroom Apartment,2600000,1,1,35 m²,Stellenbosch Central,Stellenbosch Central,Stellenbosch,https://www.property24.com/for-sale/stellenbosch-central/stellenbosch/western-cape/8566/116864725,,,"1-Bedroom Furnished Apartment for Sale – Stellenbosch Central
This stylish 1-bedroom furnished apartment is perfectly located in ...",,https://images.prop24.com/362886630/Ensure264x153,8500,102000,3.92,False,,11250.0,135000.0,rental_suburb,600,1625.0,3250.0,0.0,1200,44100.0,0.017,5.19,19.26,0.43,0.5933,75200.0,50000,666700.0,2080000.0,21470.0,-17795.0,-213534.0,-0.3203,0.17,2.5017,551250.0,-78.8,74286.0,55882.0,32.93,3120000.0,2496000.0,416000.0,250700.0,-22088.0,-1.31,3096642.0,3479387.0,4656204.0,705417.0,1888930.0,1590457.0,1070457.0,-1046531.0,-341114.0,-0.5116,-0.1335,0.0661,28,87,0.54,1.2,0.4083,16.1,50.0,50.0,39.8,0,11.3,0.0,0.0,0.0,74.0,62.4,0,29.6,589
sale,1 Bedroom Apartment,2590000,1,1,35 m²,Dennesig,Dennesig,Stellenbosch,https://www.property24.com/for-sale/dennesig/stellenbosch/western-cape/8529/116775449,,,"Perfectly positioned in the heart of the vibrant student hub, this chic studio apartment in The Den offers a rare opportunity for both ...",,,8500,102000,3.94,False,,12615.0,151380.0,rental_suburb,600,1619.0,3238.0,0.0,1200,59395.0,0.0229,5.84,17.11,0.49,0.5276,74400.0,50000,663900.0,2072000.0,21387.0,-16437.0,-197249.0,-0.2971,0.23,2.223,742432.0,-71.33,74000.0,73641.0,0.49,3108000.0,2486400.0,414400.0,249500.0,-20715.0,-1.17,3084731.0,3466004.0,4638296.0,702704.0,1881665.0,1584340.0,1066340.0,-956203.0,-253499.0,-0.3818,-0.0917,0.0895,2,14,0.21,0.22,0.2863,0.0,50.0,50.0,35.0,0,15.3,0.0,0.0,0.0,74.1,62.4,80,29.6,590
sale,1 Bedroom Apartment,2549000,1,1,35 m²,"- The Den, 2 Dennesig Street",Stellenbosch Central,Stellenbosch,https://www.property24.com/for-sale/stellenbosch-central/stellenbosch/western-cape/8566/116773773,,,"Unwind in style in this chic studio apartment, perfectly situated in The Den ...",,https://images.prop24.com/371287595/Crop600x400,8500,102000,4.0,False,,11250.0,135000.0,rental_suburb,600,1593.0,3186.0,0.0,1200,45248.0,0.0178,5.3,18.88,0.44,0.5848,71120.0,50000,652420.0,2039200.0,21048.0,-17278.0,-207333.0,-0.3178,0.18,2.4558,565594.0,-77.81,72829.0,55882.0,30.32,3058800.0,2447040.0,407840.0,244580.0,-21487.0,-1.29,3035900.0,3411137.0,4564871.0,691580.0,1851878.0,1559259.0,1049459.0,-1014794.0,-323214.0,-0.4954,-0.1279,0.0694,28,87,0.54,1.2,0.4083,16.1,50.0,50.0,39.8,0,11.8,0.0,0.0,0.0,74.5,62.5,0,29.6,591
sale,2 Bedroom Apartment,3250000,2,2,58 m²,"13 95 On Bird, 95 Bird Street",La Colline,Stellenbosch,https://www.property24.com/for-sale/la-colline/stellenbosch/western-cape/8537/116728344,,,"No Transfer duty payable.
2-bedroom apartment with a balcony and a built-in braai. This ...",,https://images.prop24.com/242461081/Ensure264x153,12000,144000,4.43,False,,10000.0,120000.0,rental_suburb,600,2031.0,4062.0,0.0,1200,15675.0,0.0048,3.69,27.08,0.31,0.7894,134856.0,50000,856356.0,2600000.0,26837.0,-25531.0,-306368.0,-0.3578,0.05,3.4731,195938.0,-93.97,56034.0,51124.0,9.61,3900000.0,3120000.0,520000.0,336356.0,-30898.0,-1.54,3870802.0,4349233.0,5820255.0,881771.0,2361162.0,1988071.0,1338071.0,-1528035.0,-646264.0,-0.7547,-0.245,0.0183,5,56,0.14,0.73,0.3779,9.5,50.0,50.0,37.9,0,3.2,0.0,0.0,0.0,67.5,60.7,50,29.6,592
sale,2 Bedroom Apartment,3250000,2,2,59 m²,La Colline,La Colline,Stellenbosch,https://www.property24.com/for-sale/la-colline/stellenbosch/western-cape/8537/116706454,,,"No Transfer duty payable.
This spacious 2-bedroom apartment offers 59m2 of living space plus an 8m2 balcony with a built-in braai. It ...",,https://images.prop24.com/242461081/Ensure264x153,12000,144000,4.43,False,,10000.0,120000.0,rental_suburb,600,2031.0,4062.0,0.0,1200,15675.0,0.0048,3.69,27.08,0.31,0.7894,134856.0,50000,856356.0,2600000.0,26837.0,-25531.0,-306368.0,-0.3578,0.05,3.4731,195938.0,-93.97,55085.0,51124.0,7.75,3900000.0,3120000.0,520000.0,336356.0,-30898.0,-1.54,3870802.0,4349233.0,5820255.0,881771.0,2361162.0,1988071.0,1338071.0,-1528035.0,-646264.0,-0.7547,-0.245,0.0183,5,56,0.14,0.73,0.3779,9.5,50.0,50.0,37.9,0,3.2,0.0,0.0,0.0,67.5,60.7,50,29.6,593
sale,3 Bedroom House,4700000,3,2,247 m²,54 Lang Road,Gevonden Estate,Stellenbosch,https://www.property24.com/for-sale/gevonden-estate/stellenbosch/western-cape/33209/116193538,,,"Sole Mandate - Gevonden Estate is a small, intimate estate that offers fantastic views ...",,https://images.prop24.com/308559161/Ensure264x153,12000,144000,3.06,False,mandate,6500.0,78000.0,rental_area_q1,600,2938.0,5875.0,0.0,1200,-55590.0,-0.0118,1.66,60.26,0.14,1.6327,294356.0,50000,1305856.0,3760000.0,38810.0,-43443.0,-521313.0,-0.3992,-0.12,7.6035,-694875.0,-114.78,19028.0,19028.0,0.0,5640000.0,4512000.0,752000.0,553856.0,-51205.0,-1.81,5597775.0,6289660.0,8416984.0,1275177.0,3414604.0,2875056.0,1935056.0,-2646002.0,-1370825.0,-1.0498,0.0,-0.0426,0,1,0.0,,,0.0,50.0,50.0,35.0,30,-7.9,0.0,0.0,0.0,53.0,57.6,100,29.6,594
sale,2 Bedroom Apartment,3250000,2,1,50 m²,La Colline,La Colline,Stellenbosch,https://www.property24.com/for-sale/la-colline/stellenbosch/western-cape/8537/116516987,,,"This beautifully designed 59m² two-bedroom, two-bathroom apartment has everything you need — and more.

Step into a home that’s ...",,https://images.prop24.com/186075711/Ensure264x153,12000,144000,4.43,False,,10000.0,120000.0,rental_suburb,600,2031.0,4062.0,0.0,1200,15675.0,0.0048,3.69,27.08,0.31,0.7894,134856.0,50000,856356.0,2600000.0,26837.0,-25531.0,-306368.0,-0.3578,0.05,3.4731,195938.0,-93.97,65000.0,51124.0,27.14,3900000.0,3120000.0,520000.0,336356.0,-30898.0,-1.54,3870802.0,4349233.0,5820255.0,881771.0,2361162.0,1988071.0,1338071.0,-1528035.0,-646264.0,-0.7547,-0.245,0.0183,5,56,0.14,0.73,0.3779,9.5,50.0,50.0,37.9,0,3.2,0.0,0.0,0.0,67.5,60.7,50,29.6,595
sale,1 Bedroom Apartment,2530000,1,1,46 m²,Stellenbosch Central,Stellenbosch Central,Stellenbosch,https://www.property24.com/for-sale/stellenbosch-central/stellenbosch/western-cape/8566/116668022,,,"Modern one-bedroom apartment in the heart of Stellenbosch – perfect for investors, students, or young professionals seeking secure and ...",,https://images.prop24.com/84615464/Ensure264x153,8500,102000,4.03,False,,11250.0,135000.0,rental_suburb,600,1581.0,3162.0,0.0,1200,45675.0,0.0181,5.34,18.74,0.44,0.5817,69600.0,50000,647100.0,2024000.0,20891.0,-17085.0,-205023.0,-0.3168,0.18,2.4387,570938.0,-77.43,55000.0,55882.0,-1.58,3036000.0,2428800.0,404800.0,242300.0,-21264.0,-1.28,3013270.0,3385711.0,4530845.0,686425.0,1838074.0,1547637.0,1041637.0,-1002971.0,-316546.0,-0.4892,-0.1257,0.0706,28,87,0.54,1.2,0.4083,16.1,50.0,50.0,39.8,0,12.0,0.0,0.0,0.0,74.7,62.6,0,29.6,596
sale,1 Bedroom Apartment,2530000,1,1,56 m²,Stellenbosch Central,Stellenbosch Central,Stellenbosch,https://www.property24.com/for-sale/stellenbosch-central/stellenbosch/western-cape/8566/116470740,,,"Welcome to 95 on Bird, a stunning new development offering an unparalleled lifestyle in the heart of Stellenbosch. This exclusive ...",,,8500,102000,4.03,False,,11250.0,135000.0,rental_suburb,600,1581.0,3162.0,0.0,1200,45675.0,0.0181,5.34,18.74,0.44,0.5817,69600.0,50000,647100.0,2024000.0,20891.0,-17085.0,-205023.0,-0.3168,0.18,2.4387,570938.0,-77.43,45179.0,55882.0,-19.15,3036000.0,2428800.0,404800.0,242300.0,-21264.0,-1.28,3013270.0,3385711.0,4530845.0,686425.0,1838074.0,1547637.0,1041637.0,-1002971.0,-316546.0,-0.4892,-0.1257,0.0706,28,87,0.54,1.2,0.4083,16.1,50.0,50.0,39.8,0,12.0,0.0,0.0,0.0,74.7,62.6,0,29.6,597
sale,3 Bedroom House,2650000,3,1,729 m²,9 Waveren Street,Tulbagh,Tulbagh,https://www.property24.com/for-sale/tulbagh/tulbagh/western-cape/7608/116886973,,,"This well-maintained family home for sale in Tulbagh is located in a quiet, established ...",,https://images.prop24.com/241272188/Ensure264x153,6000,72000,2.72,False,,6000.0,72000.0,csv_estimate,300,1656.0,3312.0,0.0,1200,-11385.0,-0.0043,2.72,36.81,0.23,1.0781,79200.0,50000,680700.0,2120000.0,21882.0,-22831.0,-273974.0,-0.4025,-0.04,4.7252,-103500.0,-103.91,3635.0,4597.0,-20.93,3180000.0,2544000.0,424000.0,256700.0,-27208.0,-1.79,3156192.0,3546298.0,4745746.0,718983.0,1925255.0,1621042.0,1091042.0,-1380832.0,-661849.0,-0.9723,-0.5119,-0.0167,0,16,0.0,,0.6239,0.0,50.0,50.0,35.0,0,-2.9,0.0,0.0,0.0,73.5,62.3,100,29.6,598
sale,3 Bedroom House,3023290,3,2,585 m²,Rawsonville,Rawsonville,Worcester,https://www.property24.com/for-sale/rawsonville/worcester/western-cape/7616/116226540,,,"Your dream 3-bedroom home with double garage on a generous 585m2 plot – now available on a Plot & Plan basis!

Discover the best of ...",,https://images.prop24.com/103291119/Ensure264x153,7000,84000,2.78,False,,8300.0,99600.0,rental_area_q1,400,1890.0,3779.0,0.0,1200,4408.0,0.0015,3.29,30.35,0.27,0.8757,109918.0,50000,786076.0,2418632.0,24965.0,-24598.0,-295170.0,-0.3755,0.01,3.8836,44080.0,-98.54,5168.0,7365.0,-29.83,3627948.0,2902358.0,483726.0,302349.0,-29590.0,-1.64,3600787.0,4045844.0,5414252.0,820262.0,2196455.0,1849389.0,1244731.0,-1478174.0,-657912.0,-0.837,-0.3042,0.0056,0,13,0.08,,0.6076,0.0,50.0,50.0,35.0,0,1.0,0.0,0.0,0.0,69.8,61.5,100,29.6,599
sale,2 Bedroom House,3200000,2,2,400 m²,"1978 Kloof Street, 10 Shiraz Estate",Riebeek Kasteel,Riebeek Valley,https://www.property24.com/for-sale/riebeek-kasteel/riebeek-valley/western-cape/7911/116686141,,,"SOLE & EXCLUSIVE:  Discover the perfect blend of comfort, style, and tranquility in ...",,https://images.prop24.com/185178535/Ensure264x153,7000,84000,2.62,False,,18500.0,222000.0,rental_suburb,350,2000.0,4000.0,0.0,1200,113640.0,0.0355,6.94,14.41,0.58,0.4081,129356.0,50000,840856.0,2560000.0,26424.0,-16954.0,-203448.0,-0.242,0.36,1.8364,1262667.0,-60.54,8000.0,4781.0,67.31,3840000.0,3072000.0,512000.0,328856.0,-22239.0,-0.86,3811251.0,4282322.0,5730713.0,868206.0,2324837.0,1957485.0,1317485.0,-956280.0,-88074.0,-0.1047,-0.0219,0.1351,2,27,0.3,0.0,0.3315,0.0,50.0,50.0,35.0,0,23.7,0.0,0.0,0.0,68.0,60.9,80,29.6,600
sale,1 Bedroom Townhouse,2395000,1,2,159 m²,Darling,Darling,Darling,https://www.property24.com/for-sale/darling/darling/western-cape/7920/116974486,,,"Phase One Now Selling - Limited Opportunity

Introducing Oude Post Village at Darling Green Country Estate in the charming town of ...",,https://images.prop24.com/367510794/Ensure264x153,4500,54000,2.25,False,,4500.0,54000.0,csv_estimate,300,1497.0,2994.0,0.0,1200,-22208.0,-0.0093,2.25,44.35,0.19,1.3313,58800.0,50000,609300.0,1916000.0,19777.0,-21627.0,-259528.0,-0.4259,-0.09,5.7261,-222075.0,-109.27,15063.0,7488.0,101.16,2874000.0,2299200.0,383200.0,226100.0,-25583.0,-1.92,2852483.0,3205050.0,4289080.0,649798.0,1739995.0,1465055.0,986055.0,-1314572.0,-664774.0,-1.091,0.0,-0.0364,0,10,0.0,,0.4698,0.0,50.0,50.0,35.0,0,-6.2,0.0,0.0,0.0,76.0,62.9,100,29.6,601
sale,3 Bedroom House,3750000,3,2,183 m²,Buitenverwagting,Buitenverwagting,Paarl,https://www.property24.com/for-sale/buitenverwagting/paarl/western-cape/16388/116811620,,,"- Eksklusiewe Alleenmandaat -

Kom maak jouself tuis in hierdie rustige, boomryke straat naby die prag Paarlrots.

Hierdie ...",,https://images.prop24.com/252580558/Ensure264x153,9500,114000,3.04,False,,19000.0,228000.0,rental_suburb,1702.0,2344.0,4688.0,0.0,1200,90566.0,0.0242,6.08,16.45,0.51,0.5228,189856.0,50000,1011356.0,3000000.0,30966.0,-23418.0,-281022.0,-0.2779,0.24,2.1526,1006292.0,-73.17,20492.0,20492.0,0.0,4500000.0,3600000.0,600000.0,411356.0,-29612.0,-1.08,4466310.0,5018346.0,6715679.0,1017429.0,2724418.0,2293928.0,1543928.0,-1359155.0,-341727.0,-0.3379,-0.0792,0.0895,1,2,1.0,0.0,0.0,0.0,50.0,51.0,35.2,0,16.1,0.0,0.0,0.0,62.5,59.3,90,29.5,602
sale,3 Bedroom House,2995000,3,2,200 m²,63 Mountain Crest,Mountain Crest Private Estate,Paarl,https://www.property24.com/for-sale/mountain-crest-private-estate/paarl/western-cape/25479/116865985,,,"Discover cozy, efficient family living in the sought-after Mountain Crest Private ...",,https://images.prop24.com/252834057/Ensure264x153,9500,114000,3.81,False,,7000.0,84000.0,rental_area_q1,1324.0,1872.0,3744.0,0.0,1200,-20392.0,-0.0068,2.8,35.65,0.23,1.1628,106806.0,50000,777306.0,2396000.0,24731.0,-26431.0,-317167.0,-0.408,-0.07,4.6958,-226578.0,-107.57,14975.0,14062.0,6.49,3594000.0,2875200.0,479200.0,298106.0,-31377.0,-1.83,3567093.0,4007986.0,5363589.0,812586.0,2175902.0,1832084.0,1233084.0,-1603154.0,-790567.0,-1.0171,0.0,-0.0262,0,5,0.0,,0.2095,0.0,50.0,51.0,35.2,0,-4.5,0.0,0.0,0.0,70.0,61.6,100,29.5,603
sale,3 Bedroom House,3750000,3,2,183 m²,Buitenverwagting,Buitenverwagting,Paarl,https://www.property24.com/for-sale/buitenverwagting/paarl/western-cape/16388/116947000,,,"- Eksklusiewe Alleenmandaat -

Kom maak jouself tuis in hierdie rustige, boomryke straat naby die prag Paarlrots.

Hierdie ...",,https://images.prop24.com/371931836/Crop600x400,9500,114000,3.04,False,,19000.0,228000.0,rental_suburb,1702.0,2344.0,4688.0,0.0,1200,90566.0,0.0242,6.08,16.45,0.51,0.5228,189856.0,50000,1011356.0,3000000.0,30966.0,-23418.0,-281022.0,-0.2779,0.24,2.1526,1006292.0,-73.17,20492.0,20492.0,0.0,4500000.0,3600000.0,600000.0,411356.0,-29612.0,-1.08,4466310.0,5018346.0,6715679.0,1017429.0,2724418.0,2293928.0,1543928.0,-1359155.0,-341727.0,-0.3379,-0.0792,0.0895,1,2,1.0,0.0,0.0,0.0,50.0,51.0,35.2,0,16.1,0.0,0.0,0.0,62.5,59.3,90,29.5,604
sale,3 Bedroom House,2995000,3,3,200 m²,Mountain Crest Private Estate,Mountain Crest Private Estate,Paarl,https://www.property24.com/for-sale/mountain-crest-private-estate/paarl/western-cape/25479/116482280,,,"This modern 3-bedroom, 2.5-bathroom home is ideally positioned within the highly sought-after Mountain Crest Private Estate, offering ...",,https://images.prop24.com/72874115/Ensure264x153,9500,114000,3.81,False,,7000.0,84000.0,rental_area_q1,1324.0,1872.0,3744.0,0.0,1200,-20392.0,-0.0068,2.8,35.65,0.23,1.1628,106806.0,50000,777306.0,2396000.0,24731.0,-26431.0,-317167.0,-0.408,-0.07,4.6958,-226578.0,-107.57,14975.0,14062.0,6.49,3594000.0,2875200.0,479200.0,298106.0,-31377.0,-1.83,3567093.0,4007986.0,5363589.0,812586.0,2175902.0,1832084.0,1233084.0,-1603154.0,-790567.0,-1.0171,0.0,-0.0262,0,5,0.0,,0.2095,0.0,50.0,51.0,35.2,0,-4.5,0.0,0.0,0.0,70.0,61.6,100,29.5,605
sale,1 Bedroom Apartment,2650000,1,1,26 m²,Stellenbosch Central,Stellenbosch Central,Stellenbosch,https://www.property24.com/for-sale/stellenbosch-central/stellenbosch/western-cape/8566/117054214,,,"Perfectly positioned in the vibrant heart of Stellenbosch, this beautifully designed  GROUND FLOOR apartment offers an exceptional ...",,https://images.prop24.com/242461081/Ensure264x153,8500,102000,3.85,False,,11250.0,135000.0,rental_suburb,600,1656.0,3312.0,0.0,1200,42975.0,0.0162,5.09,19.63,0.42,0.6017,79200.0,50000,680700.0,2120000.0,21882.0,-18301.0,-219614.0,-0.3226,0.16,2.5468,537188.0,-79.73,101923.0,55882.0,82.39,3180000.0,2544000.0,424000.0,256700.0,-22678.0,-1.32,3156192.0,3546298.0,4745746.0,718983.0,1925255.0,1621042.0,1091042.0,-1077645.0,-358662.0,-0.5269,-0.139,0.0631,28,87,0.54,1.2,0.4083,16.1,50.0,50.0,39.8,0,10.8,0.0,0.0,0.0,73.5,62.3,0,29.5,606
sale,2 Bedroom House,3750000,2,2,118 m²,95 Voliere Estate Street,Voliere Estate,Stellenbosch,https://www.property24.com/for-sale/voliere-estate/stellenbosch/western-cape/33652/116545372,,,"This modern 2-bedroom, 2-bathroom freehold home offers effortless living in a secure and ...",,https://images.prop24.com/233852929/Ensure264x153,12000,144000,3.84,False,,14000.0,168000.0,rental_area_q1,600,2344.0,4688.0,0.0,1200,48585.0,0.013,4.48,22.32,0.37,0.6308,189856.0,50000,1011356.0,3000000.0,30966.0,-26917.0,-323003.0,-0.3194,0.13,2.8426,607312.0,-83.8,31780.0,27602.0,15.14,4500000.0,3600000.0,600000.0,411356.0,-33110.0,-1.33,4466310.0,5018346.0,6715679.0,1017429.0,2724418.0,2293928.0,1543928.0,-1592717.0,-575288.0,-0.5688,-0.1549,0.048,0,21,0.0,,0.2742,0.0,50.0,50.0,35.0,0,8.6,0.0,0.0,0.0,62.5,59.3,100,29.5,607
sale,1 Bedroom Apartment,2650000,1,1,52 m²,Stellenbosch Central,Stellenbosch Central,Stellenbosch,https://www.property24.com/for-sale/stellenbosch-central/stellenbosch/western-cape/8566/116568853,,,"The Courtyard suite 

This charming one-bedroom apartment is conveniently located close to campus, offering excellent accessibility ...",,,8500,102000,3.85,False,,11250.0,135000.0,rental_suburb,600,1656.0,3312.0,0.0,1200,42975.0,0.0162,5.09,19.63,0.42,0.6017,79200.0,50000,680700.0,2120000.0,21882.0,-18301.0,-219614.0,-0.3226,0.16,2.5468,537188.0,-79.73,50962.0,55882.0,-8.81,3180000.0,2544000.0,424000.0,256700.0,-22678.0,-1.32,3156192.0,3546298.0,4745746.0,718983.0,1925255.0,1621042.0,1091042.0,-1077645.0,-358662.0,-0.5269,-0.139,0.0631,28,87,0.54,1.2,0.4083,16.1,50.0,50.0,39.8,0,10.8,0.0,0.0,0.0,73.5,62.3,0,29.5,608
sale,3 Bedroom Townhouse,2775000,3,3,295 m²,Ceres,Ceres,Ceres,https://www.property24.com/for-sale/ceres/ceres/western-cape/7612/114532776,,,This three-bedroom townhouse is situated in a quiet complex in the very popular neighborhood of Ceres. All three bedrooms come with ...,,https://images.prop24.com/332350157/Crop600x400,6000,72000,2.59,False,,6000.0,72000.0,csv_estimate,300,1734.0,3469.0,0.0,1200,-14198.0,-0.0051,2.59,38.54,0.22,1.1172,89200.0,50000,715700.0,2220000.0,22915.0,-24098.0,-289172.0,-0.404,-0.05,4.9363,-129068.0,-104.65,9407.0,8288.0,13.5,3330000.0,2664000.0,444000.0,271700.0,-28681.0,-1.8,3305069.0,3713576.0,4969602.0,752897.0,2016069.0,1697507.0,1142507.0,-1458617.0,-705720.0,-0.9861,-0.5745,-0.0198,0,16,0.0,,0.2232,0.0,50.0,50.0,35.0,0,-3.4,0.0,0.0,0.0,72.2,62.0,100,29.5,609
sale,3 Bedroom House,3153272,3,2,570 m²,Worcester Rural,Worcester Rural,Worcester,https://www.property24.com/for-sale/worcester-rural/worcester/western-cape/16610/116140130,,,Lovely 3 bedroom home for sale on a plot and plan basis in the beautiful Boland town of Rawsonville. Located right next to the ...,,https://images.prop24.com/362891204/Ensure264x153,7000,84000,2.66,False,,8300.0,99600.0,rental_area_q1,400,1971.0,3942.0,0.0,1200,1483.0,0.0005,3.16,31.66,0.26,0.9051,124216.0,50000,826370.0,2522618.0,26038.0,-25915.0,-310975.0,-0.3763,0.0,4.0422,14834.0,-99.53,5532.0,8018.0,-31.0,3783926.0,3027141.0,504524.0,321847.0,-31122.0,-1.65,3755597.0,4219789.0,5647030.0,855528.0,2290888.0,1928901.0,1298247.0,-1559060.0,-703532.0,-0.8514,-0.317,0.0018,0,8,0.0,,0.7201,0.0,50.0,50.0,35.0,0,0.3,0.0,0.0,0.0,68.5,61.1,100,29.5,610
sale,3 Bedroom House,2250000,3,2,630 m²,33b Piet Retief Street,Robertson,Robertson,https://www.property24.com/for-sale/robertson/robertson/western-cape/16671/116682761,,,"SOLE AND EXCLUSIVE

Versatile, cozy and filled with warmth and love!

You are welcomed ...",,https://images.prop24.com/359511781/Crop600x400,6000,72000,3.2,False,,15000.0,180000.0,rental_suburb,300,1406.0,2812.0,0.0,1200,96975.0,0.0431,8.0,12.5,0.67,0.3812,48786.0,50000,570286.0,1800000.0,18579.0,-10498.0,-125978.0,-0.2209,0.43,1.6199,969750.0,-56.9,3571.0,9366.0,-61.87,2700000.0,2160000.0,360000.0,210286.0,-14214.0,-0.71,2679786.0,3011008.0,4029407.0,610457.0,1634651.0,1376357.0,926357.0,-577380.0,33077.0,0.058,0.0113,0.17,4,56,0.21,0.36,0.3369,0.0,50.0,50.0,35.0,0,28.7,0.0,0.0,0.0,77.5,63.1,60,29.5,611
sale,2 Bedroom House,2600000,2,2,613 m²,3 Conradie Street,Charleston Hill,Paarl,https://www.property24.com/for-sale/charleston-hill/paarl/western-cape/8593/116992083,,,This spacious and well-maintained home offering comfort and great potential. The ...,,https://images.prop24.com/310646377/Ensure264x153,9500,114000,4.38,False,,7500.0,90000.0,rental_suburb,1126.0,1625.0,3250.0,0.0,1200,-3612.0,-0.0014,3.46,28.89,0.29,0.9601,75200.0,50000,666700.0,2080000.0,21470.0,-21771.0,-261247.0,-0.3919,-0.01,3.8227,-40138.0,-101.54,4241.0,3696.0,14.76,3120000.0,2496000.0,416000.0,250700.0,-26064.0,-1.73,3096642.0,3479387.0,4656204.0,705417.0,1888930.0,1590457.0,1070457.0,-1313171.0,-607754.0,-0.9116,-0.3844,-0.0054,1,3,0.67,0.0,0.0236,0.0,50.0,51.0,35.2,0,-0.9,0.0,0.0,0.0,74.0,62.4,90,29.4,612
sale,1 Bedroom Apartment,3350000,1,1,56 m²,Devonbosch Precinct,Devonbosch Precinct,Stellenbosch,https://www.property24.com/for-sale/devonbosch-precinct/stellenbosch/western-cape/33562/116915147,,,"KLEI at Devenbosch
A secure lifestyle precinct in the Greater Stellenbosch area in Cape Town, boasting residential, commercial, retail ...",,https://images.prop24.com/285138330/Ensure264x153,8500,102000,3.04,False,,9100.0,109200.0,rental_area_q1,600,2094.0,4188.0,0.0,1200,3489.0,0.001,3.26,30.68,0.27,0.888,145856.0,50000,887356.0,2680000.0,27663.0,-27372.0,-328463.0,-0.3702,0.01,3.9279,43612.0,-98.7,59821.0,56375.0,6.11,4020000.0,3216000.0,536000.0,351356.0,-32904.0,-1.62,3989904.0,4483056.0,5999340.0,908903.0,2433813.0,2049242.0,1379242.0,-1645717.0,-736814.0,-0.8303,-0.2987,0.0039,0,9,0.0,,0.2264,0.0,50.0,50.0,35.0,0,0.7,0.0,0.0,0.0,66.5,60.4,100,29.4,613
sale,3 Bedroom House,3995000,3,3,192 m²,"111 Francolin Street, Voliere",Welgevonden,Stellenbosch,https://www.property24.com/for-sale/welgevonden/stellenbosch/western-cape/33064/115281604,,,Experience luxury living or investment potential in this exclusive 3-bedroom home ...,,https://images.prop24.com/233852929/Ensure264x153,12000,144000,3.6,False,,20000.0,240000.0,rental_suburb,600,2497.0,4994.0,0.0,1200,109312.0,0.0274,6.01,16.65,0.5,0.4645,216806.0,50000,1087306.0,3196000.0,32989.0,-23879.0,-286552.0,-0.2635,0.28,2.114,1366406.0,-65.8,20807.0,20807.0,0.0,4794000.0,3835200.0,639200.0,448106.0,-30477.0,-1.0,4758109.0,5346211.0,7154437.0,1083901.0,2902413.0,2443798.0,1644798.0,-1375485.0,-291584.0,-0.2682,-0.0605,0.1005,1,1,1.0,0.0,,0.0,50.0,50.0,35.0,0,18.2,0.0,0.0,0.0,60.1,58.8,90,29.4,614
sale,2 Bedroom Apartment,4980000,2,2,107 m²,Stellenbosch Central,Stellenbosch Central,Stellenbosch,https://www.property24.com/for-sale/stellenbosch-central/stellenbosch/western-cape/8566/116631040,,,"Exclusive Sole Mandate.  Twee Pieke is situated in Mostertsdrift – a mere 10-15 minute walk to campus. This spacious two bedroom, two ...",,https://images.prop24.com/186075711/Ensure264x153,12000,144000,2.89,False,mandate,17000.0,204000.0,rental_suburb,600,3112.0,6225.0,0.0,1200,54030.0,0.0108,4.1,24.41,0.34,0.6551,325156.0,50000,1392656.0,3984000.0,41122.0,-36620.0,-439439.0,-0.3155,0.11,3.0741,675375.0,-86.44,46542.0,55882.0,-16.71,5976000.0,4780800.0,796800.0,595856.0,-44844.0,-1.33,5931260.0,6664363.0,8918422.0,1351145.0,3618027.0,3046336.0,2050336.0,-2173281.0,-822136.0,-0.5903,-0.1635,0.0388,16,87,0.54,0.99,0.4083,16.1,50.0,50.0,39.8,30,7.2,0.0,0.0,0.0,50.2,57.2,0,29.4,615
sale,1 Bedroom Apartment,3382500,1,1,60 m²,Devonbosch Precinct,Devonbosch Precinct,Stellenbosch,https://www.property24.com/for-sale/devonbosch-precinct/stellenbosch/western-cape/33562/116821924,,,"Guided by an ethos of nature and gentle urbanity, the Gaia brings a warm, organic calm to Devonbosch, a town in the making where every ...",,https://images.prop24.com/322138770/Ensure264x153,8500,102000,3.02,False,,9100.0,109200.0,rental_area_q1,600,2114.0,4228.0,0.0,1200,2758.0,0.0008,3.23,30.98,0.27,0.8947,149431.0,50000,897431.0,2706000.0,27931.0,-27701.0,-332414.0,-0.3704,0.01,3.9641,34472.0,-98.98,56375.0,56375.0,0.0,4059000.0,3247200.0,541200.0,356231.0,-33287.0,-1.62,4028612.0,4526548.0,6057542.0,917721.0,2457425.0,2069123.0,1392623.0,-1665942.0,-748221.0,-0.8337,-0.3015,0.0031,0,9,0.0,,0.2264,0.0,50.0,50.0,35.0,0,0.5,0.0,0.0,0.0,66.2,60.3,100,29.4,616
sale,3 Bedroom House,3500000,3,2,,Stellenbosch Farms,Stellenbosch Farms,Stellenbosch,https://www.property24.com/for-sale/stellenbosch-farms/stellenbosch/western-cape/8562/116643402,,,Discover comfort and style in this beautifully designed home nestled within the prestigious Nooitgedacht Lifestyle Estate. The property ...,,https://images.prop24.com/369304149/Crop600x400,12000,144000,4.11,False,,19800.0,237600.0,rental_suburb,600,2188.0,4375.0,0.0,1200,118242.0,0.0338,6.79,14.73,0.57,0.4223,162356.0,50000,933856.0,2800000.0,28901.0,-19048.0,-228573.0,-0.2448,0.34,1.882,1478025.0,-57.77,,7746.0,,4200000.0,3360000.0,560000.0,373856.0,-24828.0,-0.88,4168556.0,4683790.0,6267967.0,949600.0,2542790.0,2140999.0,1440999.0,-1079777.0,-130177.0,-0.1394,-0.0296,0.1266,2,4,1.5,0.0,0.7346,0.0,50.0,50.0,35.0,0,22.5,0.0,0.0,0.0,65.0,60.0,80,29.4,617
sale,3 Bedroom House,2950000,3,2,1 077 m²,38 Skurweberg Avenue,Ceres,Ceres,https://www.property24.com/for-sale/ceres/ceres/western-cape/7612/116493383,,,Discover refined living in one of Ceres’ most sought-after addresses – the prestigious ...,,https://images.prop24.com/241272188/Ensure264x153,6000,72000,2.44,False,,6000.0,72000.0,csv_estimate,300,1844.0,3688.0,0.0,1200,-18135.0,-0.0061,2.44,40.97,0.2,1.1719,103200.0,50000,764700.0,2360000.0,24360.0,-25871.0,-310451.0,-0.406,-0.06,5.2318,-164864.0,-105.59,,8288.0,,3540000.0,2832000.0,472000.0,292700.0,-30743.0,-1.82,3513497.0,3947765.0,5283001.0,800377.0,2143209.0,1804557.0,1214557.0,-1567517.0,-767140.0,-1.0032,0.0,-0.0237,0,16,0.0,,0.2232,0.0,50.0,50.0,35.0,0,-4.1,0.0,0.0,0.0,70.5,61.7,100,29.4,618
sale,3 Bedroom House,2300000,3,2,1 097 m²,36a Albert Street,Robertson,Robertson,https://www.property24.com/for-sale/robertson/robertson/western-cape/16671/116414774,,,"Set on a generous plot, this comfortably laid out home offers an exceptional amount of ...",,https://images.prop24.com/233852929/Ensure264x153,6000,72000,3.13,False,,15000.0,180000.0,rental_suburb,300,1438.0,2875.0,0.0,1200,95850.0,0.0417,7.83,12.78,0.65,0.3875,51786.0,50000,583286.0,1840000.0,18992.0,-11005.0,-132057.0,-0.2264,0.42,1.6537,958500.0,-58.33,,9366.0,,2760000.0,2208000.0,368000.0,215286.0,-14803.0,-0.75,2739337.0,3077919.0,4118950.0,624023.0,1670976.0,1406942.0,946942.0,-608495.0,15528.0,0.0266,0.0053,0.1643,4,56,0.21,0.36,0.3369,0.0,50.0,50.0,35.0,0,27.8,0.0,0.0,0.0,77.0,63.1,60,29.4,619
sale,Farm,4800000,1,0,634 ha,Montagu Rural,Montagu Rural,Montagu,https://www.property24.com/for-sale/montagu-rural/montagu/western-cape/16612/116973483,,,"Exclusive Dual Mandate -  Escape to true countryside freedom with this rugged, off-the-grid farm nestled in unspoiled mountain terrain. ...",,https://images.prop24.com/373497860/Ensure264x153,4500,54000,1.12,False,mandate,4500.0,54000.0,csv_estimate,250,3000.0,6000.0,0.0,1200,-75720.0,-0.0158,1.12,88.89,0.09,2.3222,305356.0,50000,1336856.0,3840000.0,39636.0,-45946.0,-551352.0,-0.4124,-0.16,11.1302,-757200.0,-115.78,,,,5760000.0,4608000.0,768000.0,568856.0,-53873.0,-1.89,5716877.0,6423483.0,8596069.0,1302309.0,3487255.0,2936228.0,1976228.0,-2807785.0,-1505476.0,-1.1261,0.0,-0.0566,0,8,0.0,,0.2455,0.0,50.0,50.0,35.0,30,-10.5,0.0,0.0,0.0,52.0,57.4,100,29.4,620
sale,Farm,4800000,1,0,634 ha,Montagu Rural,Montagu Rural,Montagu,https://www.property24.com/for-sale/montagu-rural/montagu/western-cape/16612/116788345,,,"Exclusive Dual Mandate -  Escape to true countryside freedom with this rugged, off-the-grid farm nestled in unspoiled mountain terrain. ...",,https://images.prop24.com/373497860/Ensure264x153,4500,54000,1.12,False,mandate,4500.0,54000.0,csv_estimate,250,3000.0,6000.0,0.0,1200,-75720.0,-0.0158,1.12,88.89,0.09,2.3222,305356.0,50000,1336856.0,3840000.0,39636.0,-45946.0,-551352.0,-0.4124,-0.16,11.1302,-757200.0,-115.78,,,,5760000.0,4608000.0,768000.0,568856.0,-53873.0,-1.89,5716877.0,6423483.0,8596069.0,1302309.0,3487255.0,2936228.0,1976228.0,-2807785.0,-1505476.0,-1.1261,0.0,-0.0566,0,8,0.0,,0.2455,0.0,50.0,50.0,35.0,30,-10.5,0.0,0.0,0.0,52.0,57.4,100,29.4,621
sale,3 Bedroom House,2950000,3,2,1 356 m²,Montagu,Montagu,Montagu,https://www.property24.com/for-sale/montagu/montagu/western-cape/7595/116636707,,,"SOLE AND EXCLUSIVE

This awe-inspiring house will speak for itself! Enjoy the serenity and simplicity of small town ...",,https://images.prop24.com/255290839/Ensure264x153,6000,72000,2.44,False,,6000.0,72000.0,csv_estimate,250,1844.0,3688.0,0.0,1200,-17535.0,-0.0059,2.44,40.97,0.2,1.1635,103200.0,50000,764700.0,2360000.0,24360.0,-25821.0,-309851.0,-0.4052,-0.06,5.2235,-175350.0,-105.94,,3921.0,,3540000.0,2832000.0,472000.0,292700.0,-30693.0,-1.81,3513497.0,3947765.0,5283001.0,800377.0,2143209.0,1804557.0,1214557.0,-1564135.0,-763758.0,-0.9988,-0.7381,-0.0229,0,21,0.0,,0.529,0.0,50.0,50.0,35.0,0,-4.0,0.0,0.0,0.0,70.5,61.7,100,29.4,622
sale,3 Bedroom House,2950000,3,3,1 226 m²,14 Van Riebeeck Street,Montagu,Montagu,https://www.property24.com/for-sale/montagu/montagu/western-cape/7595/116194673,,,"Exclusive Mandate - With a little love and creativity, this warm and welcoming home can ...",,https://images.prop24.com/360923012/Crop600x400,6000,72000,2.44,False,,6000.0,72000.0,csv_estimate,250,1844.0,3688.0,0.0,1200,-17535.0,-0.0059,2.44,40.97,0.2,1.1635,103200.0,50000,764700.0,2360000.0,24360.0,-25821.0,-309851.0,-0.4052,-0.06,5.2235,-175350.0,-105.94,,3921.0,,3540000.0,2832000.0,472000.0,292700.0,-30693.0,-1.81,3513497.0,3947765.0,5283001.0,800377.0,2143209.0,1804557.0,1214557.0,-1564135.0,-763758.0,-0.9988,-0.7381,-0.0229,0,21,0.0,,0.529,0.0,50.0,50.0,35.0,0,-4.0,0.0,0.0,0.0,70.5,61.7,100,29.4,623
sale,2 Bedroom House,3500000,2,2,1 000 m²,3 Piedmond Close,Riebeek West,Riebeek Valley,https://www.property24.com/for-sale/riebeek-west/riebeek-valley/western-cape/7910/116902315,,,Sole and exclusive mandate.  The almost rustic appearance of this delightful property ...,,https://images.prop24.com/185178535/Ensure264x153,7000,84000,2.4,False,,15000.0,180000.0,rental_suburb,350,2188.0,4375.0,0.0,1200,68250.0,0.0195,5.14,19.44,0.43,0.5408,162356.0,50000,933856.0,2800000.0,28901.0,-23214.0,-278565.0,-0.2983,0.2,2.4676,758333.0,-78.33,,5483.0,,4200000.0,3360000.0,560000.0,373856.0,-28994.0,-1.2,4168556.0,4683790.0,6267967.0,949600.0,2542790.0,2140999.0,1440999.0,-1358619.0,-409019.0,-0.438,-0.1089,0.0731,1,15,0.2,0.0,0.5219,0.0,50.0,50.0,35.0,0,13.0,0.0,0.0,0.0,65.0,60.0,90,29.4,624
sale,3 Bedroom House,3350000,3,3,849 m²,Riebeek Kasteel,Riebeek Kasteel,Riebeek Valley,https://www.property24.com/for-sale/riebeek-kasteel/riebeek-valley/western-cape/7911/116817178,,,"SOLE MANDATE 
Situated within walking distance of the village centre, this charming 3-bedroom cottage in Riebeek Kasteel offers relaxed ...",,https://images.prop24.com/72874115/Ensure264x153,7000,84000,2.51,False,mandate,18000.0,216000.0,rental_suburb,350,2094.0,4188.0,0.0,1200,104745.0,0.0313,6.45,15.51,0.54,0.4351,145856.0,50000,887356.0,2680000.0,27663.0,-18934.0,-227207.0,-0.256,0.32,1.9719,1163833.0,-65.26,3946.0,4781.0,-17.48,4020000.0,3216000.0,536000.0,351356.0,-24466.0,-0.95,3989904.0,4483056.0,5999340.0,908903.0,2433813.0,2049242.0,1379242.0,-1080430.0,-171527.0,-0.1933,-0.0421,0.118,5,27,0.3,0.19,0.3315,0.0,50.0,50.0,35.0,30,20.8,0.0,0.0,0.0,66.5,60.4,50,29.4,625
sale,3 Bedroom Apartment,3228000,3,2,130 m²,Honeydew Country Estate,Honeydew Country Estate,Paarl,https://www.property24.com/for-sale/honeydew-country-estate/paarl/western-cape/33199/117035316,,,"Located in the popular Honeydew Country Estate, this spacious 3-bedroom apartment in Honeydew Country Estate (known as Oak Lodge) ...",,https://images.prop24.com/72874115/Ensure264x153,9500,114000,3.53,False,,7000.0,84000.0,rental_area_q1,1440.0,2018.0,4035.0,0.0,1200,-27034.0,-0.0084,2.6,38.43,0.22,1.2418,132436.0,50000,849536.0,2582400.0,26655.0,-28908.0,-346897.0,-0.4083,-0.08,5.0497,-300376.0,-109.31,24831.0,20732.0,19.77,3873600.0,3098880.0,516480.0,333056.0,-34239.0,-1.84,3844600.0,4319792.0,5780856.0,875803.0,2345179.0,1974613.0,1329013.0,-1756034.0,-880231.0,-1.0361,0.0,-0.0318,0,12,0.08,,0.1833,0.0,50.0,51.0,35.2,0,-5.6,0.0,0.0,0.0,67.7,60.8,100,29.3,626
sale,3 Bedroom Townhouse,3150000,3,2,130 m²,"9 Oak Lodges, Chrenshaw Avenue",Honeydew Country Estate,Paarl,https://www.property24.com/for-sale/honeydew-country-estate/paarl/western-cape/33199/116741115,,,"Discover comfortable, secure estate living in this beautifully designed 3-bedroom duplex ...",,https://images.prop24.com/322138770/Ensure264x153,9500,114000,3.62,False,,7000.0,84000.0,rental_area_q1,1401.0,1969.0,3938.0,0.0,1200,-24810.0,-0.0079,2.67,37.5,0.22,1.2154,123856.0,50000,825356.0,2520000.0,26011.0,-28079.0,-336944.0,-0.4082,-0.08,4.9312,-275671.0,-108.75,24231.0,20732.0,16.88,3780000.0,3024000.0,504000.0,321356.0,-33281.0,-1.84,3751700.0,4215411.0,5641170.0,854640.0,2288511.0,1926899.0,1296899.0,-1704855.0,-850215.0,-1.0301,0.0,-0.0301,0,12,0.08,,0.1833,0.0,50.0,51.0,35.2,0,-5.3,0.0,0.0,0.0,68.5,61.1,100,29.3,627
sale,1 Bedroom Apartment,2850000,1,1,55 m²,"316 Edge, 1 Paul Kruger Street",Stellenbosch Central,Stellenbosch,https://www.property24.com/for-sale/stellenbosch-central/stellenbosch/western-cape/8566/116695000?plId=2340238&plt=4,,,"Experience modern, secure student living at EDGE in Stellenbosch. This premium ground-floor 1-bedroom Hybrid Apartment offers a spacious open-plan layout with two private balconies ...",,https://images.prop24.com/231919498/Ensure528x153,8500,102000,3.58,False,,11250.0,135000.0,rental_suburb,600,1781.0,3562.0,0.0,1200,38475.0,0.0135,4.74,21.11,0.39,0.635,95200.0,50000,736700.0,2280000.0,23534.0,-20328.0,-243932.0,-0.3311,0.14,2.7269,480938.0,-83.12,51818.0,55882.0,-7.27,3420000.0,2736000.0,456000.0,280700.0,-25034.0,-1.37,3394396.0,3813943.0,5103916.0,773246.0,2070558.0,1743385.0,1173385.0,-1202102.0,-428856.0,-0.5821,-0.1601,0.0522,28,87,0.54,1.2,0.4083,16.1,50.0,50.0,39.8,0,9.0,0.0,0.0,0.0,71.5,61.9,0,29.3,628
sale,3 Bedroom Apartment,3150000,3,2,76 m²,Newinbosch,Newinbosch,Stellenbosch,https://www.property24.com/for-sale/newinbosch/stellenbosch/western-cape/33422/117014642,,,"This beautifully appointed 3 bed / 2 bath apartment is situated on the third floor of Block F, offering elevated views towards the ...",,https://images.prop24.com/375585982/Crop600x400,12000,144000,4.57,False,,20000.0,240000.0,rental_suburb,600,1969.0,3938.0,0.0,1200,128325.0,0.0407,7.62,13.12,0.63,0.3853,123856.0,50000,825356.0,2520000.0,26011.0,-15317.0,-183809.0,-0.2227,0.41,1.6859,1604062.0,-49.08,41447.0,21226.0,95.27,3780000.0,3024000.0,504000.0,321356.0,-20520.0,-0.74,3751700.0,4215411.0,5641170.0,854640.0,2288511.0,1926899.0,1296899.0,-849654.0,4986.0,0.006,0.0012,0.1555,3,49,0.57,0.1,0.3095,0.0,50.0,50.0,35.0,0,27.2,0.0,0.0,0.0,68.5,61.1,70,29.3,629
sale,1 Bedroom Apartment,2849000,1,1,30 m²,Stellenbosch Central,Stellenbosch Central,Stellenbosch,https://www.property24.com/for-sale/stellenbosch-central/stellenbosch/western-cape/8566/117019242,,,This is more than just student housing; it’s a lifestyle investment in one of South Africa’s most prestigious university towns. Located ...,,https://images.prop24.com/332501504/Ensure264x153,8500,102000,3.58,False,,11250.0,135000.0,rental_suburb,600,1781.0,3561.0,0.0,1200,38498.0,0.0135,4.74,21.1,0.39,0.6348,95120.0,50000,736420.0,2279200.0,23526.0,-20318.0,-243810.0,-0.3311,0.14,2.726,481219.0,-83.11,94967.0,55882.0,69.94,3418800.0,2735040.0,455840.0,280580.0,-25023.0,-1.37,3393205.0,3812605.0,5102125.0,772974.0,2069831.0,1742773.0,1172973.0,-1201480.0,-428505.0,-0.5819,-0.16,0.0523,28,87,0.54,1.2,0.4083,16.1,50.0,50.0,39.8,0,9.0,0.0,0.0,0.0,71.5,61.9,0,29.3,630
sale,2 Bedroom House,3995000,2,2,169 m²,70 Voliere Estate,Voliere Estate,Stellenbosch,https://www.property24.com/for-sale/voliere-estate/stellenbosch/western-cape/33652/116753027,,,"Don’t miss out on this exceptionally priced 2-bedroom, 2-bathroom plot-and-plan unit in ...",,https://images.prop24.com/370977190/Crop600x400,12000,144000,3.6,False,,14000.0,168000.0,rental_area_q1,600,2497.0,4994.0,0.0,1200,43072.0,0.0108,4.21,23.78,0.35,0.6636,216806.0,50000,1087306.0,3196000.0,32989.0,-29399.0,-352792.0,-0.3245,0.11,3.02,538406.0,-86.52,23639.0,27602.0,-14.36,4794000.0,3835200.0,639200.0,448106.0,-35997.0,-1.36,4758109.0,5346211.0,7154437.0,1083901.0,2902413.0,2443798.0,1644798.0,-1745176.0,-661276.0,-0.6082,-0.1709,0.0396,0,21,0.0,,0.2742,0.0,50.0,50.0,35.0,0,7.2,0.0,0.0,0.0,60.1,58.8,100,29.3,631
sale,1 Bedroom Apartment,2850000,1,1,51 m²,2 Paul Kruger Street,Dennesig,Stellenbosch,https://www.property24.com/for-sale/dennesig/stellenbosch/western-cape/8529/116666119,,,"Tenanted till end of Nov 2026 @ R 17 400 pm

This 1-bedroom ground-floor unit in The ...",,https://images.prop24.com/256559818/Ensure264x153,8500,102000,3.58,False,,12615.0,151380.0,rental_suburb,600,1781.0,3562.0,0.0,1200,53545.0,0.0188,5.31,18.83,0.44,0.5663,95200.0,50000,736700.0,2280000.0,23534.0,-19072.0,-228862.0,-0.3107,0.19,2.4318,669308.0,-76.52,55882.0,73641.0,-24.11,3420000.0,2736000.0,456000.0,280700.0,-23779.0,-1.25,3394396.0,3813943.0,5103916.0,773246.0,2070558.0,1743385.0,1173385.0,-1117997.0,-344751.0,-0.468,-0.1186,0.0727,2,14,0.21,0.22,0.2863,0.0,50.0,50.0,35.0,0,12.5,0.0,0.0,0.0,71.5,61.9,80,29.3,632
sale,1 Bedroom Apartment,2850000,1,1,51 m²,1 Paul Kruger Street,Stellenbosch Central,Stellenbosch,https://www.property24.com/for-sale/stellenbosch-central/stellenbosch/western-cape/8566/116337937,,,Whether you’re an investor looking for strong rental returns or a parent seeking safe ...,,https://images.prop24.com/363312861/Crop600x400,8500,102000,3.58,False,,11250.0,135000.0,rental_suburb,600,1781.0,3562.0,0.0,1200,38475.0,0.0135,4.74,21.11,0.39,0.635,95200.0,50000,736700.0,2280000.0,23534.0,-20328.0,-243932.0,-0.3311,0.14,2.7269,480938.0,-83.12,55882.0,55882.0,0.0,3420000.0,2736000.0,456000.0,280700.0,-25034.0,-1.37,3394396.0,3813943.0,5103916.0,773246.0,2070558.0,1743385.0,1173385.0,-1202102.0,-428856.0,-0.5821,-0.1601,0.0522,28,87,0.54,1.2,0.4083,16.1,50.0,50.0,39.8,0,9.0,0.0,0.0,0.0,71.5,61.9,0,29.3,633
sale,2 Bedroom Apartment,3450000,2,1,59 m²,Stellenbosch Central,Stellenbosch Central,Stellenbosch,https://www.property24.com/for-sale/stellenbosch-central/stellenbosch/western-cape/8566/116680824,,,Exclusive Mandate. Available for occupation in 2026. Experience contemporary comfort in this stunning penthouse apartment offering ...,,https://images.prop24.com/206466645/Ensure264x153,12000,144000,4.17,False,,17000.0,204000.0,rental_suburb,600,2156.0,4312.0,0.0,1200,88455.0,0.0256,5.91,16.91,0.49,0.4864,156856.0,50000,918356.0,2760000.0,28488.0,-21117.0,-253406.0,-0.2759,0.26,2.1622,1105688.0,-67.95,58475.0,55882.0,4.64,4140000.0,3312000.0,552000.0,366356.0,-26815.0,-1.07,4109005.0,4616878.0,6178425.0,936034.0,2506465.0,2110414.0,1420414.0,-1221185.0,-285151.0,-0.3105,-0.0717,0.0963,16,87,0.54,0.99,0.4083,16.1,50.0,50.0,39.8,0,17.1,0.0,0.0,0.0,65.5,60.1,0,29.3,634
sale,1 Bedroom Apartment,2850000,1,1,51 m²,Stellenbosch Central,Stellenbosch Central,Stellenbosch,https://www.property24.com/for-sale/stellenbosch-central/stellenbosch/western-cape/8566/116617111,,,Step into modern comfort and convenience — the perfect home for students or young professionals. Whether you’re investing or securing a ...,,https://images.prop24.com/332501828/Ensure264x153,8500,102000,3.58,False,,11250.0,135000.0,rental_suburb,600,1781.0,3562.0,0.0,1200,38475.0,0.0135,4.74,21.11,0.39,0.635,95200.0,50000,736700.0,2280000.0,23534.0,-20328.0,-243932.0,-0.3311,0.14,2.7269,480938.0,-83.12,55882.0,55882.0,0.0,3420000.0,2736000.0,456000.0,280700.0,-25034.0,-1.37,3394396.0,3813943.0,5103916.0,773246.0,2070558.0,1743385.0,1173385.0,-1202102.0,-428856.0,-0.5821,-0.1601,0.0522,28,87,0.54,1.2,0.4083,16.1,50.0,50.0,39.8,0,9.0,0.0,0.0,0.0,71.5,61.9,0,29.3,635
sale,1 Bedroom Apartment,3485000,1,1,60 m²,Devonbosch Precinct,Devonbosch Precinct,Stellenbosch,https://www.property24.com/for-sale/devonbosch-precinct/stellenbosch/western-cape/33562/116805286,,,"Bathed in crisp Winelands light and shaped with meticulous design detail, this 60sqm one-bedroom apartment is more than a place to ...",,https://images.prop24.com/322138770/Ensure264x153,8500,102000,2.93,False,,9100.0,109200.0,rental_area_q1,600,2178.0,4356.0,0.0,1200,452.0,0.0001,3.13,31.91,0.26,0.9159,160706.0,50000,929206.0,2788000.0,28777.0,-28740.0,-344877.0,-0.3712,0.0,4.0782,5644.0,-99.84,58083.0,56375.0,3.03,4182000.0,3345600.0,557600.0,371606.0,-34495.0,-1.63,4150691.0,4663716.0,6241104.0,945530.0,2531892.0,2131824.0,1434824.0,-1729726.0,-784195.0,-0.8439,-0.3103,0.0005,0,9,0.0,,0.2264,0.0,50.0,50.0,35.0,0,0.1,0.0,0.0,0.0,65.1,60.0,100,29.3,636
sale,1 Bedroom Apartment,2850000,1,1,51 m²,Stellenbosch Central,Stellenbosch Central,Stellenbosch,https://www.property24.com/for-sale/stellenbosch-central/stellenbosch/western-cape/8566/116518677,,,"Ideal for those who prefer a little extra space, the 1-bedroom Hybrid apartment at THE EDGE balances functionality with style. ...",,https://images.prop24.com/373504379/Ensure264x153,8500,102000,3.58,False,,11250.0,135000.0,rental_suburb,600,1781.0,3562.0,0.0,1200,38475.0,0.0135,4.74,21.11,0.39,0.635,95200.0,50000,736700.0,2280000.0,23534.0,-20328.0,-243932.0,-0.3311,0.14,2.7269,480938.0,-83.12,55882.0,55882.0,0.0,3420000.0,2736000.0,456000.0,280700.0,-25034.0,-1.37,3394396.0,3813943.0,5103916.0,773246.0,2070558.0,1743385.0,1173385.0,-1202102.0,-428856.0,-0.5821,-0.1601,0.0522,28,87,0.54,1.2,0.4083,16.1,50.0,50.0,39.8,0,9.0,0.0,0.0,0.0,71.5,61.9,0,29.3,637
sale,1 Bedroom Apartment,2850000,1,1,51 m²,1 Paul Kruger Street,Stellenbosch Central,Stellenbosch,https://www.property24.com/for-sale/stellenbosch-central/stellenbosch/western-cape/8566/116987287,,,Whether you’re an investor looking for strong rental returns or a parent seeking safe ...,,https://images.prop24.com/206466645/Ensure264x153,8500,102000,3.58,False,,11250.0,135000.0,rental_suburb,600,1781.0,3562.0,0.0,1200,38475.0,0.0135,4.74,21.11,0.39,0.635,95200.0,50000,736700.0,2280000.0,23534.0,-20328.0,-243932.0,-0.3311,0.14,2.7269,480938.0,-83.12,55882.0,55882.0,0.0,3420000.0,2736000.0,456000.0,280700.0,-25034.0,-1.37,3394396.0,3813943.0,5103916.0,773246.0,2070558.0,1743385.0,1173385.0,-1202102.0,-428856.0,-0.5821,-0.1601,0.0522,28,87,0.54,1.2,0.4083,16.1,50.0,50.0,39.8,0,9.0,0.0,0.0,0.0,71.5,61.9,0,29.3,638
sale,1 Bedroom Apartment,3400000,1,1,61 m²,Koelenhof AH,Koelenhof AH,Stellenbosch,https://www.property24.com/for-sale/koelenhof-ah/stellenbosch/western-cape/16701/116692566,,,"Discover Devonbosch, a next-generation mixed-use precinct by SquareTurn Developments, now launching in Stellenbosch and proudly ...",,https://images.prop24.com/100958998/Ensure264x153,8500,102000,3.0,False,,9100.0,109200.0,rental_area_q1,600,2125.0,4250.0,0.0,1200,2364.0,0.0007,3.21,31.14,0.27,0.8984,151356.0,50000,902856.0,2720000.0,28076.0,-27879.0,-334542.0,-0.3705,0.01,3.9836,29550.0,-99.13,55738.0,54610.0,2.07,4080000.0,3264000.0,544000.0,358856.0,-33494.0,-1.62,4049454.0,4549967.0,6088882.0,922469.0,2470139.0,2079828.0,1399828.0,-1676832.0,-754363.0,-0.8355,-0.303,0.0026,0,5,0.0,,0.3647,0.0,50.0,50.0,35.0,0,0.5,0.0,0.0,0.0,66.0,60.3,100,29.3,639
sale,2 Bedroom Apartment,5995000,2,2,92 m²,Devonbosch Precinct,Devonbosch Precinct,Stellenbosch,https://www.property24.com/for-sale/devonbosch-precinct/stellenbosch/western-cape/33562/115692736,,,SOLE MANDATE | Introducing KLEI at Devonbosch. The Cape Winelands’ first ever purpose-built Aparthotel. KLEI blends personal sanctuary ...,,https://images.prop24.com/190960046/Ensure264x153,12000,144000,2.4,False,mandate,14000.0,168000.0,rental_area_q1,600,3747.0,7494.0,0.0,1200,-1928.0,-0.0003,2.8,35.68,0.23,0.9315,436806.0,50000,1707306.0,4796000.0,49504.0,-49664.0,-595973.0,-0.3491,-0.0,4.4675,-24094.0,-100.4,65163.0,56375.0,15.59,7194000.0,5755200.0,959200.0,748106.0,-59565.0,-1.53,7140141.0,8022662.0,10736132.0,1626529.0,4355436.0,3667226.0,2468226.0,-2989746.0,-1363217.0,-0.7985,-0.2741,-0.0011,0,9,0.0,,0.2264,0.0,50.0,50.0,35.0,30,-0.2,0.0,0.0,0.0,40.0,56.2,100,29.3,640
sale,1 Bedroom Apartment,3400000,1,1,61 m²,Devonbosch Precinct,Devonbosch Precinct,Stellenbosch,https://www.property24.com/for-sale/devonbosch-precinct/stellenbosch/western-cape/33562/116732609,,,"Named for the northern wind, the Boreas brings a sense of crispness and focus to Devonbosch. These qualities are echoed beautifully in ...",,https://images.prop24.com/370615335/Crop600x400,8500,102000,3.0,False,,9100.0,109200.0,rental_area_q1,600,2125.0,4250.0,0.0,1200,2364.0,0.0007,3.21,31.14,0.27,0.8984,151356.0,50000,902856.0,2720000.0,28076.0,-27879.0,-334542.0,-0.3705,0.01,3.9836,29550.0,-99.13,55738.0,56375.0,-1.13,4080000.0,3264000.0,544000.0,358856.0,-33494.0,-1.62,4049454.0,4549967.0,6088882.0,922469.0,2470139.0,2079828.0,1399828.0,-1676832.0,-754363.0,-0.8355,-0.303,0.0026,0,9,0.0,,0.2264,0.0,50.0,50.0,35.0,0,0.5,0.0,0.0,0.0,66.0,60.3,100,29.3,641
sale,1 Bedroom Apartment,3400000,1,1,61 m²,Devonbosch Precinct,Devonbosch Precinct,Stellenbosch,https://www.property24.com/for-sale/devonbosch-precinct/stellenbosch/western-cape/33562/116880083,,,"Named for the northern wind, the Boreas brings a sense of crispness and focus to Devonbosch. These qualities are echoed beautifully in ...",,https://images.prop24.com/370615335/Crop600x400,8500,102000,3.0,False,,9100.0,109200.0,rental_area_q1,600,2125.0,4250.0,0.0,1200,2364.0,0.0007,3.21,31.14,0.27,0.8984,151356.0,50000,902856.0,2720000.0,28076.0,-27879.0,-334542.0,-0.3705,0.01,3.9836,29550.0,-99.13,55738.0,56375.0,-1.13,4080000.0,3264000.0,544000.0,358856.0,-33494.0,-1.62,4049454.0,4549967.0,6088882.0,922469.0,2470139.0,2079828.0,1399828.0,-1676832.0,-754363.0,-0.8355,-0.303,0.0026,0,9,0.0,,0.2264,0.0,50.0,50.0,35.0,0,0.5,0.0,0.0,0.0,66.0,60.3,100,29.3,642
sale,3 Bedroom House,3100000,3,2,613 m²,13 Keerom Street,Montagu,Montagu,https://www.property24.com/for-sale/montagu/montagu/western-cape/7595/116766660,,,"SOLE AND EXCLUSIVE

This beautiful abode is tucked away in a cul-de-sac with ...",,https://images.prop24.com/255290839/Ensure264x153,6000,72000,2.32,False,,6000.0,72000.0,csv_estimate,250,1938.0,3875.0,0.0,1200,-20910.0,-0.0067,2.32,43.06,0.19,1.2104,118356.0,50000,809856.0,2480000.0,25598.0,-27341.0,-328089.0,-0.4051,-0.07,5.4768,-209100.0,-106.75,5057.0,3921.0,28.99,3720000.0,2976000.0,496000.0,313856.0,-32460.0,-1.82,3692150.0,4148499.0,5551628.0,841074.0,2252186.0,1896314.0,1276314.0,-1657478.0,-816403.0,-1.0081,0.0,-0.0258,0,21,0.0,,0.529,0.0,50.0,50.0,35.0,0,-4.5,0.0,0.0,0.0,69.0,61.2,100,29.3,643
sale,3 Bedroom House,3100000,3,3,982 m²,Montagu,Montagu,Montagu,https://www.property24.com/for-sale/montagu/montagu/western-cape/7595/116484159,,,"SOLE AND EXCLUSIVE

Situated in a tranquil and much-loved part of town.
A welcoming covered porch radiates warmth as you soak up the ...",,https://images.prop24.com/255290839/Ensure264x153,6000,72000,2.32,False,,6000.0,72000.0,csv_estimate,250,1938.0,3875.0,0.0,1200,-20910.0,-0.0067,2.32,43.06,0.19,1.2104,118356.0,50000,809856.0,2480000.0,25598.0,-27341.0,-328089.0,-0.4051,-0.07,5.4768,-209100.0,-106.75,3157.0,3921.0,-19.48,3720000.0,2976000.0,496000.0,313856.0,-32460.0,-1.82,3692150.0,4148499.0,5551628.0,841074.0,2252186.0,1896314.0,1276314.0,-1657478.0,-816403.0,-1.0081,0.0,-0.0258,0,21,0.0,,0.529,0.0,50.0,50.0,35.0,0,-4.5,0.0,0.0,0.0,69.0,61.2,100,29.3,644
sale,3 Bedroom House,3100000,3,2,1 006 m²,Montagu,Montagu,Montagu,https://www.property24.com/for-sale/montagu/montagu/western-cape/7595/116550705,,,"SOLE AND EXCLUSIVE

Tucked away in a hidden cul-de-sac in Montagu South, this well-sized, practical and low-maintenance home awaits its ...",,https://images.prop24.com/255290839/Ensure264x153,6000,72000,2.32,False,,6000.0,72000.0,csv_estimate,250,1938.0,3875.0,0.0,1200,-20910.0,-0.0067,2.32,43.06,0.19,1.2104,118356.0,50000,809856.0,2480000.0,25598.0,-27341.0,-328089.0,-0.4051,-0.07,5.4768,-209100.0,-106.75,,3921.0,,3720000.0,2976000.0,496000.0,313856.0,-32460.0,-1.82,3692150.0,4148499.0,5551628.0,841074.0,2252186.0,1896314.0,1276314.0,-1657478.0,-816403.0,-1.0081,0.0,-0.0258,0,21,0.0,,0.529,0.0,50.0,50.0,35.0,0,-4.5,0.0,0.0,0.0,69.0,61.2,100,29.3,645
sale,2 Bedroom Apartment,3450000,2,2,62 m²,Val de Vie Estate,Val de Vie Estate,Paarl,https://www.property24.com/for-sale/val-de-vie-estate/paarl/western-cape/11726/114795272,,,"For individuals 65 years and older.

This modern and spacious one-bedroom, one-bathroom suite forms part of the Simonsberg Block of ...",,https://images.prop24.com/336560883/Crop600x400,9500,114000,3.3,False,,8500.0,102000.0,rental_area_q1,1551.0,2156.0,4312.0,0.0,1200,-16802.0,-0.0049,2.96,33.82,0.25,1.0847,156856.0,50000,918356.0,2760000.0,28488.0,-29889.0,-358663.0,-0.3905,-0.05,4.4363,-186689.0,-105.41,55645.0,59375.0,-6.28,4140000.0,3312000.0,552000.0,366356.0,-35586.0,-1.74,4109005.0,4616878.0,6178425.0,936034.0,2506465.0,2110414.0,1420414.0,-1809274.0,-873240.0,-0.9509,-0.4527,-0.0183,0,28,0.04,,0.3067,0.0,50.0,51.0,35.2,0,-3.2,0.0,0.0,0.0,65.5,60.1,100,29.2,646
sale,2 Bedroom Apartment,3450000,2,2,62 m²,Val de Vie Estate,Val de Vie Estate,Paarl,https://www.property24.com/for-sale/val-de-vie-estate/paarl/western-cape/11726/116831319,,,"For individuals 65 years and older.

This modern and spacious one-bedroom, one-bathroom suite forms part of the Simonsberg Block of ...",,https://images.prop24.com/336560883/Crop600x400,9500,114000,3.3,False,,8500.0,102000.0,rental_area_q1,1551.0,2156.0,4312.0,0.0,1200,-16802.0,-0.0049,2.96,33.82,0.25,1.0847,156856.0,50000,918356.0,2760000.0,28488.0,-29889.0,-358663.0,-0.3905,-0.05,4.4363,-186689.0,-105.41,55645.0,59375.0,-6.28,4140000.0,3312000.0,552000.0,366356.0,-35586.0,-1.74,4109005.0,4616878.0,6178425.0,936034.0,2506465.0,2110414.0,1420414.0,-1809274.0,-873240.0,-0.9509,-0.4527,-0.0183,0,28,0.04,,0.3067,0.0,50.0,51.0,35.2,0,-3.2,0.0,0.0,0.0,65.5,60.1,100,29.2,647
sale,1 Bedroom Apartment,2950000,1,1,25 m²,"- Dempsey, 1878 Stellenbosch Road",Stellenbosch Central,Stellenbosch,https://www.property24.com/for-sale/stellenbosch-central/stellenbosch/western-cape/8566/117063636,,,"Exclusive Mandate

This well-located ground floor studio apartment in the popular ...",,https://images.prop24.com/252834057/Ensure264x153,8500,102000,3.46,False,,11250.0,135000.0,rental_suburb,600,1844.0,3688.0,0.0,1200,36225.0,0.0123,4.58,21.85,0.38,0.6517,103200.0,50000,764700.0,2360000.0,24360.0,-21341.0,-256091.0,-0.3349,0.12,2.817,452812.0,-84.65,118000.0,55882.0,111.16,3540000.0,2832000.0,472000.0,292700.0,-26213.0,-1.4,3513497.0,3947765.0,5283001.0,800377.0,2143209.0,1804557.0,1214557.0,-1264331.0,-463953.0,-0.6067,-0.1703,0.0474,28,87,0.54,1.2,0.4083,16.1,50.0,50.0,39.8,0,8.2,0.0,0.0,0.0,70.5,61.7,0,29.2,648
sale,1 Bedroom Apartment,2900000,1,1,33 m²,16 Dennisig Road,Stellenbosch Central,Stellenbosch,https://www.property24.com/for-sale/stellenbosch-central/stellenbosch/western-cape/8566/117014093,,,"Luxury Student Apartment at The One.
One of the most exclusive, most wanted units at ...",,https://images.prop24.com/348482086/Crop600x400,8500,102000,3.52,False,,11250.0,135000.0,rental_suburb,600,1812.0,3625.0,0.0,1200,37350.0,0.0129,4.66,21.48,0.39,0.6433,99200.0,50000,750700.0,2320000.0,23947.0,-20834.0,-250011.0,-0.333,0.13,2.7719,466875.0,-83.9,87879.0,55882.0,57.26,3480000.0,2784000.0,464000.0,286700.0,-25624.0,-1.39,3453946.0,3880854.0,5193458.0,786811.0,2106883.0,1773971.0,1193971.0,-1233216.0,-446405.0,-0.5947,-0.1652,0.0498,28,87,0.54,1.2,0.4083,16.1,50.0,50.0,39.8,0,8.6,0.0,0.0,0.0,71.0,61.8,0,29.2,649
sale,3 Bedroom House,3500000,3,4,972 m²,18 Smuts Street,Riebeek West,Riebeek Valley,https://www.property24.com/for-sale/riebeek-west/riebeek-valley/western-cape/7910/116332253,,,SOLE &  EXCLUSIVE:  This spectacular property sits on a spacious 972 sqm plot and ...,,https://images.prop24.com/185178535/Ensure264x153,7000,84000,2.4,False,,13500.0,162000.0,rental_suburb,350,2188.0,4375.0,0.0,1200,51690.0,0.0148,4.63,21.6,0.39,0.6009,162356.0,50000,933856.0,2800000.0,28901.0,-24594.0,-295125.0,-0.316,0.15,2.7418,574333.0,-83.59,3601.0,5483.0,-34.33,4200000.0,3360000.0,560000.0,373856.0,-30374.0,-1.3,4168556.0,4683790.0,6267967.0,949600.0,2542790.0,2140999.0,1440999.0,-1451042.0,-501442.0,-0.537,-0.1427,0.0554,1,15,0.2,0.0,0.5219,0.0,50.0,50.0,35.0,0,9.8,0.0,0.0,0.0,65.0,60.0,90,29.2,650
sale,3 Bedroom House,3195000,3,2,793 m²,Darling,Darling,Darling,https://www.property24.com/for-sale/darling/darling/western-cape/7920/117041086,,,"Nestled in a prime position within the heart of Darling is this delightful country property, offering charm, comfort, and a truly ...",,https://images.prop24.com/362885402/Ensure264x153,6000,72000,2.25,False,,6000.0,72000.0,csv_estimate,300,1997.0,3994.0,0.0,1200,-23648.0,-0.0074,2.25,44.38,0.19,1.2484,128806.0,50000,839306.0,2556000.0,26383.0,-28353.0,-340240.0,-0.4054,-0.07,5.6456,-236475.0,-107.4,4029.0,7488.0,-46.19,3834000.0,3067200.0,511200.0,328106.0,-33630.0,-1.82,3805296.0,4275631.0,5721758.0,866849.0,2321204.0,1954427.0,1315427.0,-1719977.0,-853128.0,-1.0165,0.0,-0.0282,0,10,0.0,,0.4698,0.0,50.0,50.0,35.0,0,-4.9,0.0,0.0,0.0,68.0,60.9,100,29.2,651
sale,3 Bedroom House,3395000,3,2,690 m²,8 Merlot Street,Groenvlei,Paarl,https://www.property24.com/for-sale/groenvlei/paarl/western-cape/8601/116910770,,,"EXCLUSIVELY marketed by Meridian Realty
 
This three-bedroom, two-bathroom home in the ...",,https://images.prop24.com/322138770/Ensure264x153,9500,114000,3.36,False,,7000.0,84000.0,rental_area_q1,1524.0,2122.0,4244.0,0.0,1200,-31794.0,-0.0094,2.47,40.42,0.21,1.2985,150806.0,50000,901306.0,2716000.0,28034.0,-30684.0,-368205.0,-0.4085,-0.09,5.3034,-353269.0,-110.41,4920.0,14191.0,-65.33,4074000.0,3259200.0,543200.0,358106.0,-36291.0,-1.84,4043499.0,4543276.0,6079928.0,921112.0,2466506.0,2076769.0,1397769.0,-1865609.0,-944497.0,-1.0479,0.0,-0.0353,0,7,0.0,,0.4534,0.0,50.0,51.0,35.2,0,-6.2,0.0,0.0,0.0,66.0,60.3,100,29.1,652
sale,3 Bedroom House,3400000,3,2,180 m²,"8 Du Lot Street, 8 Du Lot Street",Groenvlei,Paarl,https://www.property24.com/for-sale/groenvlei/paarl/western-cape/8601/109994627?plId=2335659&plt=4,,,"EXCLUSIVE MANDATE

Tranquil, serene, peaceful, quiescent, ... these are the words that will come to mind when you walk into this townhouse on the slopes of Paarl Mountain, situated ...",,https://images.prop24.com/252834140/Ensure528x153,9500,114000,3.35,False,,7000.0,84000.0,rental_area_q1,1526.0,2125.0,4250.0,0.0,1200,-31937.0,-0.0094,2.47,40.48,0.21,1.3002,151356.0,50000,902856.0,2720000.0,28076.0,-30737.0,-368843.0,-0.4085,-0.09,5.311,-354853.0,-110.44,18889.0,14191.0,33.1,4080000.0,3264000.0,544000.0,358856.0,-36352.0,-1.84,4049454.0,4549967.0,6088882.0,922469.0,2470139.0,2079828.0,1399828.0,-1868890.0,-946421.0,-1.0483,0.0,-0.0354,0,7,0.0,,0.4534,0.0,50.0,51.0,35.2,0,-6.3,0.0,0.0,0.0,66.0,60.3,100,29.1,653
sale,1 Bedroom Apartment,5800000,1,1,68 m²,Val de Vie Estate,Val de Vie Estate,Paarl,https://www.property24.com/for-sale/val-de-vie-estate/paarl/western-cape/11726/116945449,,,"Exclusive sole mandate.  An Excellent Investment Opportunity.  Located in the prestigious Polo Village I at Val de Vie Estate, this ...",,https://images.prop24.com/103291119/Ensure264x153,7000,84000,1.45,False,mandate,18000.0,216000.0,rental_suburb,2727.0,3625.0,7250.0,0.0,1200,21090.0,0.0036,3.72,26.85,0.31,0.8224,415356.0,50000,1646856.0,4640000.0,47894.0,-46136.0,-553632.0,-0.3362,0.04,3.4831,234334.0,-95.96,85294.0,59375.0,43.65,6960000.0,5568000.0,928000.0,718856.0,-55715.0,-1.45,6907893.0,7761708.0,10386917.0,1573623.0,4213767.0,3547942.0,2387942.0,-2765855.0,-1192232.0,-0.7239,-0.227,0.0128,1,28,0.04,0.0,0.3067,0.0,50.0,51.0,35.2,30,2.4,0.0,0.0,0.0,42.0,56.3,90,29.1,654
sale,1 Bedroom Apartment,5800000,1,1,68 m²,Val de Vie Estate,Val de Vie Estate,Paarl,https://www.property24.com/for-sale/val-de-vie-estate/paarl/western-cape/11726/116138027,,,"Exclusive sole mandate.  An Excellent Investment Opportunity.  Located in the prestigious Polo Village I at Val de Vie Estate, this ...",,https://images.prop24.com/103291119/Ensure264x153,7000,84000,1.45,False,mandate,18000.0,216000.0,rental_suburb,2727.0,3625.0,7250.0,0.0,1200,21090.0,0.0036,3.72,26.85,0.31,0.8224,415356.0,50000,1646856.0,4640000.0,47894.0,-46136.0,-553632.0,-0.3362,0.04,3.4831,234334.0,-95.96,85294.0,59375.0,43.65,6960000.0,5568000.0,928000.0,718856.0,-55715.0,-1.45,6907893.0,7761708.0,10386917.0,1573623.0,4213767.0,3547942.0,2387942.0,-2765855.0,-1192232.0,-0.7239,-0.227,0.0128,1,28,0.04,0.0,0.3067,0.0,50.0,51.0,35.2,30,2.4,0.0,0.0,0.0,42.0,56.3,90,29.1,655
sale,3 Bedroom House,3385117,3,3,250 m²,Mountain Crest Private Estate,Mountain Crest Private Estate,Paarl,https://www.property24.com/for-sale/mountain-crest-private-estate/paarl/western-cape/25479/116494949,,,"No Transfer duty! 80% sold
No Deposit Required for qualified buyers
Plot and Plan
New 3-bedroom 3,5-bathroom homes
24-hour guarded ...",,,9500,114000,3.37,False,,7000.0,84000.0,rental_area_q1,1519.0,2116.0,4231.0,0.0,1200,-31513.0,-0.0093,2.48,40.3,0.21,1.2951,149719.0,50000,898242.0,2708094.0,27953.0,-30579.0,-366944.0,-0.4085,-0.09,5.2884,-350139.0,-110.34,13540.0,14062.0,-3.71,4062140.0,3249712.0,541619.0,356624.0,-36169.0,-1.84,4031729.0,4530050.0,6062229.0,918431.0,2459326.0,2070724.0,1393700.0,-1859125.0,-940694.0,-1.0473,0.0,-0.0351,0,5,0.0,,0.2095,0.0,50.0,51.0,35.2,0,-6.2,0.0,0.0,0.0,66.1,60.3,100,29.1,656
sale,1 Bedroom Apartment,3075000,1,1,30 m²,16 Dennesig,Stellenbosch Central,Stellenbosch,https://www.property24.com/for-sale/stellenbosch-central/stellenbosch/western-cape/8566/116873247,,,"Shared Studio Apartment / Flat for Sale in Stellenbosch Central

Situated in the heart ...",,https://images.prop24.com/251035538/Ensure264x153,8500,102000,3.32,False,,11250.0,135000.0,rental_suburb,600,1922.0,3844.0,0.0,1200,33412.0,0.0109,4.39,22.78,0.37,0.6725,115606.0,50000,802106.0,2460000.0,25392.0,-22607.0,-271290.0,-0.3382,0.11,2.9296,417656.0,-86.42,102500.0,55882.0,83.42,3690000.0,2952000.0,492000.0,310106.0,-27686.0,-1.42,3662374.0,4115044.0,5506857.0,834291.0,2234023.0,1881021.0,1266021.0,-1342116.0,-507825.0,-0.6331,-0.1817,0.0417,28,87,0.54,1.2,0.4083,16.1,50.0,50.0,39.8,0,7.2,0.0,0.0,0.0,69.2,61.3,0,29.1,657
sale,3 Bedroom House,4300000,3,2,226 m²,Welgevonden Estate,Welgevonden Estate,Stellenbosch,https://www.property24.com/for-sale/welgevonden-estate/stellenbosch/western-cape/12655/116970210,,,This well maintained home is nestled in a tree lined cul-de-sac in the middle of Welgevonden Estate. Private and quiet with a braai ...,,https://images.prop24.com/206466645/Ensure264x153,12000,144000,3.35,False,,20000.0,240000.0,rental_suburb,600,2688.0,5375.0,0.0,1200,102450.0,0.0238,5.58,17.92,0.47,0.4931,250356.0,50000,1181856.0,3440000.0,35507.0,-26970.0,-323637.0,-0.2738,0.24,2.2685,1280625.0,-70.22,19027.0,20000.0,-4.87,5160000.0,4128000.0,688000.0,493856.0,-34071.0,-1.07,5121369.0,5754370.0,7700645.0,1166651.0,3123999.0,2630371.0,1770371.0,-1565282.0,-398630.0,-0.3373,-0.079,0.0867,1,6,0.5,0.0,0.1302,0.0,50.0,50.0,35.0,0,15.9,0.0,0.0,0.0,57.0,58.2,90,29.1,658
sale,2 Bedroom Apartment,3750000,2,2,73 m²,95 Bird Street,La Colline,Stellenbosch,https://www.property24.com/for-sale/la-colline/stellenbosch/western-cape/8537/116524540,,,Experience modern living in the heart of Stellenbosch with this beautifully appointed ...,,https://images.prop24.com/233852929/Ensure264x153,12000,144000,3.84,False,,10000.0,120000.0,rental_suburb,600,2344.0,4688.0,0.0,1200,4425.0,0.0012,3.2,31.25,0.27,0.8831,189856.0,50000,1011356.0,3000000.0,30966.0,-30597.0,-367163.0,-0.363,0.01,3.9797,55312.0,-98.52,51370.0,51124.0,0.48,4500000.0,3600000.0,600000.0,411356.0,-36790.0,-1.59,4466310.0,5018346.0,6715679.0,1017429.0,2724418.0,2293928.0,1543928.0,-1839178.0,-821749.0,-0.8125,-0.2845,0.0044,5,56,0.14,0.73,0.3779,9.5,50.0,50.0,37.9,0,0.8,0.0,0.0,0.0,62.5,59.3,50,29.1,659
sale,2 Bedroom Apartment,3750000,2,2,72 m²,95 Bird St,La Colline,Stellenbosch,https://www.property24.com/for-sale/la-colline/stellenbosch/western-cape/8537/116475834,,,Big Modern 2 Bed 2 Bath 2 Parking -  Living in the Heart of Stellenbosch – 95 on Bird ...,,https://images.prop24.com/274247493/Ensure264x153,12000,144000,3.84,False,,10000.0,120000.0,rental_suburb,600,2344.0,4688.0,0.0,1200,4425.0,0.0012,3.2,31.25,0.27,0.8831,189856.0,50000,1011356.0,3000000.0,30966.0,-30597.0,-367163.0,-0.363,0.01,3.9797,55312.0,-98.52,52083.0,51124.0,1.88,4500000.0,3600000.0,600000.0,411356.0,-36790.0,-1.59,4466310.0,5018346.0,6715679.0,1017429.0,2724418.0,2293928.0,1543928.0,-1839178.0,-821749.0,-0.8125,-0.2845,0.0044,5,56,0.14,0.73,0.3779,9.5,50.0,50.0,37.9,0,0.8,0.0,0.0,0.0,62.5,59.3,50,29.1,660
sale,2 Bedroom Apartment,3750000,2,2,74 m²,"- 95 On Bird, 95 Bird Street",La Colline,Stellenbosch,https://www.property24.com/for-sale/la-colline/stellenbosch/western-cape/8537/116718297,,,"Elevate your living or investment strategy at 95 on Bird, Stellenbosch's premier ...",,https://images.prop24.com/252834057/Ensure264x153,12000,144000,3.84,False,,10000.0,120000.0,rental_suburb,600,2344.0,4688.0,0.0,1200,4425.0,0.0012,3.2,31.25,0.27,0.8831,189856.0,50000,1011356.0,3000000.0,30966.0,-30597.0,-367163.0,-0.363,0.01,3.9797,55312.0,-98.52,50676.0,51124.0,-0.88,4500000.0,3600000.0,600000.0,411356.0,-36790.0,-1.59,4466310.0,5018346.0,6715679.0,1017429.0,2724418.0,2293928.0,1543928.0,-1839178.0,-821749.0,-0.8125,-0.2845,0.0044,5,56,0.14,0.73,0.3779,9.5,50.0,50.0,37.9,0,0.8,0.0,0.0,0.0,62.5,59.3,50,29.1,661
sale,2 Bedroom Apartment,3750000,2,2,72 m²,La Colline,La Colline,Stellenbosch,https://www.property24.com/for-sale/la-colline/stellenbosch/western-cape/8537/116516962,,,"This spacious 72m², two-bedroom, two-bathroom apartment has been thoughtfully designed with modern living in mind — offering a ...",,https://images.prop24.com/186075711/Ensure264x153,12000,144000,3.84,False,,10000.0,120000.0,rental_suburb,600,2344.0,4688.0,0.0,1200,4425.0,0.0012,3.2,31.25,0.27,0.8831,189856.0,50000,1011356.0,3000000.0,30966.0,-30597.0,-367163.0,-0.363,0.01,3.9797,55312.0,-98.52,52083.0,51124.0,1.88,4500000.0,3600000.0,600000.0,411356.0,-36790.0,-1.59,4466310.0,5018346.0,6715679.0,1017429.0,2724418.0,2293928.0,1543928.0,-1839178.0,-821749.0,-0.8125,-0.2845,0.0044,5,56,0.14,0.73,0.3779,9.5,50.0,50.0,37.9,0,0.8,0.0,0.0,0.0,62.5,59.3,50,29.1,662
sale,1 Bedroom Apartment,4200000,1,1,65 m²,Val de Vie Estate,Val de Vie Estate,Paarl,https://www.property24.com/for-sale/val-de-vie-estate/paarl/western-cape/11726/117063889?plId=2374323&plt=6,,,"A lovely new, bright, and spacious open plan studio apartment located in the prestigious Polo Village Phase 2 within Val de Vie Estate. ...",,https://images.prop24.com/363879363/Ensure264x153,7000,84000,2.0,False,,18000.0,216000.0,rental_suburb,1927.0,2625.0,5250.0,0.0,1200,66699.0,0.0159,5.14,19.44,0.43,0.6112,239356.0,50000,1150856.0,3360000.0,34682.0,-29123.0,-349480.0,-0.3037,0.16,2.538,741098.0,-82.35,64615.0,59375.0,8.83,5040000.0,4032000.0,672000.0,478856.0,-36060.0,-1.24,5002267.0,5620547.0,7521560.0,1139520.0,3051348.0,2569199.0,1729199.0,-1716033.0,-576513.0,-0.5009,-0.1298,0.058,1,28,0.04,0.0,0.3067,0.0,50.0,51.0,35.2,0,10.6,0.0,0.0,0.0,58.0,58.4,90,29.0,663
sale,3 Bedroom House,5800000,3,3,922 m²,Roodeberg,Roodeberg,Paarl,https://www.property24.com/for-sale/roodeberg/paarl/western-cape/8617/116980448,,,"WARM FAMILY LIVING WITH EXCEPTIONAL POTENTIAL | ROODEBERG, PAARL
EXCLUSIVE SOLE MANDATE - Proudly marketed by REMAX Infoglobe. Set in ...",,https://images.prop24.com/362886630/Ensure264x153,9500,114000,1.97,False,mandate,7000.0,84000.0,rental_area_q1,2727.0,3625.0,7250.0,0.0,1200,-100350.0,-0.0173,1.45,69.05,0.12,2.1146,415356.0,50000,1646856.0,4640000.0,47894.0,-56256.0,-675072.0,-0.4099,-0.17,8.9566,-1115000.0,-119.22,6291.0,6291.0,0.0,6960000.0,5568000.0,928000.0,718856.0,-65835.0,-1.89,6907893.0,7761708.0,10386917.0,1573623.0,4213767.0,3547942.0,2387942.0,-3443622.0,-1870000.0,-1.1355,0.0,-0.0609,0,1,0.0,,,0.0,50.0,51.0,35.2,30,-11.5,0.0,0.0,0.0,42.0,56.3,100,29.0,664
sale,2 Bedroom House,3750000,2,2,276 m²,De Oude Renbaan,De Oude Renbaan,Paarl,https://www.property24.com/for-sale/de-oude-renbaan/paarl/western-cape/8626/116749359,,,"Experience calm and comfort in the highly desirable De Oude Renbaan Estate – a safe, welcoming community created for relaxation and ...",,https://images.prop24.com/370919470/Crop600x400,9500,114000,3.04,False,,8500.0,102000.0,rental_area_q1,1702.0,2344.0,4688.0,0.0,1200,-25354.0,-0.0068,2.72,36.76,0.23,1.1686,189856.0,50000,1011356.0,3000000.0,30966.0,-33078.0,-396942.0,-0.3925,-0.07,4.8116,-281708.0,-107.51,13587.0,13587.0,0.0,4500000.0,3600000.0,600000.0,411356.0,-39272.0,-1.76,4466310.0,5018346.0,6715679.0,1017429.0,2724418.0,2293928.0,1543928.0,-2006115.0,-988687.0,-0.9776,-0.5322,-0.0251,0,1,0.0,,,0.0,50.0,51.0,35.2,0,-4.5,0.0,0.0,0.0,62.5,59.3,100,29.0,665
sale,2 Bedroom Apartment,3750000,2,2,72 m²,Stellenbosch Central,Stellenbosch Central,Stellenbosch,https://www.property24.com/for-sale/stellenbosch-central/stellenbosch/western-cape/8566/117002053,,,"Designed for effortless lock-up-and-go living, the open-plan kitchen, lounge and dining area flow onto a private balcony featuring a ...",,https://images.prop24.com/364949640/Ensure264x153,12000,144000,3.84,False,,17000.0,204000.0,rental_suburb,600,2344.0,4688.0,0.0,1200,81705.0,0.0218,5.44,18.38,0.45,0.5195,189856.0,50000,1011356.0,3000000.0,30966.0,-24157.0,-289883.0,-0.2866,0.22,2.341,1021312.0,-72.77,52083.0,55882.0,-6.8,4500000.0,3600000.0,600000.0,411356.0,-30350.0,-1.14,4466310.0,5018346.0,6715679.0,1017429.0,2724418.0,2293928.0,1543928.0,-1407871.0,-390442.0,-0.3861,-0.093,0.0808,16,87,0.54,0.99,0.4083,16.1,50.0,50.0,39.8,0,14.5,0.0,0.0,0.0,62.5,59.3,0,29.0,666
sale,1 Bedroom Apartment,3100000,1,1,30 m²,"16 Dennesig Street, Stellenbosch 7600",Stellenbosch Central,Stellenbosch,https://www.property24.com/for-sale/stellenbosch-central/stellenbosch/western-cape/8566/116808045,,,"Shared studio apartment, that is fully furnished, with wifi and two parking bays. ...",,,8500,102000,3.29,False,,11250.0,135000.0,rental_suburb,600,1938.0,3875.0,0.0,1200,32850.0,0.0106,4.35,22.96,0.36,0.6767,118356.0,50000,809856.0,2480000.0,25598.0,-22861.0,-274329.0,-0.3387,0.11,2.9521,410625.0,-86.75,103333.0,55882.0,84.91,3720000.0,2976000.0,496000.0,313856.0,-27980.0,-1.42,3692150.0,4148499.0,5551628.0,841074.0,2252186.0,1896314.0,1276314.0,-1357673.0,-516599.0,-0.6379,-0.1839,0.0406,28,87,0.54,1.2,0.4083,16.1,50.0,50.0,39.8,0,7.1,0.0,0.0,0.0,69.0,61.2,0,29.0,667
sale,3 Bedroom House,7800000,3,2,200 m²,11 Paradyskloof Road,Paradyskloof,Stellenbosch,https://www.property24.com/for-sale/paradyskloof/stellenbosch/western-cape/8540/116593087,,,"Welcome to refined retirement living in the heart of Paradyskloof Villas, one of ...",,https://images.prop24.com/206466645/Ensure264x153,12000,144000,1.85,False,,6500.0,78000.0,rental_area_q1,600,4875.0,9750.0,0.0,1200,-125340.0,-0.0161,1.0,100.0,0.08,2.5269,635356.0,50000,2266856.0,6240000.0,64409.0,-74854.0,-898243.0,-0.3963,-0.16,12.4359,-1566750.0,-120.09,39000.0,16271.0,139.69,9360000.0,7488000.0,1248000.0,1018856.0,-87735.0,-1.82,9289925.0,10438160.0,13968612.0,2116252.0,5666789.0,4771370.0,3211370.0,-4575085.0,-2458834.0,-1.0847,0.0,-0.0553,0,3,0.33,,0.2601,10.2,50.0,50.0,38.1,0,-10.7,0.0,0.0,0.0,22.0,55.1,100,29.0,668
sale,2 Bedroom Apartment,4300000,2,2,81 m²,Koelenhof AH,Koelenhof AH,Stellenbosch,https://www.property24.com/for-sale/koelenhof-ah/stellenbosch/western-cape/16701/116692792,,,"Discover Devonbosch, a next-generation mixed-use precinct by SquareTurn Developments, now launching in Stellenbosch and proudly ...",,https://images.prop24.com/369886554/Crop600x400,12000,144000,3.35,False,,14000.0,168000.0,rental_area_q1,600,2688.0,5375.0,0.0,1200,36210.0,0.0084,3.91,25.6,0.33,0.7045,250356.0,50000,1181856.0,3440000.0,35507.0,-32490.0,-389877.0,-0.3299,0.08,3.2407,452625.0,-89.47,53086.0,54610.0,-2.79,5160000.0,4128000.0,688000.0,493856.0,-39591.0,-1.4,5121369.0,5754370.0,7700645.0,1166651.0,3123999.0,2630371.0,1770371.0,-1934973.0,-768322.0,-0.6501,-0.1894,0.0306,0,5,0.0,,0.3647,0.0,50.0,50.0,35.0,0,5.6,0.0,0.0,0.0,57.0,58.2,100,29.0,669
sale,1 Bedroom House,3200000,1,1,413 m²,Tulbagh,Tulbagh,Tulbagh,https://www.property24.com/for-sale/tulbagh/tulbagh/western-cape/7608/116813434,,,"Discover The Old Coach House, a rare historic coach house for sale in Tulbagh, dating back to circa 1864 and ideally located on the ...",,https://images.prop24.com/365699188/Crop600x400,4500,54000,1.69,False,,4500.0,54000.0,csv_estimate,300,2000.0,4000.0,0.0,1200,-40320.0,-0.0126,1.69,59.26,0.14,1.6667,129356.0,50000,840856.0,2560000.0,26424.0,-29784.0,-357408.0,-0.4251,-0.13,7.5387,-366545.0,-111.45,7748.0,4597.0,68.54,3840000.0,3072000.0,512000.0,328856.0,-35069.0,-1.94,3811251.0,4282322.0,5730713.0,868206.0,2324837.0,1957485.0,1317485.0,-1815511.0,-947305.0,-1.1266,0.0,-0.048,0,16,0.0,,0.6239,0.0,50.0,50.0,35.0,0,-8.4,0.0,0.0,0.0,68.0,60.9,100,29.0,670
sale,3 Bedroom House,3745000,3,2,501 m²,52c Botha Street,Rawsonville,Worcester,https://www.property24.com/for-sale/rawsonville/worcester/western-cape/7616/116927784,,,"Experience the perfect blend of comfort, style, and scenic beauty in this stunning ...",,https://images.prop24.com/103291119/Ensure264x153,7000,84000,2.24,False,,8300.0,99600.0,rental_area_q1,400,2341.0,4681.0,0.0,1200,-11830.0,-0.0032,2.66,37.6,0.22,1.0388,189306.0,50000,1009806.0,2996000.0,30924.0,-31910.0,-382923.0,-0.3792,-0.03,4.7646,-118305.0,-103.16,7475.0,7365.0,1.5,4494000.0,3595200.0,599200.0,410606.0,-38095.0,-1.68,4460355.0,5011655.0,6706725.0,1016072.0,2720785.0,2290869.0,1541869.0,-1927283.0,-911211.0,-0.9024,-0.3721,-0.0117,0,13,0.08,,0.6076,0.0,50.0,50.0,35.0,0,-2.1,0.0,0.0,0.0,62.5,59.3,100,29.0,671
sale,Commercial Property,2600000,1,0,446 m²,23 Fairbairn Street,Worcester Central,Worcester,https://www.property24.com/for-sale/worcester-central/worcester/western-cape/8860/116976479,,,"Perfectly positioned in a prime location in Central Worcester, this versatile property ...",,https://images.prop24.com/362891204/Ensure264x153,5000,60000,2.31,False,,4950.0,59400.0,rental_suburb,400,1625.0,3250.0,0.0,1200,-23052.0,-0.0089,2.28,43.77,0.19,1.3081,75200.0,50000,666700.0,2080000.0,21470.0,-23391.0,-280686.0,-0.421,-0.09,5.6454,-230520.0,-108.87,5830.0,10714.0,-45.59,3120000.0,2496000.0,416000.0,250700.0,-27684.0,-1.9,3096642.0,3479387.0,4656204.0,705417.0,1888930.0,1590457.0,1070457.0,-1421178.0,-715761.0,-1.0736,0.0,-0.0346,1,20,0.6,0.0,1.0847,0.0,50.0,50.0,35.0,0,-5.9,0.0,0.0,0.0,74.0,62.4,90,29.0,672
sale,3 Bedroom House,3680000,3,2,470 m²,Hospital Park,Hospital Park,Worcester,https://www.property24.com/for-sale/hospital-park/worcester/western-cape/18077/116955841,,,"SOLE & EXCLUSIVE

From the moment you step inside, you are greeted by the open-plan kitchen and living area.  The home features 3 ...",,https://images.prop24.com/319767968/Ensure264x153,7000,84000,2.28,False,,8300.0,99600.0,rental_area_q1,400,2300.0,4600.0,0.0,1200,-10368.0,-0.0028,2.71,36.95,0.23,1.0241,182156.0,50000,989656.0,2944000.0,30388.0,-31252.0,-375020.0,-0.3789,-0.03,4.6853,-103680.0,-102.82,7830.0,8351.0,-6.24,4416000.0,3532800.0,588800.0,400856.0,-37329.0,-1.68,4382939.0,4924670.0,6590320.0,998437.0,2673562.0,2251108.0,1515108.0,-1886835.0,-888398.0,-0.8977,-0.3661,-0.0105,0,4,0.25,,0.3959,0.0,50.0,50.0,35.0,0,-1.9,0.0,0.0,0.0,63.2,59.5,100,29.0,673
sale,3 Bedroom House,3690000,3,2,1 015 m²,Bloekombos,Bloekombos,Worcester,https://www.property24.com/for-sale/bloekombos/worcester/western-cape/8862/116324924,,,"Spacious Family Home with Two additional units - ideal for rental income or extended family living.

Discover a rare chance to secure a ...",,https://images.prop24.com/317418390/Ensure264x153,7000,84000,2.28,False,,8300.0,99600.0,rental_area_q1,400,2306.0,4612.0,0.0,1200,-10593.0,-0.0029,2.7,37.05,0.22,1.0264,183256.0,50000,992756.0,2952000.0,30470.0,-31353.0,-376235.0,-0.379,-0.03,4.6975,-105930.0,-102.87,,,,4428000.0,3542400.0,590400.0,402356.0,-37447.0,-1.68,4394849.0,4938052.0,6608228.0,1001150.0,2680827.0,2257225.0,1519225.0,-1893057.0,-891908.0,-0.8984,-0.3671,-0.0107,0,1,0.0,,,0.0,50.0,50.0,35.0,0,-1.9,0.0,0.0,0.0,63.1,59.5,100,29.0,674
sale,2 Bedroom Apartment,1995000,2,2,67 m²,7885 Robertson,Robertson,Robertson,https://www.property24.com/for-sale/robertson/robertson/western-cape/16671/116668966,,,"Exclusive sole mandate!

Direct from developer - deposit to secure registration only ...",,https://images.prop24.com/179603478/Ensure264x153,6000,72000,3.61,False,mandate,10000.0,120000.0,rental_suburb,300,1247.0,2494.0,0.0,1200,47512.0,0.0238,6.02,16.62,0.5,0.5241,33486.0,50000,503986.0,1596000.0,16474.0,-12514.0,-150172.0,-0.298,0.24,2.1714,475125.0,-76.18,29776.0,9366.0,217.93,2394000.0,1915200.0,319200.0,184786.0,-15809.0,-1.17,2376077.0,2669760.0,3572741.0,541272.0,1449390.0,1220370.0,821370.0,-726774.0,-185502.0,-0.3681,-0.0877,0.0943,7,56,0.21,0.77,0.3369,0.0,50.0,50.0,35.0,30,15.9,0.0,0.0,0.0,80.0,63.3,30,29.0,675
sale,3 Bedroom House,3700000,3,2,1 030 m²,24 Church Street,Riebeek West,Riebeek Valley,https://www.property24.com/for-sale/riebeek-west/riebeek-valley/western-cape/7910/116635776,,,"EXCLUSIVE MANDATE:  Situated on a corner stand in Riebeek West, this largely original ...",,https://images.prop24.com/206466645/Ensure264x153,7000,84000,2.27,False,,13500.0,162000.0,rental_suburb,350,2312.0,4625.0,0.0,1200,47190.0,0.0128,4.38,22.84,0.36,0.6287,184356.0,50000,995856.0,2960000.0,30553.0,-26620.0,-319443.0,-0.3208,0.13,2.8919,524333.0,-85.83,,5483.0,,4440000.0,3552000.0,592000.0,403856.0,-32731.0,-1.34,4406759.0,4951435.0,6626136.0,1003863.0,2688092.0,2263342.0,1523342.0,-1575499.0,-571636.0,-0.574,-0.1569,0.0474,1,15,0.2,0.0,0.5219,0.0,50.0,50.0,35.0,0,8.5,0.0,0.0,0.0,63.0,59.4,90,29.0,676
sale,2 Bedroom House,3400000,2,2,168 m²,Darling,Darling,Darling,https://www.property24.com/for-sale/darling/darling/western-cape/7920/116138417,,,Welcome to your fresh start in this brand-new home located in the heart of the magnificent Darling Green Country Estate. This secure ...,,https://images.prop24.com/367510794/Ensure264x153,6000,72000,2.12,False,,6000.0,72000.0,csv_estimate,300,2125.0,4250.0,0.0,1200,-28260.0,-0.0083,2.12,47.22,0.18,1.3125,151356.0,50000,902856.0,2720000.0,28076.0,-30431.0,-365166.0,-0.4045,-0.08,5.9918,-282600.0,-108.31,20238.0,7488.0,170.27,4080000.0,3264000.0,544000.0,358856.0,-36046.0,-1.82,4049454.0,4549967.0,6088882.0,922469.0,2470139.0,2079828.0,1399828.0,-1847545.0,-925077.0,-1.0246,0.0,-0.0313,0,10,0.0,,0.4698,0.0,50.0,50.0,35.0,0,-5.5,0.0,0.0,0.0,66.0,60.3,100,29.0,677
sale,3 Bedroom House,3670000,3,2,242 m²,209 Crenshaw Avenue,Honeydew Country Estate,Paarl,https://www.property24.com/for-sale/honeydew-country-estate/paarl/western-cape/33199/116464837,,,"Explore this beautifully crafted home situated in the vibrant heart of Paarl, Western ...",,https://images.prop24.com/322138770/Ensure264x153,9500,114000,3.11,False,,7000.0,84000.0,rental_area_q1,1662.0,2294.0,4588.0,0.0,1200,-39633.0,-0.0108,2.29,43.69,0.19,1.3918,181056.0,50000,986556.0,2936000.0,30305.0,-33608.0,-403294.0,-0.4088,-0.11,5.7211,-440370.0,-112.0,15165.0,20732.0,-26.85,4404000.0,3523200.0,587200.0,399356.0,-39669.0,-1.85,4371029.0,4911288.0,6572411.0,995723.0,2666297.0,2244991.0,1510991.0,-2046047.0,-1050324.0,-1.0646,0.0,-0.0402,0,12,0.08,,0.1833,0.0,50.0,51.0,35.2,0,-7.2,0.0,0.0,0.0,63.3,59.5,100,28.9,678
sale,3 Bedroom House,3705000,3,2,215 m²,Honeydew Country Estate,Honeydew Country Estate,Paarl,https://www.property24.com/for-sale/honeydew-country-estate/paarl/western-cape/33199/116351239,,,"This contemporary, low-maintenance home is located in the sought-after Honeydew Country Estate in Paarl, offering the perfect blend of ...",,https://images.prop24.com/72874115/Ensure264x153,9500,114000,3.08,False,,7000.0,84000.0,rental_area_q1,1679.0,2316.0,4631.0,0.0,1200,-40631.0,-0.011,2.27,44.11,0.19,1.4037,184906.0,50000,997406.0,2964000.0,30594.0,-33980.0,-407760.0,-0.4088,-0.11,5.7743,-451455.0,-112.19,17233.0,20732.0,-16.88,4446000.0,3556800.0,592800.0,404606.0,-40099.0,-1.85,4412714.0,4958126.0,6635091.0,1005219.0,2691725.0,2266401.0,1525401.0,-2069012.0,-1063793.0,-1.0666,0.0,-0.0407,0,12,0.08,,0.1833,0.0,50.0,51.0,35.2,0,-7.3,0.0,0.0,0.0,62.9,59.4,100,28.9,679
sale,3 Bedroom House,3600000,3,2,174 m²,52 Lynedoch Road,Lyndoch,Stellenbosch,https://www.property24.com/for-sale/lyndoch/stellenbosch/western-cape/12872/116971201,,,"Sole and exclusive mandate.

This is the kind of home you notice without it asking to be ...",,https://images.prop24.com/255290839/Ensure264x153,12000,144000,4.0,False,,6500.0,78000.0,rental_area_q1,600,2250.0,4500.0,0.0,1200,-30840.0,-0.0086,2.17,46.15,0.18,1.3154,173356.0,50000,964856.0,2880000.0,29727.0,-32297.0,-387564.0,-0.4017,-0.09,5.8888,-385500.0,-110.71,20690.0,20690.0,0.0,4320000.0,3456000.0,576000.0,388856.0,-38242.0,-1.81,4287658.0,4817612.0,6447052.0,976731.0,2615441.0,2202171.0,1482171.0,-1961488.0,-984757.0,-1.0206,0.0,-0.032,0,1,0.0,,,0.0,50.0,50.0,35.0,0,-5.7,0.0,0.0,0.0,64.0,59.7,100,28.9,680
sale,2 Bedroom House,4250000,2,2,202 m²,13 Kromme Rhee Road,Nooitgedacht Village,Stellenbosch,https://www.property24.com/for-sale/nooitgedacht-village/stellenbosch/western-cape/14758/116939345,,,"CHARMING VILLAGE STYLE LOCK-UP-AND-GO PROPERTY
Designed for someone who travels ...",,https://images.prop24.com/374218926/Crop600x400,12000,144000,3.39,False,,17600.0,211200.0,rental_suburb,600,2656.0,5312.0,0.0,1200,77079.0,0.0181,4.97,20.12,0.41,0.555,244856.0,50000,1166356.0,3400000.0,35094.0,-28671.0,-344054.0,-0.295,0.18,2.549,963488.0,-77.33,21040.0,21825.0,-3.6,5100000.0,4080000.0,680000.0,486356.0,-35690.0,-1.19,5061818.0,5687459.0,7611103.0,1153086.0,3087674.0,2599785.0,1749785.0,-1682044.0,-528958.0,-0.4535,-0.1138,0.0661,1,14,0.07,0.0,0.2841,0.0,50.0,50.0,35.0,0,12.1,0.0,0.0,0.0,57.5,58.3,90,28.9,681
sale,3 Bedroom House,4500000,3,2,225 m²,24 Melkbos Street,Welgevonden Estate,Stellenbosch,https://www.property24.com/for-sale/welgevonden-estate/stellenbosch/western-cape/12655/116648480,,,This free standing home on a corner stand combines practicality and comfort for optimal ...,,https://images.prop24.com/322138770/Ensure264x153,12000,144000,3.2,False,,20000.0,240000.0,rental_suburb,600,2812.0,5625.0,0.0,1200,97950.0,0.0218,5.33,18.75,0.44,0.5119,272356.0,50000,1243856.0,3600000.0,37159.0,-28996.0,-347955.0,-0.2797,0.22,2.3698,1224375.0,-72.79,20000.0,20000.0,0.0,5400000.0,4320000.0,720000.0,523856.0,-36428.0,-1.11,5359572.0,6022015.0,8058815.0,1220914.0,3269302.0,2752713.0,1852713.0,-1689739.0,-468825.0,-0.3769,-0.0903,0.0787,1,6,0.5,0.0,0.1302,0.0,50.0,50.0,35.0,0,14.5,0.0,0.0,0.0,55.0,57.9,90,28.9,682
sale,2 Bedroom Townhouse,4250000,2,2,288 m²,Nooitgedacht Village,Nooitgedacht Village,Stellenbosch,https://www.property24.com/for-sale/nooitgedacht-village/stellenbosch/western-cape/14758/116810868,,,"This rare, cottage-style townhouse is perfectly positioned in the heart of Nooitgedacht Village, directly opposite the charming chapel ...",,https://images.prop24.com/316493296/Ensure264x153,12000,144000,3.39,False,,17600.0,211200.0,rental_suburb,600,2656.0,5312.0,0.0,1200,77079.0,0.0181,4.97,20.12,0.41,0.555,244856.0,50000,1166356.0,3400000.0,35094.0,-28671.0,-344054.0,-0.295,0.18,2.549,963488.0,-77.33,14757.0,21825.0,-32.39,5100000.0,4080000.0,680000.0,486356.0,-35690.0,-1.19,5061818.0,5687459.0,7611103.0,1153086.0,3087674.0,2599785.0,1749785.0,-1682044.0,-528958.0,-0.4535,-0.1138,0.0661,1,14,0.07,0.0,0.2841,0.0,50.0,50.0,35.0,0,12.1,0.0,0.0,0.0,57.5,58.3,90,28.9,683
sale,2 Bedroom Apartment,3840000,2,2,64 m²,210 Distillery Road,Stellenbosch Central,Stellenbosch,https://www.property24.com/for-sale/stellenbosch-central/stellenbosch/western-cape/8566/116351394,,,This neat and well-designed apartment is 64m2 with an open plan living area leading to ...,,https://images.prop24.com/369383975/Crop600x400,12000,144000,3.75,False,,17000.0,204000.0,rental_suburb,600,2400.0,4800.0,0.0,1200,79680.0,0.0208,5.31,18.82,0.44,0.5294,199756.0,50000,1039256.0,3072000.0,31709.0,-25069.0,-300826.0,-0.2895,0.21,2.3946,996000.0,-74.06,60000.0,55882.0,7.37,4608000.0,3686400.0,614400.0,424856.0,-31411.0,-1.15,4573501.0,5138786.0,6876855.0,1041847.0,2789804.0,2348982.0,1580982.0,-1463877.0,-422030.0,-0.4061,-0.099,0.0767,16,87,0.54,0.99,0.4083,16.1,50.0,50.0,39.8,0,13.8,0.0,0.0,0.0,61.6,59.1,0,28.9,684
sale,2 Bedroom House,4500000,2,2,,Bottelary Road,Devonvale Golf & Wine Estate,Stellenbosch,https://www.property24.com/for-sale/devonvale-golf-and-wine-estate/stellenbosch/western-cape/12825/114347740,,,"Situated on the Bottelary road, 15-20min outside of Stellenbosch 

- 2 on suite ...",,https://images.prop24.com/217836357/Ensure264x153,12000,144000,3.2,False,,14000.0,168000.0,rental_area_q1,600,2812.0,5625.0,0.0,1200,31710.0,0.007,3.73,26.79,0.31,0.7312,272356.0,50000,1243856.0,3600000.0,37159.0,-34516.0,-414195.0,-0.333,0.07,3.3854,396375.0,-91.19,,21751.0,,5400000.0,4320000.0,720000.0,523856.0,-41948.0,-1.42,5359572.0,6022015.0,8058815.0,1220914.0,3269302.0,2752713.0,1852713.0,-2059430.0,-838516.0,-0.6741,-0.2009,0.0255,0,2,0.0,,0.2972,0.0,50.0,50.0,35.0,0,4.7,0.0,0.0,0.0,55.0,57.9,100,28.9,685
sale,3 Bedroom House,4500000,3,2,225 m²,24 Melkbos Street,Welgevonden Estate,Stellenbosch,https://www.property24.com/for-sale/welgevonden-estate/stellenbosch/western-cape/12655/116909198,,,This free standing home on a corner stand combines practicality and comfort for optimal ...,,https://images.prop24.com/322138770/Ensure264x153,12000,144000,3.2,False,,20000.0,240000.0,rental_suburb,600,2812.0,5625.0,0.0,1200,97950.0,0.0218,5.33,18.75,0.44,0.5119,272356.0,50000,1243856.0,3600000.0,37159.0,-28996.0,-347955.0,-0.2797,0.22,2.3698,1224375.0,-72.79,20000.0,20000.0,0.0,5400000.0,4320000.0,720000.0,523856.0,-36428.0,-1.11,5359572.0,6022015.0,8058815.0,1220914.0,3269302.0,2752713.0,1852713.0,-1689739.0,-468825.0,-0.3769,-0.0903,0.0787,1,6,0.5,0.0,0.1302,0.0,50.0,50.0,35.0,0,14.5,0.0,0.0,0.0,55.0,57.9,90,28.9,686
sale,Farm,3400000,1,0,1 800 m²,Tulbagh Rural,Tulbagh Rural,Tulbagh,https://www.property24.com/for-sale/tulbagh-rural/tulbagh/western-cape/16606/116326033,,,Ever dreamed of escaping to the countryside without the hassle of running a farm? This hidden gem might be exactly what you’re looking ...,,https://images.prop24.com/242461081/Ensure264x153,4500,54000,1.59,False,,4500.0,54000.0,csv_estimate,300,2125.0,4250.0,0.0,1200,-44820.0,-0.0132,1.59,62.96,0.13,1.75,151356.0,50000,902856.0,2720000.0,28076.0,-31811.0,-381726.0,-0.4228,-0.13,7.989,-407455.0,-111.98,,,,4080000.0,3264000.0,544000.0,358856.0,-37426.0,-1.93,4049454.0,4549967.0,6088882.0,922469.0,2470139.0,2079828.0,1399828.0,-1939968.0,-1017500.0,-1.127,0.0,-0.0496,0,4,0.0,,0.4045,0.0,50.0,50.0,35.0,0,-8.8,0.0,0.0,0.0,66.0,60.3,100,28.9,687
sale,3 Bedroom House,3800000,3,2,432 m²,16 Coral Tree Avenue,Altona,Worcester,https://www.property24.com/for-sale/altona/worcester/western-cape/33413/116842960,,,"This newly built home is set in Worcester’s newest security complex, offering a fresh ...",,https://images.prop24.com/206466645/Ensure264x153,7000,84000,2.21,False,,17750.0,213000.0,rental_suburb,400,2375.0,4750.0,0.0,1200,91260.0,0.024,5.61,17.84,0.47,0.4915,195356.0,50000,1026856.0,3040000.0,31379.0,-23774.0,-285282.0,-0.2778,0.24,2.2594,912600.0,-75.98,8796.0,9086.0,-3.18,4560000.0,3648000.0,608000.0,418856.0,-30049.0,-1.08,4525861.0,5085257.0,6805221.0,1030994.0,2760744.0,2324514.0,1564514.0,-1379245.0,-348250.0,-0.3391,-0.0795,0.0889,2,16,0.31,0.08,0.4166,0.0,50.0,50.0,35.0,0,16.0,0.0,0.0,0.0,62.0,59.2,80,28.9,688
sale,3 Bedroom House,3800000,3,2,432 m²,16 Coral Tree Avenue,Altona,Worcester,https://www.property24.com/for-sale/altona/worcester/western-cape/33413/116358728,,,"This newly built home is set in Worcester’s newest security complex, offering a fresh ...",,https://images.prop24.com/206466645/Ensure264x153,7000,84000,2.21,False,,17750.0,213000.0,rental_suburb,400,2375.0,4750.0,0.0,1200,91260.0,0.024,5.61,17.84,0.47,0.4915,195356.0,50000,1026856.0,3040000.0,31379.0,-23774.0,-285282.0,-0.2778,0.24,2.2594,912600.0,-75.98,8796.0,9086.0,-3.18,4560000.0,3648000.0,608000.0,418856.0,-30049.0,-1.08,4525861.0,5085257.0,6805221.0,1030994.0,2760744.0,2324514.0,1564514.0,-1379245.0,-348250.0,-0.3391,-0.0795,0.0889,2,16,0.31,0.08,0.4166,0.0,50.0,50.0,35.0,0,16.0,0.0,0.0,0.0,62.0,59.2,80,28.9,689
sale,3 Bedroom House,2590000,3,3,595 m²,18 Roos Street,Riebeek Kasteel,Riebeek Valley,https://www.property24.com/for-sale/riebeek-kasteel/riebeek-valley/western-cape/7911/116189028,,,"SOLE & EXCLUSIVE:  Nestled in the heart of Riebeek Kasteel, this beautiful 3-bedroom ...",,https://images.prop24.com/185178535/Ensure264x153,7000,84000,3.24,False,,18000.0,216000.0,rental_suburb,350,1619.0,3238.0,0.0,1200,121845.0,0.047,8.34,11.99,0.69,0.3559,74400.0,50000,663900.0,2072000.0,21387.0,-11233.0,-134798.0,-0.203,0.47,1.5441,1353833.0,-47.73,4353.0,4781.0,-8.96,3108000.0,2486400.0,414400.0,249500.0,-15511.0,-0.61,3084731.0,3466004.0,4638296.0,702704.0,1881665.0,1584340.0,1066340.0,-607494.0,95210.0,0.1434,0.0272,0.1835,5,27,0.3,0.19,0.3315,0.0,50.0,50.0,35.0,0,31.4,0.0,0.0,0.0,74.1,62.4,50,28.9,690
sale,2 Bedroom House,3990000,2,2,655 m²,"Groot Parys, 0 Jan Van Riebeeck Drive",Groot Parys Lifestyle Estate,Paarl,https://www.property24.com/for-sale/groot-parys-lifestyle-estate/paarl/western-cape/33564/114412781,,,"Terra Rossa Units NOW AVAILABLE at Groot Parys Lifestyle Estate

The Terra Rossa Units ...",,https://images.prop24.com/333328597/Crop600x400,9500,114000,2.86,False,,8500.0,102000.0,rental_area_q1,1822.0,2494.0,4988.0,0.0,1200,-32195.0,-0.0081,2.56,39.12,0.21,1.2356,216256.0,50000,1085756.0,3192000.0,32947.0,-35630.0,-427564.0,-0.3938,-0.08,5.1118,-357722.0,-108.97,6092.0,6092.0,0.0,4788000.0,3830400.0,638400.0,447356.0,-42220.0,-1.77,4752154.0,5339520.0,7145482.0,1082544.0,2898781.0,2440739.0,1642739.0,-2163589.0,-1081045.0,-0.9957,-0.6631,-0.0297,0,1,0.0,,,0.0,50.0,51.0,35.2,0,-5.4,0.0,0.0,0.0,60.1,58.8,100,28.8,691
sale,Farm,6950000,1,0,190 957 m²,47 Dassenberg Road,Malmesbury Rural,Malmesbury,https://www.property24.com/for-sale/malmesbury-rural/malmesbury/western-cape/16580/116372703,,,"Escape to your very own countryside haven, nestled in the heart of the Swartland region ...",,https://images.prop24.com/348585848/Crop600x400,5500,66000,0.95,False,,6500.0,78000.0,rental_suburb,400,4344.0,8688.0,0.0,1200,-103815.0,-0.0149,1.12,89.1,0.09,2.251,541856.0,50000,2003356.0,5560000.0,57390.0,-66041.0,-792491.0,-0.3956,-0.15,11.0801,-988714.0,-114.23,,9845.0,,8340000.0,6672000.0,1112000.0,891356.0,-77519.0,-1.81,8277561.0,9300668.0,12446391.0,1885634.0,5049255.0,4251413.0,2861413.0,-4032614.0,-2146980.0,-1.0717,0.0,-0.0518,1,8,0.38,0.0,0.4913,0.0,50.0,73.0,39.6,0,-10.0,0.0,0.0,0.0,30.5,55.5,90,28.8,692
sale,1 Bedroom Apartment,5200000,1,1,49 m²,16 Andringa Street,Stellenbosch Central,Stellenbosch,https://www.property24.com/for-sale/stellenbosch-central/stellenbosch/western-cape/8566/117042305,,,"Exclusive Sole Mandate. Prime Location and Contemporary Living 
This stylish ...",,,8500,102000,1.96,False,mandate,11250.0,135000.0,rental_suburb,600,3250.0,6500.0,0.0,1200,-14400.0,-0.0028,2.6,38.52,0.22,1.0267,349356.0,50000,1460856.0,4160000.0,42939.0,-44139.0,-529668.0,-0.3626,-0.03,4.8435,-180000.0,-103.46,106122.0,55882.0,89.9,6240000.0,4992000.0,832000.0,628856.0,-52727.0,-1.6,6193283.0,6958773.0,9312408.0,1410834.0,3777860.0,3180913.0,2140913.0,-2664472.0,-1253637.0,-0.8582,-0.3233,-0.0099,28,87,0.54,1.2,0.4083,16.1,50.0,50.0,39.8,30,-1.8,0.0,0.0,0.0,48.0,57.0,0,28.8,693
sale,3 Bedroom House,8850000,3,2,884 m²,Die Boord,Die Boord,Stellenbosch,https://www.property24.com/for-sale/die-boord/stellenbosch/western-cape/8530/116589752,,,"Lovely, sturdy, well-kept and well-built 3 bedroom family home that offers much more than you would expect. 

Currently operating as ...",,https://images.prop24.com/347017584/Crop600x400,12000,144000,1.63,False,,6500.0,78000.0,rental_area_q1,600,5531.0,11062.0,0.0,1200,-148965.0,-0.0168,0.88,113.46,0.07,2.8298,750856.0,50000,2592356.0,7080000.0,73079.0,-85493.0,-1025912.0,-0.3957,-0.17,14.0727,-1862062.0,-121.04,10011.0,9871.0,1.42,10620000.0,8496000.0,1416000.0,1176356.0,-100108.0,-1.82,10540492.0,11843296.0,15849002.0,2401132.0,6429627.0,5413670.0,3643670.0,-5228485.0,-2827353.0,-1.0906,0.0,-0.0575,0,4,0.25,,0.2228,11.9,50.0,50.0,38.6,0,-11.2,0.0,0.0,0.0,11.5,54.6,100,28.8,694
sale,2 Bedroom Apartment,4600000,2,2,,Koelenhof AH,Koelenhof AH,Stellenbosch,https://www.property24.com/for-sale/koelenhof-ah/stellenbosch/western-cape/16701/116692625,,,"Discover Devonbosch, a next-generation mixed-use precinct by SquareTurn Developments, now launching in Stellenbosch and proudly ...",,https://images.prop24.com/100958998/Ensure264x153,12000,144000,3.13,False,,14000.0,168000.0,rental_area_q1,600,2875.0,5750.0,0.0,1200,29460.0,0.0064,3.65,27.38,0.3,0.7446,283356.0,50000,1274856.0,3680000.0,37985.0,-35530.0,-426354.0,-0.3344,0.06,3.4578,368250.0,-91.99,,54610.0,,5520000.0,4416000.0,736000.0,538856.0,-43126.0,-1.43,5478674.0,6155838.0,8237899.0,1248046.0,3341953.0,2813885.0,1893885.0,-2121659.0,-873613.0,-0.6853,-0.2064,0.0231,0,5,0.0,,0.3647,0.0,50.0,50.0,35.0,0,4.3,0.0,0.0,0.0,54.0,57.7,100,28.8,695
sale,3 Bedroom Townhouse,3550000,3,2,157 m²,Newinbosch,Newinbosch,Stellenbosch,https://www.property24.com/for-sale/newinbosch/stellenbosch/western-cape/33422/116047459,,,"Secure a high-potential investment in the sought-after Newinbosch Estate, located just three kilometers from the vibrant center of ...",,https://images.prop24.com/206466645/Ensure264x153,12000,144000,4.06,False,,20000.0,240000.0,rental_suburb,600,2219.0,4438.0,0.0,1200,119325.0,0.0336,6.76,14.79,0.56,0.4228,167856.0,50000,949356.0,2840000.0,29314.0,-19370.0,-232445.0,-0.2448,0.34,1.8885,1491562.0,-57.98,22611.0,21226.0,6.53,4260000.0,3408000.0,568000.0,381356.0,-25233.0,-0.88,4228107.0,4750701.0,6357509.0,963166.0,2579116.0,2171585.0,1461585.0,-1098568.0,-135402.0,-0.1426,-0.0303,0.1257,3,49,0.57,0.1,0.3095,0.0,50.0,50.0,35.0,0,22.4,0.0,0.0,0.0,64.5,59.8,70,28.8,696
sale,2 Bedroom Apartment,3750000,2,2,76 m²,Franschhoek,Franschhoek,Franschhoek,https://www.property24.com/for-sale/franschhoek/franschhoek/western-cape/8653/116852223,,,"Set within a boutique block of only 10 apartments, this ground-floor unit offers peaceful living while being conveniently close to all ...",,https://images.prop24.com/341773167/Ensure264x153,10000,120000,3.2,False,,17000.0,204000.0,rental_suburb,500,2344.0,4688.0,0.0,1200,82905.0,0.0221,5.44,18.38,0.45,0.5136,189856.0,50000,1011356.0,3000000.0,30966.0,-24057.0,-288683.0,-0.2854,0.22,2.3351,1184357.0,-68.42,49342.0,29897.0,65.04,4500000.0,3600000.0,600000.0,411356.0,-30250.0,-1.13,4466310.0,5018346.0,6715679.0,1017429.0,2724418.0,2293928.0,1543928.0,-1401106.0,-383678.0,-0.3794,-0.091,0.082,2,25,0.36,0.12,0.1983,0.0,50.0,50.0,35.0,0,14.7,0.0,0.0,0.0,62.5,59.3,80,28.8,697
sale,3 Bedroom House,4290000,3,2,692 m²,21 Muscat Street,Silwerstrand Golf And River Estate,Robertson,https://www.property24.com/for-sale/silwerstrand-golf-and-river-estate/robertson/western-cape/12920/116004832,,,EXCLUSIVE MANDATE: Ideally situated in a peaceful cul-de-sac within the Silwerstrand ...,,https://images.prop24.com/233852929/Ensure264x153,6000,72000,1.68,False,,10800.0,129600.0,rental_area_q1,300,2681.0,5362.0,0.0,1200,4707.0,0.0011,3.02,33.1,0.25,0.8837,249256.0,50000,1178756.0,3432000.0,35425.0,-35032.0,-420389.0,-0.3566,0.01,4.1637,47070.0,-98.9,6199.0,21701.0,-71.43,5148000.0,4118400.0,686400.0,492356.0,-42117.0,-1.56,5109459.0,5740988.0,7682737.0,1163938.0,3116734.0,2624254.0,1766254.0,-2105626.0,-941687.0,-0.7989,-0.2744,0.004,0,10,0.1,,0.4149,0.0,50.0,50.0,35.0,0,0.7,0.0,0.0,0.0,57.1,58.2,100,28.8,698
sale,1 Bedroom Townhouse,3100000,1,1,,Robertson,Robertson,Robertson,https://www.property24.com/for-sale/robertson/robertson/western-cape/16671/116431697,,,"ASSISTED LIVING TOWN HOUSE – JE PARK 2 
RETIREMENT VILLAGE 

UNIT 39 – approximately 110 m2 - right around the bend from JE PARK 1 ...",,https://images.prop24.com/365029438/Crop600x400,4500,54000,1.74,False,,6100.0,73200.0,rental_suburb,300,1938.0,3875.0,0.0,1200,-20406.0,-0.0066,2.36,42.35,0.2,1.1988,118356.0,50000,809856.0,2480000.0,25598.0,-27299.0,-327585.0,-0.4045,-0.07,5.3952,-204060.0,-106.58,,9366.0,,3720000.0,2976000.0,496000.0,313856.0,-32418.0,-1.81,3692150.0,4148499.0,5551628.0,841074.0,2252186.0,1896314.0,1276314.0,-1654698.0,-813624.0,-1.0047,0.0,-0.0252,1,56,0.21,0.0,0.3369,0.0,50.0,50.0,35.0,0,-4.4,0.0,0.0,0.0,69.0,61.2,90,28.8,699
sale,3 Bedroom House,4000000,3,2,1 313 m²,6 Long Street,Riebeek West,Riebeek Valley,https://www.property24.com/for-sale/riebeek-west/riebeek-valley/western-cape/7910/116962292,,,Discover Timeless Charm and Modern Comfort in Riebeek West.Step into a sanctuary of ...,,https://images.prop24.com/341773167/Ensure264x153,7000,84000,2.1,False,,13500.0,162000.0,rental_suburb,350,2500.0,5000.0,0.0,1200,40440.0,0.0101,4.05,24.69,0.34,0.6704,217356.0,50000,1088856.0,3200000.0,33030.0,-29660.0,-355920.0,-0.3269,0.1,3.117,449333.0,-88.77,,5483.0,,4800000.0,3840000.0,640000.0,448856.0,-36266.0,-1.38,4764064.0,5352902.0,7163391.0,1085257.0,2906046.0,2446856.0,1646856.0,-1762184.0,-676927.0,-0.6217,-0.1767,0.0371,1,15,0.2,0.0,0.5219,0.0,50.0,50.0,35.0,0,6.7,0.0,0.0,0.0,60.0,58.8,90,28.8,700
sale,1 Bedroom Apartment,4450000,1,1,80 m²,2 Polo Village Phase 2,Val de Vie Estate,Paarl,https://www.property24.com/for-sale/val-de-vie-estate/paarl/western-cape/11726/116661137,,,"Exclusive Joint Mandate 

Located on the ground floor of the stylish Polo Village ...",,https://images.prop24.com/234072693/Ensure264x153,7000,84000,1.89,False,,18000.0,216000.0,rental_suburb,2052.0,2781.0,5562.0,0.0,1200,59572.0,0.0134,4.85,20.6,0.4,0.6442,266856.0,50000,1228356.0,3560000.0,36746.0,-31782.0,-381378.0,-0.3105,0.14,2.6856,661916.0,-85.13,55625.0,59375.0,-6.32,5340000.0,4272000.0,712000.0,516356.0,-39131.0,-1.29,5300021.0,5955104.0,7969272.0,1207349.0,3232976.0,2722128.0,1832128.0,-1880068.0,-672719.0,-0.5477,-0.1467,0.0485,1,28,0.04,0.0,0.3067,0.0,50.0,51.0,35.2,0,8.9,0.0,0.0,0.0,55.5,58.0,90,28.7,701
sale,3 Bedroom Townhouse,3900000,3,2,152 m²,Honeydew Country Estate,Honeydew Country Estate,Paarl,https://www.property24.com/for-sale/honeydew-country-estate/paarl/western-cape/33199/116845196,,,Discover a rare opportunity to own the only free-standing duplex in the sought-after Oak Lodges scheme within Honeydew Country Estate. ...,,https://images.prop24.com/316493296/Ensure264x153,9500,114000,2.92,False,,7000.0,84000.0,rental_area_q1,1777.0,2438.0,4875.0,0.0,1200,-46190.0,-0.0118,2.15,46.43,0.18,1.4699,206356.0,50000,1057856.0,3120000.0,32204.0,-36053.0,-432641.0,-0.409,-0.12,6.0705,-513217.0,-113.16,25658.0,20732.0,23.76,4680000.0,3744000.0,624000.0,433856.0,-42494.0,-1.86,4644962.0,5219080.0,6984306.0,1058126.0,2833395.0,2385685.0,1605685.0,-2196959.0,-1138833.0,-1.0765,0.0,-0.0437,0,12,0.08,,0.1833,0.0,50.0,51.0,35.2,0,-7.9,0.0,0.0,0.0,61.0,59.0,100,28.7,702
sale,Farm,7950000,1,0,5.858 ha,"3 Fynboslaan, Tierfontein",Tierfontein AH,Malmesbury,https://www.property24.com/for-sale/tierfontein-ah/malmesbury/western-cape/32932/116961984,,,Discover your dream country lifestyle with this exceptional farm for sale in the ...,,https://images.prop24.com/269267886/Ensure264x153,5500,66000,0.83,False,,5300.0,63600.0,rental_area_q1,400,4969.0,9938.0,0.0,1200,-139563.0,-0.0176,0.8,125.0,0.07,3.1144,651856.0,50000,2313356.0,6360000.0,65647.0,-77277.0,-927329.0,-0.4009,-0.18,15.5006,-1329171.0,-116.72,,,,9540000.0,7632000.0,1272000.0,1041356.0,-90407.0,-1.85,9468577.0,10638893.0,14237239.0,2156949.0,5775766.0,4863127.0,3273127.0,-4728837.0,-2571889.0,-1.1118,0.0,-0.0603,0,1,0.0,,,0.0,50.0,73.0,39.6,0,-11.7,0.0,0.0,0.0,20.5,55.0,100,28.7,703
sale,3 Bedroom House,6199500,3,3,400 m²,Capolavoro,Capolavoro,Stellenbosch,https://www.property24.com/for-sale/capolavoro/stellenbosch/western-cape/11628/116699438,,,"Exclusive Sole Mandate 
This beautifully presented home is perfectly positioned within the exclusive Capolavoro Mountain Estate ...",,https://images.prop24.com/255290839/Ensure264x153,12000,144000,2.32,False,mandate,6500.0,78000.0,rental_area_q1,600,3875.0,7749.0,0.0,1200,-89329.0,-0.0144,1.26,79.48,0.1,2.0652,459301.0,50000,1770701.0,4959600.0,51192.0,-58636.0,-703638.0,-0.3974,-0.15,9.941,-1116609.0,-118.01,15499.0,26019.0,-40.43,7439400.0,5951520.0,991920.0,778781.0,-68875.0,-1.82,7383704.0,8296329.0,11102360.0,1682013.0,4504008.0,3792322.0,2552422.0,-3579118.0,-1897105.0,-1.0714,0.0,-0.0504,0,3,0.0,,0.0576,0.0,50.0,50.0,35.0,30,-9.6,0.0,0.0,0.0,38.0,56.0,100,28.7,704
sale,2 Bedroom Apartment,4100000,2,2,66 m²,4 Distellery Road,Stellenbosch Central,Stellenbosch,https://www.property24.com/for-sale/stellenbosch-central/stellenbosch/western-cape/8566/116324490,,,Fresh and light are your first idea when entering this neat 66m2 apartment with a 5m2 ...,,https://images.prop24.com/363079986/Crop600x400,12000,144000,3.51,False,,17000.0,204000.0,rental_suburb,600,2562.0,5125.0,0.0,1200,73830.0,0.018,4.98,20.1,0.41,0.5581,228356.0,50000,1119856.0,3280000.0,33856.0,-27703.0,-332439.0,-0.2969,0.18,2.5496,922875.0,-77.49,62121.0,55882.0,11.16,4920000.0,3936000.0,656000.0,463856.0,-34474.0,-1.2,4883166.0,5486725.0,7342476.0,1112389.0,2978697.0,2508028.0,1688028.0,-1625671.0,-513282.0,-0.4583,-0.1154,0.0659,16,87,0.54,0.99,0.4083,16.1,50.0,50.0,39.8,0,12.0,0.0,0.0,0.0,59.0,58.6,0,28.7,705
sale,3 Bedroom House,3850000,3,2,307 m²,13 Kromme Rhee Street,Nooitgedacht Village,Stellenbosch,https://www.property24.com/for-sale/nooitgedacht-village/stellenbosch/western-cape/14758/116638572,,,"NEAT AND SPACIOUS 3-BEDROOM HOME WITH GENEROUS SIZE PLOT 
Exclusive mandate  Situated in ...",,https://images.prop24.com/308559161/Ensure264x153,12000,144000,3.74,False,,6500.0,78000.0,rental_area_q1,600,2406.0,4812.0,0.0,1200,-36465.0,-0.0095,2.03,49.36,0.17,1.3875,200856.0,50000,1042356.0,3080000.0,31791.0,-34830.0,-417962.0,-0.401,-0.1,6.2785,-455812.0,-111.84,12541.0,21825.0,-42.54,4620000.0,3696000.0,616000.0,426356.0,-41188.0,-1.81,4585412.0,5152168.0,6894764.0,1044560.0,2797069.0,2355099.0,1585099.0,-2117059.0,-1072499.0,-1.0289,0.0,-0.035,0,14,0.07,,0.2841,0.0,50.0,50.0,35.0,0,-6.3,0.0,0.0,0.0,61.5,59.1,100,28.7,706
sale,3 Bedroom House,3900000,3,2,838 m²,Tulbagh,Tulbagh,Tulbagh,https://www.property24.com/for-sale/tulbagh/tulbagh/western-cape/7608/115953197,,,"Welcome to this beautiful preserved Victorian home located in the heart of Church Street, Tulbagh – one of South Africa’s most ...",,https://images.prop24.com/241272188/Ensure264x153,6000,72000,1.85,False,,6000.0,72000.0,csv_estimate,300,2438.0,4875.0,0.0,1200,-39510.0,-0.0101,1.85,54.17,0.15,1.4688,206356.0,50000,1057856.0,3120000.0,32204.0,-35497.0,-425961.0,-0.4027,-0.1,6.8361,-359182.0,-109.21,4654.0,4597.0,1.23,4680000.0,3744000.0,624000.0,433856.0,-41938.0,-1.82,4644962.0,5219080.0,6984306.0,1058126.0,2833395.0,2385685.0,1605685.0,-2158688.0,-1100562.0,-1.0404,0.0,-0.0373,0,16,0.0,,0.6239,0.0,50.0,50.0,35.0,0,-6.8,0.0,0.0,0.0,61.0,59.0,100,28.7,707
sale,3 Bedroom House,3900000,3,2,858.9 m²,18 Kerk Street,Tulbagh,Tulbagh,https://www.property24.com/for-sale/tulbagh/tulbagh/western-cape/7608/115954166,,,"Located in the heart of Tulbagh’s iconic Church Street, this beautiful Victorian ...",,https://images.prop24.com/242461081/Ensure264x153,6000,72000,1.85,False,,6000.0,72000.0,csv_estimate,300,2438.0,4875.0,0.0,1200,-39510.0,-0.0101,1.85,54.17,0.15,1.4688,206356.0,50000,1057856.0,3120000.0,32204.0,-35497.0,-425961.0,-0.4027,-0.1,6.8361,-359182.0,-109.21,4541.0,4597.0,-1.23,4680000.0,3744000.0,624000.0,433856.0,-41938.0,-1.82,4644962.0,5219080.0,6984306.0,1058126.0,2833395.0,2385685.0,1605685.0,-2158688.0,-1100562.0,-1.0404,0.0,-0.0373,0,16,0.0,,0.6239,0.0,50.0,50.0,35.0,0,-6.8,0.0,0.0,0.0,61.0,59.0,100,28.7,708
sale,3 Bedroom House,4129000,3,2,753 m²,24a Church Street,Riebeek West,Riebeek Valley,https://www.property24.com/for-sale/riebeek-west/riebeek-valley/western-cape/7910/117023740,,,Situated in the upper village where many of the old Victorian houses were built over 120 ...,,https://images.prop24.com/206466645/Ensure264x153,7000,84000,2.03,False,,13500.0,162000.0,rental_suburb,350,2581.0,5161.0,0.0,1200,37538.0,0.0091,3.92,25.49,0.33,0.6883,231546.0,50000,1128846.0,3303200.0,34095.0,-30967.0,-371605.0,-0.3292,0.09,3.2139,417083.0,-89.9,5483.0,5483.0,0.0,4954800.0,3963840.0,660640.0,468206.0,-37786.0,-1.39,4917705.0,5525533.0,7394410.0,1120257.0,2999766.0,2525768.0,1699968.0,-1842459.0,-722202.0,-0.6398,-0.1847,0.0333,1,15,0.2,0.0,0.5219,0.0,50.0,50.0,35.0,0,6.1,0.0,0.0,0.0,58.7,58.5,90,28.7,709
sale,2 Bedroom House,3990000,2,2,1 995 m²,2 Pieter Cruythoff Street,Riebeek Kasteel,Riebeek Valley,https://www.property24.com/for-sale/riebeek-kasteel/riebeek-valley/western-cape/7911/116940056,,,This exceptional 150+ year-old home has been lovingly and tastefully renovated ...,,https://images.prop24.com/185178535/Ensure264x153,7000,84000,2.11,False,,18500.0,222000.0,rental_suburb,350,2494.0,4988.0,0.0,1200,95865.0,0.024,5.56,17.97,0.46,0.4882,216256.0,50000,1085756.0,3192000.0,32947.0,-24959.0,-299504.0,-0.2758,0.24,2.2691,1065167.0,-73.3,,4781.0,,4788000.0,3830400.0,638400.0,447356.0,-31548.0,-1.08,4752154.0,5339520.0,7145482.0,1082544.0,2898781.0,2440739.0,1642739.0,-1447885.0,-365341.0,-0.3365,-0.0788,0.0883,2,27,0.3,0.0,0.3315,0.0,50.0,50.0,35.0,0,16.0,0.0,0.0,0.0,60.1,58.8,80,28.7,710
sale,3 Bedroom House,3800000,3,3,1 269 m²,Darling,Darling,Darling,https://www.property24.com/for-sale/darling/darling/western-cape/7920/116561115,,,"Exclusive Mandate

This is one of Darling’s original Victorian homes, set on a large 1 269sqm erf with access from both Pastorie and ...",,https://images.prop24.com/194099441/Ensure264x153,6000,72000,1.89,False,,6000.0,72000.0,csv_estimate,300,2375.0,4750.0,0.0,1200,-37260.0,-0.0098,1.89,52.78,0.16,1.4375,195356.0,50000,1026856.0,3040000.0,31379.0,-34484.0,-413802.0,-0.403,-0.1,6.6673,-372600.0,-109.81,,7488.0,,4560000.0,3648000.0,608000.0,418856.0,-40759.0,-1.82,4525861.0,5085257.0,6805221.0,1030994.0,2760744.0,2324514.0,1564514.0,-2096459.0,-1065465.0,-1.0376,0.0,-0.0363,0,10,0.0,,0.4698,0.0,50.0,50.0,35.0,0,-6.5,0.0,0.0,0.0,62.0,59.2,100,28.7,711
sale,3 Bedroom House,4110000,3,2,274 m²,"42041 Honeydew Country Estate, 143 Esti Avenue",Honeydew Country Estate,Paarl,https://www.property24.com/for-sale/honeydew-country-estate/paarl/western-cape/33199/116139864,,,Experience the joy of owning a brand-new home directly from the developer. There are no ...,,https://images.prop24.com/322138770/Ensure264x153,9500,114000,2.77,False,,7000.0,84000.0,rental_area_q1,1882.0,2569.0,5138.0,0.0,1200,-52176.0,-0.0127,2.04,48.93,0.17,1.5411,229456.0,50000,1122956.0,3288000.0,33938.0,-38286.0,-459436.0,-0.4091,-0.13,6.3895,-579730.0,-114.11,15000.0,20732.0,-27.65,4932000.0,3945600.0,657600.0,465356.0,-45074.0,-1.86,4895076.0,5500107.0,7360384.0,1115102.0,2985962.0,2514145.0,1692145.0,-2334748.0,-1219646.0,-1.0861,0.0,-0.0465,0,12,0.08,,0.1833,0.0,50.0,51.0,35.2,0,-8.5,0.0,0.0,0.0,58.9,58.6,100,28.6,712
sale,2 Bedroom House,4250000,2,1,255 m²,624 Paarl Valleij Lifestyle Estate & Farm,Paarl Valleij Lifestyle Estate,Paarl,https://www.property24.com/for-sale/paarl-valleij-lifestyle-estate/paarl/western-cape/33586/115855611,,,"Inclusive of VAT
No Transfer Duty

This two-bedroom 111m² home incorporates modern ...",,https://images.prop24.com/373897330/Ensure264x153,9500,114000,2.68,False,,8500.0,102000.0,rental_area_q1,1952.0,2656.0,5312.0,0.0,1200,-39606.0,-0.0093,2.4,41.67,0.2,1.3083,244856.0,50000,1166356.0,3400000.0,35094.0,-38395.0,-460739.0,-0.395,-0.09,5.4371,-440072.0,-110.35,16667.0,19773.0,-15.71,5100000.0,4080000.0,680000.0,486356.0,-45414.0,-1.78,5061818.0,5687459.0,7611103.0,1153086.0,3087674.0,2599785.0,1749785.0,-2334185.0,-1181099.0,-1.0126,0.0,-0.034,0,4,0.0,,0.1813,0.0,50.0,51.0,35.2,0,-6.2,0.0,0.0,0.0,57.5,58.3,100,28.6,713
sale,3 Bedroom House,3995000,3,3,155 m²,92 Voliere Estate,Voliere Estate,Stellenbosch,https://www.property24.com/for-sale/voliere-estate/stellenbosch/western-cape/33652/116696227,,,This exceptional turnkey home at 92 Nightjar Drive in Voliere Estate offers modern ...,,https://images.prop24.com/233852929/Ensure264x153,12000,144000,3.6,False,,6500.0,78000.0,rental_area_q1,600,2497.0,4994.0,0.0,1200,-39728.0,-0.0099,1.95,51.22,0.16,1.4293,216806.0,50000,1087306.0,3196000.0,32989.0,-36299.0,-435592.0,-0.4006,-0.1,6.5045,-496594.0,-112.43,25774.0,27602.0,-6.62,4794000.0,3835200.0,639200.0,448106.0,-42897.0,-1.81,4758109.0,5346211.0,7154437.0,1083901.0,2902413.0,2443798.0,1644798.0,-2207291.0,-1123390.0,-1.0332,0.0,-0.0365,0,21,0.0,,0.2742,0.0,50.0,50.0,35.0,0,-6.6,0.0,0.0,0.0,60.1,58.8,100,28.6,714
sale,2 Bedroom Apartment,6550000,2,2,,Nooitgedacht Village,Nooitgedacht Village,Stellenbosch,https://www.property24.com/for-sale/nooitgedacht-village/stellenbosch/western-cape/14758/116787640,,,"Sole Mandate.  Beautifully 2-bedroom north-facing penthouse ideal as a permanent home, weekend retreat or international ...",,https://images.prop24.com/343129358/Ensure264x153,12000,144000,2.2,False,mandate,17600.0,211200.0,rental_suburb,600,4094.0,8188.0,0.0,1200,25329.0,0.0039,3.22,31.01,0.27,0.8001,497856.0,50000,1879356.0,5240000.0,54087.0,-51976.0,-623711.0,-0.3319,0.04,3.8732,316612.0,-95.17,,21825.0,,7860000.0,6288000.0,1048000.0,831356.0,-62793.0,-1.44,7801155.0,8765378.0,11730052.0,1777109.0,4758650.0,4006727.0,2696727.0,-3113300.0,-1336191.0,-0.711,-0.2198,0.0135,1,14,0.07,0.0,0.2841,0.0,50.0,50.0,35.0,30,2.6,0.0,0.0,0.0,34.5,55.8,90,28.6,715
sale,3 Bedroom Townhouse,3750000,3,2,159 m²,Newinbosch,Newinbosch,Stellenbosch,https://www.property24.com/for-sale/newinbosch/stellenbosch/western-cape/33422/116617920,,,"Rooted in sustainability, welcoming by inclusive design and shaped with care, Newinbosch offers more than housing – it offers a living ...",,https://images.prop24.com/368474747/Crop600x400,12000,144000,3.84,False,,20000.0,240000.0,rental_suburb,600,2344.0,4688.0,0.0,1200,114825.0,0.0306,6.4,15.62,0.53,0.4416,189856.0,50000,1011356.0,3000000.0,30966.0,-21397.0,-256763.0,-0.2539,0.31,1.9898,1435312.0,-61.72,23585.0,21226.0,11.11,4500000.0,3600000.0,600000.0,411356.0,-27590.0,-0.94,4466310.0,5018346.0,6715679.0,1017429.0,2724418.0,2293928.0,1543928.0,-1223025.0,-205597.0,-0.2033,-0.0444,0.1135,3,49,0.57,0.1,0.3095,0.0,50.0,50.0,35.0,0,20.4,0.0,0.0,0.0,62.5,59.3,70,28.6,716
sale,3 Bedroom House,2850000,3,2,270 m²,38 Mountain View Crescent,Robertson,Robertson,https://www.property24.com/for-sale/robertson/robertson/western-cape/16671/117056124,,,Discover a lifestyle where modern comfort meets the natural beauty of the Winelands. Set ...,,https://images.prop24.com/343002245/Crop600x400,6000,72000,2.53,False,,15000.0,180000.0,rental_suburb,300,1781.0,3562.0,0.0,1200,83475.0,0.0293,6.32,15.83,0.53,0.4562,95200.0,50000,736700.0,2280000.0,23534.0,-16578.0,-198932.0,-0.27,0.3,2.0252,834750.0,-70.71,10556.0,9366.0,12.71,3420000.0,2736000.0,456000.0,280700.0,-21284.0,-1.01,3394396.0,3813943.0,5103916.0,773246.0,2070558.0,1743385.0,1173385.0,-950751.0,-177506.0,-0.2409,-0.0536,0.1133,4,56,0.21,0.36,0.3369,0.0,50.0,50.0,35.0,0,19.5,0.0,0.0,0.0,71.5,61.9,60,28.6,717
sale,3 Bedroom House,2850000,3,2,270 m²,38 Mountain View Crescent,Robertson,Robertson,https://www.property24.com/for-sale/robertson/robertson/western-cape/16671/116968329,,,Discover a lifestyle where modern comfort meets the natural beauty of the Winelands. Set ...,,https://images.prop24.com/343002245/Crop600x400,6000,72000,2.53,False,,15000.0,180000.0,rental_suburb,300,1781.0,3562.0,0.0,1200,83475.0,0.0293,6.32,15.83,0.53,0.4562,95200.0,50000,736700.0,2280000.0,23534.0,-16578.0,-198932.0,-0.27,0.3,2.0252,834750.0,-70.71,10556.0,9366.0,12.71,3420000.0,2736000.0,456000.0,280700.0,-21284.0,-1.01,3394396.0,3813943.0,5103916.0,773246.0,2070558.0,1743385.0,1173385.0,-950751.0,-177506.0,-0.2409,-0.0536,0.1133,4,56,0.21,0.36,0.3369,0.0,50.0,50.0,35.0,0,19.5,0.0,0.0,0.0,71.5,61.9,60,28.6,718
sale,1 Bedroom Apartment,4750000,1,1,80 m²,Val de Vie Estate,Val de Vie Estate,Paarl,https://www.property24.com/for-sale/val-de-vie-estate/paarl/western-cape/11726/116958996,,,"Situated in the sought-after Polo Village Apartments within Val de Vie Estate, this stylish one-bedroom apartment offers a perfect ...",,https://images.prop24.com/255290839/Ensure264x153,7000,84000,1.77,False,,18000.0,216000.0,rental_suburb,2202.0,2969.0,5938.0,0.0,1200,51021.0,0.0107,4.55,21.99,0.38,0.6838,299856.0,50000,1321356.0,3800000.0,39223.0,-34971.0,-419657.0,-0.3176,0.11,2.8629,566898.0,-88.07,59375.0,59375.0,0.0,5700000.0,4560000.0,760000.0,561356.0,-42816.0,-1.33,5657326.0,6356571.0,8506527.0,1288743.0,3450929.0,2905642.0,1955642.0,-2076909.0,-788166.0,-0.5965,-0.166,0.0386,1,28,0.04,0.0,0.3067,0.0,50.0,51.0,35.2,0,7.2,0.0,0.0,0.0,52.5,57.5,90,28.5,719
sale,3 Bedroom House,6495000,3,2,1 146 m²,Groenvlei,Groenvlei,Paarl,https://www.property24.com/for-sale/groenvlei/paarl/western-cape/8601/116931591,,,"Exclusive Sole Mandate - Hanlies Properties proudly presents this exceptional home in sought-after Upper Groenvlei, now newly released ...",,https://images.prop24.com/41199432/Ensure264x153,9500,114000,1.76,False,mandate,7000.0,84000.0,rental_area_q1,3075.0,4059.0,8119.0,0.0,1200,-120161.0,-0.0185,1.29,77.32,0.11,2.3505,491806.0,50000,1862306.0,5196000.0,53633.0,-63646.0,-763751.0,-0.4101,-0.19,10.0123,-1335126.0,-120.56,,14191.0,,7794000.0,6235200.0,1039200.0,823106.0,-74372.0,-1.9,7735649.0,8691775.0,11631556.0,1762186.0,4718692.0,3973083.0,2674083.0,-3899639.0,-2137452.0,-1.1477,0.0,-0.0645,0,7,0.0,,0.4534,0.0,50.0,51.0,35.2,30,-12.3,0.0,0.0,0.0,35.1,55.8,100,28.5,720
sale,1 Bedroom Apartment,4750000,1,1,80 m²,"- Polo Village 2, 1 Val De Vie Estate,",Val de Vie Estate,Paarl,https://www.property24.com/for-sale/val-de-vie-estate/paarl/western-cape/11726/114633171,,,Welcome to an unparalleled lifestyle in this exquisite apartment in Val de Vie Polo ...,,https://images.prop24.com/252834057/Ensure264x153,7000,84000,1.77,False,,18000.0,216000.0,rental_suburb,2202.0,2969.0,5938.0,0.0,1200,51021.0,0.0107,4.55,21.99,0.38,0.6838,299856.0,50000,1321356.0,3800000.0,39223.0,-34971.0,-419657.0,-0.3176,0.11,2.8629,566898.0,-88.07,59375.0,59375.0,0.0,5700000.0,4560000.0,760000.0,561356.0,-42816.0,-1.33,5657326.0,6356571.0,8506527.0,1288743.0,3450929.0,2905642.0,1955642.0,-2076909.0,-788166.0,-0.5965,-0.166,0.0386,1,28,0.04,0.0,0.3067,0.0,50.0,51.0,35.2,0,7.2,0.0,0.0,0.0,52.5,57.5,90,28.5,721
sale,1 Bedroom Apartment,4750000,1,1,65 m²,Val de Vie Estate,Val de Vie Estate,Paarl,https://www.property24.com/for-sale/val-de-vie-estate/paarl/western-cape/11726/114706498,,,This first floor apartment in the Polo Village Apartments II at Val de Vie offers exquisite modern living. The open plan kitchen ...,,https://images.prop24.com/305638802/Ensure264x153,7000,84000,1.77,False,,18000.0,216000.0,rental_suburb,2202.0,2969.0,5938.0,0.0,1200,51021.0,0.0107,4.55,21.99,0.38,0.6838,299856.0,50000,1321356.0,3800000.0,39223.0,-34971.0,-419657.0,-0.3176,0.11,2.8629,566898.0,-88.07,73077.0,59375.0,23.08,5700000.0,4560000.0,760000.0,561356.0,-42816.0,-1.33,5657326.0,6356571.0,8506527.0,1288743.0,3450929.0,2905642.0,1955642.0,-2076909.0,-788166.0,-0.5965,-0.166,0.0386,1,28,0.04,0.0,0.3067,0.0,50.0,51.0,35.2,0,7.2,0.0,0.0,0.0,52.5,57.5,90,28.5,722
sale,1 Bedroom Apartment,4750000,1,1,80 m²,Val de Vie Estate,Val de Vie Estate,Paarl,https://www.property24.com/for-sale/val-de-vie-estate/paarl/western-cape/11726/114193799,,,This is a fantastic opportunity for the busy professional who needs somewhere to rest their heads after a long day at work while being ...,,https://images.prop24.com/206466645/Ensure264x153,7000,84000,1.77,False,,18000.0,216000.0,rental_suburb,2202.0,2969.0,5938.0,0.0,1200,51021.0,0.0107,4.55,21.99,0.38,0.6838,299856.0,50000,1321356.0,3800000.0,39223.0,-34971.0,-419657.0,-0.3176,0.11,2.8629,566898.0,-88.07,59375.0,59375.0,0.0,5700000.0,4560000.0,760000.0,561356.0,-42816.0,-1.33,5657326.0,6356571.0,8506527.0,1288743.0,3450929.0,2905642.0,1955642.0,-2076909.0,-788166.0,-0.5965,-0.166,0.0386,1,28,0.04,0.0,0.3067,0.0,50.0,51.0,35.2,0,7.2,0.0,0.0,0.0,52.5,57.5,90,28.5,723
sale,1 Bedroom Apartment,4750000,1,1,65 m²,Val de Vie Estate,Val de Vie Estate,Paarl,https://www.property24.com/for-sale/val-de-vie-estate/paarl/western-cape/11726/116373158,,,"The Polo Pad is a first-floor, north-facing apartment offering 65sqm under roof, with an 15sqm balcony included in the total size. ...",,https://images.prop24.com/363879363/Ensure264x153,7000,84000,1.77,False,,18000.0,216000.0,rental_suburb,2202.0,2969.0,5938.0,0.0,1200,51021.0,0.0107,4.55,21.99,0.38,0.6838,299856.0,50000,1321356.0,3800000.0,39223.0,-34971.0,-419657.0,-0.3176,0.11,2.8629,566898.0,-88.07,73077.0,59375.0,23.08,5700000.0,4560000.0,760000.0,561356.0,-42816.0,-1.33,5657326.0,6356571.0,8506527.0,1288743.0,3450929.0,2905642.0,1955642.0,-2076909.0,-788166.0,-0.5965,-0.166,0.0386,1,28,0.04,0.0,0.3067,0.0,50.0,51.0,35.2,0,7.2,0.0,0.0,0.0,52.5,57.5,90,28.5,724
sale,3 Bedroom House,3857000,3,2,160 m²,4 Arbour Street,Newinbosch,Stellenbosch,https://www.property24.com/for-sale/newinbosch/stellenbosch/western-cape/33422/117061198,,,"Located in the sought-after, green Newinbosch neighbourhood, Phase 3 is now available ...",,https://images.prop24.com/206466645/Ensure264x153,12000,144000,3.73,False,,20000.0,240000.0,rental_suburb,600,2411.0,4821.0,0.0,1200,112418.0,0.0291,6.22,16.07,0.52,0.4516,201626.0,50000,1044526.0,3085600.0,31849.0,-22481.0,-269773.0,-0.2583,0.29,2.0441,1405219.0,-63.57,24106.0,21226.0,13.57,4628400.0,3702720.0,617120.0,427406.0,-28851.0,-0.97,4593749.0,5161536.0,6907300.0,1046459.0,2802155.0,2359381.0,1587981.0,-1289610.0,-243150.0,-0.2328,-0.0516,0.1076,3,49,0.57,0.1,0.3095,0.0,50.0,50.0,35.0,0,19.4,0.0,0.0,0.0,61.4,59.1,70,28.5,725
sale,1 Bedroom Apartment,3650000,1,1,47 m²,36 Joubert Street,Stellenbosch Central,Stellenbosch,https://www.property24.com/for-sale/stellenbosch-central/stellenbosch/western-cape/8566/116865684,,,Exclusive mandate. Located directly alongside Stellenbosch University’s Engineering ...,,https://images.prop24.com/206466645/Ensure264x153,8500,102000,2.79,False,,11250.0,135000.0,rental_suburb,600,2281.0,4562.0,0.0,1200,20475.0,0.0056,3.7,27.04,0.31,0.7683,178856.0,50000,980356.0,2920000.0,30140.0,-28434.0,-341204.0,-0.348,0.06,3.4474,255938.0,-92.99,77660.0,55882.0,38.97,4380000.0,3504000.0,584000.0,396356.0,-34462.0,-1.49,4347208.0,4884523.0,6536594.0,990297.0,2651767.0,2232756.0,1502756.0,-1699930.0,-709633.0,-0.7239,-0.2269,0.0209,28,87,0.54,1.2,0.4083,16.1,50.0,50.0,39.8,0,3.7,0.0,0.0,0.0,63.5,59.6,0,28.5,726
sale,3 Bedroom Townhouse,3857000,3,2,160 m²,(18319) 4 Arbour Street,Newinbosch,Stellenbosch,https://www.property24.com/for-sale/newinbosch/stellenbosch/western-cape/33422/116984516,,,"Just 3km from the heart of Stellenbosch, award-winning Newinbosch is a sustainably ...",,https://images.prop24.com/320031844/Ensure264x153,12000,144000,3.73,False,,20000.0,240000.0,rental_suburb,600,2411.0,4821.0,0.0,1200,112418.0,0.0291,6.22,16.07,0.52,0.4516,201626.0,50000,1044526.0,3085600.0,31849.0,-22481.0,-269773.0,-0.2583,0.29,2.0441,1405219.0,-63.57,24106.0,21226.0,13.57,4628400.0,3702720.0,617120.0,427406.0,-28851.0,-0.97,4593749.0,5161536.0,6907300.0,1046459.0,2802155.0,2359381.0,1587981.0,-1289610.0,-243150.0,-0.2328,-0.0516,0.1076,3,49,0.57,0.1,0.3095,0.0,50.0,50.0,35.0,0,19.4,0.0,0.0,0.0,61.4,59.1,70,28.5,727
sale,3 Bedroom Apartment,3880000,3,2,131 m²,9 Grappa Street Resale,Newinbosch,Stellenbosch,https://www.property24.com/for-sale/newinbosch/stellenbosch/western-cape/33422/116648836,,,"*Vacant Occupation*
Exclusively presented by Pam Golding Properties. Experience refined ...",,https://images.prop24.com/206466645/Ensure264x153,12000,144000,3.71,False,,20000.0,240000.0,rental_suburb,600,2425.0,4850.0,0.0,1200,111900.0,0.0288,6.19,16.17,0.52,0.4537,204156.0,50000,1051656.0,3104000.0,32039.0,-22714.0,-272570.0,-0.2592,0.29,2.0557,1398750.0,-63.95,29618.0,21226.0,39.54,4656000.0,3724800.0,620800.0,430856.0,-29122.0,-0.98,4621142.0,5192315.0,6948489.0,1052699.0,2818865.0,2373451.0,1597451.0,-1303922.0,-251223.0,-0.2389,-0.0531,0.1064,3,49,0.57,0.1,0.3095,0.0,50.0,50.0,35.0,0,19.2,0.0,0.0,0.0,61.2,59.0,70,28.5,728
sale,3 Bedroom Apartment,3880000,3,2,131 m²,9 Grappa Street Resale,Newinbosch,Stellenbosch,https://www.property24.com/for-sale/newinbosch/stellenbosch/western-cape/33422/116870200,,,"*Vacant Occupation*
Exclusively presented by Pam Golding Properties. Experience refined ...",,https://images.prop24.com/206466645/Ensure264x153,12000,144000,3.71,False,,20000.0,240000.0,rental_suburb,600,2425.0,4850.0,0.0,1200,111900.0,0.0288,6.19,16.17,0.52,0.4537,204156.0,50000,1051656.0,3104000.0,32039.0,-22714.0,-272570.0,-0.2592,0.29,2.0557,1398750.0,-63.95,29618.0,21226.0,39.54,4656000.0,3724800.0,620800.0,430856.0,-29122.0,-0.98,4621142.0,5192315.0,6948489.0,1052699.0,2818865.0,2373451.0,1597451.0,-1303922.0,-251223.0,-0.2389,-0.0531,0.1064,3,49,0.57,0.1,0.3095,0.0,50.0,50.0,35.0,0,19.2,0.0,0.0,0.0,61.2,59.0,70,28.5,729
sale,2 Bedroom Apartment,4125000,2,1,66 m²,Franschhoek,Franschhoek,Franschhoek,https://www.property24.com/for-sale/franschhoek/franschhoek/western-cape/8653/117038904,,,"This ground-floor apartment features two bedrooms, sharing a splendid full bathroom. The open-plan kitchen and living area seamlessly ...",,https://images.prop24.com/233852929/Ensure264x153,10000,120000,2.91,False,,17000.0,204000.0,rental_suburb,500,2578.0,5156.0,0.0,1200,74468.0,0.0181,4.95,20.22,0.41,0.555,231106.0,50000,1127606.0,3300000.0,34062.0,-27857.0,-334279.0,-0.2965,0.18,2.5586,1063821.0,-74.21,62500.0,29897.0,109.05,4950000.0,3960000.0,660000.0,467606.0,-34669.0,-1.2,4912941.0,5520181.0,7387247.0,1119171.0,2996860.0,2523321.0,1698321.0,-1634463.0,-515292.0,-0.457,-0.115,0.066,2,25,0.36,0.12,0.1983,0.0,50.0,50.0,35.0,0,12.0,0.0,0.0,0.0,58.8,58.5,80,28.5,730
sale,2 Bedroom Apartment,925000,2,1,74 m²,Worcester Central,Worcester Central,Worcester,https://www.property24.com/for-sale/worcester-central/worcester/western-cape/8860/116877084,,,"Exclusive Sole Mandate

This neat and spacious unit is ideally situated in the heart of Worcester Central. The apartment features a ...",,https://images.prop24.com/373084909/Crop600x400,7000,84000,9.08,True,mandate,8750.0,105000.0,rental_suburb,400,578.0,1156.0,0.0,1200,56588.0,0.0612,11.35,8.81,0.95,0.3811,0.0,100000,306500.0,740000.0,7638.0,-2923.0,-35071.0,-0.1144,0.62,1.254,565875.0,-38.82,12500.0,10714.0,16.67,1110000.0,888000.0,148000.0,158500.0,-4450.0,-0.22,1101690.0,1237859.0,1656534.0,250966.0,672023.0,565836.0,380836.0,-144712.0,106253.0,0.3467,0.0613,0.1846,10,20,0.6,0.69,1.0847,0.0,50.0,50.0,35.0,30,40.8,0.0,0.0,0.0,90.8,48.3,0,28.5,731
sale,3 Bedroom House,2950000,3,2,447 m²,7 Shiraz Street,Robertson,Robertson,https://www.property24.com/for-sale/robertson/robertson/western-cape/16671/116982298,,,"Exclusive Mandate:  Situated in the highly sought-after Roode Villas in Robertson, this ...",,https://images.prop24.com/233852929/Ensure264x153,6000,72000,2.44,False,,15000.0,180000.0,rental_suburb,300,1844.0,3688.0,0.0,1200,81225.0,0.0275,6.1,16.39,0.51,0.4688,103200.0,50000,764700.0,2360000.0,24360.0,-17591.0,-211091.0,-0.276,0.28,2.0927,812250.0,-72.47,6600.0,9366.0,-29.53,3540000.0,2832000.0,472000.0,292700.0,-22463.0,-1.05,3513497.0,3947765.0,5283001.0,800377.0,2143209.0,1804557.0,1214557.0,-1012980.0,-212603.0,-0.278,-0.0631,0.1062,4,56,0.21,0.36,0.3369,0.0,50.0,50.0,35.0,0,18.4,0.0,0.0,0.0,70.5,61.7,60,28.5,732
sale,Farm,3995000,1,0,10 ha,Next To Eden (643),Montagu Rural,Montagu,https://www.property24.com/for-sale/montagu-rural/montagu/western-cape/16612/116764164,,,"Spectacular mountain views, with two amazing houses, restored to their former glory at a ...",,https://images.prop24.com/277028145/Ensure264x153,4500,54000,1.35,False,,4500.0,54000.0,csv_estimate,250,2497.0,4994.0,0.0,1200,-57608.0,-0.0144,1.35,73.98,0.11,1.9868,216806.0,50000,1087306.0,3196000.0,32989.0,-37789.0,-453472.0,-0.4171,-0.15,9.3176,-576075.0,-114.42,,,,4794000.0,3835200.0,639200.0,448106.0,-44387.0,-1.91,4758109.0,5346211.0,7154437.0,1083901.0,2902413.0,2443798.0,1644798.0,-2306845.0,-1222945.0,-1.1247,0.0,-0.053,0,8,0.0,,0.2455,0.0,50.0,50.0,35.0,0,-9.6,0.0,0.0,0.0,60.1,58.8,100,28.5,733
sale,3 Bedroom House,4399000,3,2,365 m²,"42153 Honeydew Country Estate, 140 Pepino Avenue",Honeydew Country Estate,Paarl,https://www.property24.com/for-sale/honeydew-country-estate/paarl/western-cape/33199/116140427,,,"Introducing Type 5B house.

This is a brand-new house with modern finishes, perfect ...",,https://images.prop24.com/322138770/Ensure264x153,9500,114000,2.59,False,,7000.0,84000.0,rental_area_q1,2026.0,2749.0,5499.0,0.0,1200,-60414.0,-0.0137,1.91,52.37,0.16,1.6392,261246.0,50000,1212546.0,3519200.0,36325.0,-41359.0,-496311.0,-0.4093,-0.14,6.8285,-671264.0,-115.26,12052.0,20732.0,-41.87,5278800.0,4223040.0,703840.0,508706.0,-48624.0,-1.87,5239279.0,5886854.0,7877939.0,1193512.0,3195924.0,2690930.0,1811130.0,-2524372.0,-1330861.0,-1.0976,0.0,-0.0498,0,12,0.08,,0.1833,0.0,50.0,51.0,35.2,0,-9.2,0.0,0.0,0.0,56.0,58.0,100,28.4,734
sale,3 Bedroom House,4317000,3,2,297 m²,Honeydew Country Estate,Honeydew Country Estate,Paarl,https://www.property24.com/for-sale/honeydew-country-estate/paarl/western-cape/33199/116152553,,,"?? Modern Luxury Living in Honeydew Estate, Paarl ??

Discover your dream home in the sought-after Honeydew Country Estate, where style ...",,https://images.prop24.com/72874115/Ensure264x153,9500,114000,2.64,False,,7000.0,84000.0,rental_area_q1,1985.0,2698.0,5396.0,0.0,1200,-58076.0,-0.0135,1.95,51.39,0.16,1.6114,252226.0,50000,1187126.0,3453600.0,35648.0,-40487.0,-485848.0,-0.4093,-0.14,6.7039,-645292.0,-114.95,14535.0,20732.0,-29.89,5180400.0,4144320.0,690720.0,496406.0,-47617.0,-1.87,5141616.0,5777120.0,7731090.0,1171264.0,3136350.0,2640770.0,1777370.0,-2470569.0,-1299305.0,-1.0945,0.0,-0.0489,0,12,0.08,,0.1833,0.0,50.0,51.0,35.2,0,-9.0,0.0,0.0,0.0,56.8,58.2,100,28.4,735
sale,3 Bedroom Apartment,4250000,3,3,104 m²,Devonbosch Precinct,Devonbosch Precinct,Stellenbosch,https://www.property24.com/for-sale/devonbosch-precinct/stellenbosch/western-cape/33562/116785775,,,"Located in The Residence at Devonbosch, this north-west facing 3-bedroom apartment offers a rare blend of secure investment returns and ...",,https://images.prop24.com/285138330/Ensure264x153,12000,144000,3.39,False,,6500.0,78000.0,rental_area_q1,600,2656.0,5312.0,0.0,1200,-45465.0,-0.0107,1.84,54.49,0.15,1.5029,244856.0,50000,1166356.0,3400000.0,35094.0,-38883.0,-466598.0,-0.4,-0.11,6.902,-568312.0,-113.37,40865.0,56375.0,-27.51,5100000.0,4080000.0,680000.0,486356.0,-45902.0,-1.81,5061818.0,5687459.0,7611103.0,1153086.0,3087674.0,2599785.0,1749785.0,-2365973.0,-1212888.0,-1.0399,0.0,-0.039,0,9,0.0,,0.2264,0.0,50.0,50.0,35.0,0,-7.1,0.0,0.0,0.0,57.5,58.3,100,28.4,736
sale,1 Bedroom Apartment,5900000,1,1,104 m²,"3 Vredehof, 24 Koch Street",Stellenbosch Central,Stellenbosch,https://www.property24.com/for-sale/stellenbosch-central/stellenbosch/western-cape/8566/116021724,,,"Exclusive Sole Mandate
 
Positioned in the prestigious, quiet, and secure Krigeville ...",,https://images.prop24.com/322138770/Ensure264x153,8500,102000,1.73,False,mandate,11250.0,135000.0,rental_suburb,600,3688.0,7375.0,0.0,1200,-30150.0,-0.0051,2.29,43.7,0.19,1.1433,426356.0,50000,1677856.0,4720000.0,48719.0,-51232.0,-614782.0,-0.3664,-0.05,5.4739,-376875.0,-106.39,56731.0,55882.0,1.52,7080000.0,5664000.0,944000.0,733856.0,-60976.0,-1.63,7026994.0,7895531.0,10566001.0,1600754.0,4286418.0,3609113.0,2429113.0,-3100071.0,-1499317.0,-0.8936,-0.3612,-0.018,28,87,0.54,1.2,0.4083,16.1,50.0,50.0,39.8,30,-3.4,0.0,0.0,0.0,41.0,56.3,0,28.4,737
sale,3 Bedroom House,4370000,3,2,180 m²,28 Voliere Estate,Voliere Estate,Stellenbosch,https://www.property24.com/for-sale/voliere-estate/stellenbosch/western-cape/33652/116261913,,,"Secure your spot in the final phase of the prestigious Volière Estate, just 3.5 km ...",,https://images.prop24.com/233852929/Ensure264x153,12000,144000,3.3,False,,6500.0,78000.0,rental_area_q1,600,2731.0,5462.0,0.0,1200,-48165.0,-0.011,1.78,56.03,0.15,1.5375,258056.0,50000,1203556.0,3496000.0,36085.0,-40099.0,-481189.0,-0.3998,-0.11,7.0891,-602062.0,-113.78,24278.0,27602.0,-12.04,5244000.0,4195200.0,699200.0,504356.0,-47316.0,-1.81,5204740.0,5848046.0,7826004.0,1185643.0,3174855.0,2673191.0,1799191.0,-2440648.0,-1255004.0,-1.0427,0.0,-0.04,0,21,0.0,,0.2742,0.0,50.0,50.0,35.0,0,-7.3,0.0,0.0,0.0,56.3,58.1,100,28.4,738
sale,1 Bedroom Apartment,3750000,1,1,28 m²,"25 Huis Piron, 23 Van Riebeeck Straat",Stellenbosch Central,Stellenbosch,https://www.property24.com/for-sale/stellenbosch-central/stellenbosch/western-cape/8566/116381521,,,"EXCELLENT INVESTMENT OPPORTUNITY-PERFECT FOR AIRBnB
Bachelor Apartment For Sale in ...",,https://images.prop24.com/242461081/Ensure264x153,8500,102000,2.72,False,,11250.0,135000.0,rental_suburb,600,2344.0,4688.0,0.0,1200,18225.0,0.0049,3.6,27.78,0.3,0.785,189856.0,50000,1011356.0,3000000.0,30966.0,-29447.0,-353363.0,-0.3494,0.05,3.5375,227812.0,-93.92,133929.0,55882.0,139.66,4500000.0,3600000.0,600000.0,411356.0,-35640.0,-1.51,4466310.0,5018346.0,6715679.0,1017429.0,2724418.0,2293928.0,1543928.0,-1762159.0,-744730.0,-0.7364,-0.2341,0.018,28,87,0.54,1.2,0.4083,16.1,50.0,50.0,39.8,0,3.2,0.0,0.0,0.0,62.5,59.3,0,28.4,739
sale,2 Bedroom Apartment,950000,2,1,74 m²,Worcester Central,Worcester Central,Worcester,https://www.property24.com/for-sale/worcester-central/worcester/western-cape/8860/116607613,,,"Exclusive Sole Mandate

This neat and spacious unit is ideally situated in the heart of Worcester Central. The apartment features a ...",,https://images.prop24.com/242461081/Ensure264x153,7000,84000,8.84,True,mandate,8750.0,105000.0,rental_suburb,400,594.0,1188.0,0.0,1200,56025.0,0.059,11.05,9.05,0.92,0.3864,0.0,100000,311500.0,760000.0,7845.0,-3176.0,-38111.0,-0.1223,0.6,1.283,560250.0,-41.03,12838.0,10714.0,19.82,1140000.0,912000.0,152000.0,159500.0,-4745.0,-0.27,1131465.0,1271314.0,1701305.0,257749.0,690186.0,581128.0,391128.0,-160270.0,97479.0,0.3129,0.056,0.1799,10,20,0.6,0.69,1.0847,0.0,50.0,50.0,35.0,30,39.3,0.0,0.0,0.0,90.5,48.8,0,28.4,740
sale,3 Bedroom House,4500000,3,3,320 m²,"Mountain Crest, 1 Carolina Road",Mountain Crest Private Estate,Paarl,https://www.property24.com/for-sale/mountain-crest-private-estate/paarl/western-cape/25479/116921702,,,"Stylish 3-bedroom house in the Mountain Crest Private Estate – secure, modern living at ...",,https://images.prop24.com/252834057/Ensure264x153,9500,114000,2.53,False,,7000.0,84000.0,rental_area_q1,2077.0,2812.0,5625.0,0.0,1200,-63293.0,-0.0141,1.87,53.57,0.16,1.6735,272356.0,50000,1243856.0,3600000.0,37159.0,-42433.0,-509198.0,-0.4094,-0.14,6.9819,-703254.0,-115.63,14062.0,14062.0,0.0,5400000.0,4320000.0,720000.0,523856.0,-49865.0,-1.87,5359572.0,6022015.0,8058815.0,1220914.0,3269302.0,2752713.0,1852713.0,-2590642.0,-1369728.0,-1.1012,0.0,-0.0509,0,5,0.0,,0.2095,0.0,50.0,51.0,35.2,0,-9.4,0.0,0.0,0.0,55.0,57.9,100,28.3,741
sale,3 Bedroom House,4495000,3,2,739 m²,Hoog En Droog,Hoog En Droog,Paarl,https://www.property24.com/for-sale/hoog-en-droog/paarl/western-cape/16385/116973033,,,"Exclusively Marketed By Fouchee Properties

This charming cottage-style home is perfectly located in a sought-after neighbourhood ...",,https://images.prop24.com/275940058/Ensure264x153,9500,114000,2.54,False,,7000.0,84000.0,rental_area_q1,2074.0,2809.0,5619.0,0.0,1200,-63150.0,-0.014,1.87,53.51,0.16,1.6718,271806.0,50000,1242306.0,3596000.0,37117.0,-42380.0,-508560.0,-0.4094,-0.14,6.9743,-701670.0,-115.61,6083.0,22162.0,-72.55,5394000.0,4315200.0,719200.0,523106.0,-49804.0,-1.87,5353617.0,6015324.0,8049860.0,1219558.0,3265669.0,2749655.0,1850655.0,-2587362.0,-1367804.0,-1.101,0.0,-0.0508,0,6,0.0,,0.4303,0.0,50.0,51.0,35.2,0,-9.4,0.0,0.0,0.0,55.0,57.9,100,28.3,742
sale,3 Bedroom House,4500000,3,3,320 m²,Mountain Crest Private Estate,Mountain Crest Private Estate,Paarl,https://www.property24.com/for-sale/mountain-crest-private-estate/paarl/western-cape/25479/116739454,,,"Situated within the sought-after Mountain Crest Private Estate, this modern double-storey home presents an excellent opportunity for ...",,https://images.prop24.com/72874115/Ensure264x153,9500,114000,2.53,False,,7000.0,84000.0,rental_area_q1,2077.0,2812.0,5625.0,0.0,1200,-63293.0,-0.0141,1.87,53.57,0.16,1.6735,272356.0,50000,1243856.0,3600000.0,37159.0,-42433.0,-509198.0,-0.4094,-0.14,6.9819,-703254.0,-115.63,14062.0,14062.0,0.0,5400000.0,4320000.0,720000.0,523856.0,-49865.0,-1.87,5359572.0,6022015.0,8058815.0,1220914.0,3269302.0,2752713.0,1852713.0,-2590642.0,-1369728.0,-1.1012,0.0,-0.0509,0,5,0.0,,0.2095,0.0,50.0,51.0,35.2,0,-9.4,0.0,0.0,0.0,55.0,57.9,100,28.3,743
sale,3 Bedroom House,4470000,3,2,312 m²,99 Huguenot Estate,Kleine Parys 2,Paarl,https://www.property24.com/for-sale/kleine-parys-2/paarl/western-cape/25493/116485214,,,"This standout 3-bedroom Type K home offers generous proportions, modern comforts, and ...",,https://images.prop24.com/252834057/Ensure264x153,9500,114000,2.55,False,,7000.0,84000.0,rental_area_q1,2062.0,2794.0,5588.0,0.0,1200,-62438.0,-0.014,1.88,53.21,0.16,1.6633,269056.0,50000,1234556.0,3576000.0,36911.0,-42114.0,-505370.0,-0.4094,-0.14,6.9363,-693752.0,-115.52,14327.0,12148.0,17.93,5364000.0,4291200.0,715200.0,519356.0,-49496.0,-1.87,5323842.0,5981868.0,8005089.0,1212775.0,3247506.0,2734362.0,1840362.0,-2570958.0,-1358183.0,-1.1001,0.0,-0.0506,0,4,0.0,,0.1209,0.0,50.0,51.0,35.2,0,-9.3,0.0,0.0,0.0,55.3,57.9,100,28.3,744
sale,3 Bedroom Apartment,9400000,3,3,108 m²,Stellenbosch Central,Stellenbosch Central,Stellenbosch,https://www.property24.com/for-sale/stellenbosch-central/stellenbosch/western-cape/8566/117044845,,,"In the heart of central Stellenbosch, this exceptional residence offers a rare expression of refined living. Originally built in the ...",,https://images.prop24.com/376159908/Crop600x400,12000,144000,1.53,False,,10000.0,120000.0,rental_suburb,600,5875.0,11750.0,0.0,1200,-122700.0,-0.0131,1.28,78.33,0.11,1.9425,811356.0,50000,2762856.0,7520000.0,77621.0,-87846.0,-1054147.0,-0.3815,-0.13,9.7046,-1533750.0,-116.32,87037.0,55882.0,55.75,11280000.0,9024000.0,1504000.0,1258856.0,-103370.0,-1.74,11195550.0,12579320.0,16833968.0,2550354.0,6829208.0,5750113.0,3870113.0,-5355088.0,-2804734.0,-1.0152,0.0,-0.0444,3,87,0.54,0.4,0.4083,16.1,50.0,50.0,39.8,0,-8.7,0.0,0.0,0.0,6.0,54.4,70,28.3,745
sale,1 Bedroom Apartment,3950000,1,1,59 m²,Stellenbosch Central,Stellenbosch Central,Stellenbosch,https://www.property24.com/for-sale/stellenbosch-central/stellenbosch/western-cape/8566/117022903,,,"Discover this well-located 1-bedroom apartment in Stellenbosch Central, an ideal offering within the vibrant Winelands region. ...",,https://images.prop24.com/362901358/Ensure264x153,8500,102000,2.58,False,,11250.0,135000.0,rental_suburb,600,2469.0,4938.0,0.0,1200,13725.0,0.0035,3.42,29.26,0.28,0.8183,211856.0,50000,1073356.0,3160000.0,32617.0,-31473.0,-377681.0,-0.3519,0.04,3.7176,171562.0,-95.66,66949.0,55882.0,19.8,4740000.0,3792000.0,632000.0,441356.0,-37997.0,-1.52,4704513.0,5285991.0,7073848.0,1071691.0,2869720.0,2416271.0,1626271.0,-1886616.0,-814924.0,-0.7592,-0.2478,0.0128,28,87,0.54,1.2,0.4083,16.1,50.0,50.0,39.8,0,2.3,0.0,0.0,0.0,60.5,58.9,0,28.3,746
sale,3 Bedroom House,6950000,3,3,498 m²,La Roche,La Roche,Stellenbosch,https://www.property24.com/for-sale/la-roche/stellenbosch/western-cape/25482/116773170,,,"SOLE MANDATE

This stylish and spacious 3-bedroom, 3-bathroom home is perfectly positioned at the foot of the Simonsberg Mountains ...",,https://images.prop24.com/265117539/Ensure264x153,12000,144000,2.07,False,mandate,6500.0,78000.0,rental_area_q1,600,4344.0,8688.0,0.0,1200,-106215.0,-0.0153,1.12,89.1,0.09,2.2817,541856.0,50000,2003356.0,5560000.0,57390.0,-66241.0,-794891.0,-0.3968,-0.15,11.1109,-1327688.0,-119.1,13956.0,16643.0,-16.15,8340000.0,6672000.0,1112000.0,891356.0,-77719.0,-1.82,8277561.0,9300668.0,12446391.0,1885634.0,5049255.0,4251413.0,2861413.0,-4046143.0,-2160509.0,-1.0784,0.0,-0.053,0,4,0.0,,0.1016,0.0,50.0,50.0,35.0,30,-10.2,0.0,0.0,0.0,30.5,55.5,100,28.3,747
sale,2 Bedroom Apartment,4500000,2,2,75 m²,4 Distillery Road,Stellenbosch Central,Stellenbosch,https://www.property24.com/for-sale/stellenbosch-central/stellenbosch/western-cape/8566/116602744,,,"On the top floor this duplex apartment has spacious balconies on both floors, accessible ...",,https://images.prop24.com/206466645/Ensure264x153,12000,144000,3.2,False,,17000.0,204000.0,rental_suburb,600,2812.0,5625.0,0.0,1200,64830.0,0.0144,4.53,22.06,0.38,0.6022,272356.0,50000,1243856.0,3600000.0,37159.0,-31756.0,-381075.0,-0.3064,0.15,2.788,810375.0,-81.99,60000.0,55882.0,7.37,5400000.0,4320000.0,720000.0,523856.0,-39188.0,-1.27,5359572.0,6022015.0,8058815.0,1220914.0,3269302.0,2752713.0,1852713.0,-1874585.0,-653670.0,-0.5255,-0.1385,0.0521,16,87,0.54,0.99,0.4083,16.1,50.0,50.0,39.8,0,9.6,0.0,0.0,0.0,55.0,57.9,0,28.3,748
sale,2 Bedroom House,4500000,2,2,208 m²,Tulbagh,Tulbagh,Tulbagh,https://www.property24.com/for-sale/tulbagh/tulbagh/western-cape/7608/116813484,,,"Discover De Oude Bakkerij, a rare Cape Dutch heritage home for sale dating back to circa 1805, located in the highly sought-after Van ...",,https://images.prop24.com/365699187/Crop600x400,6000,72000,1.6,False,,6000.0,72000.0,csv_estimate,300,2812.0,5625.0,0.0,1200,-53010.0,-0.0118,1.6,62.5,0.13,1.6562,272356.0,50000,1243856.0,3600000.0,37159.0,-41576.0,-498915.0,-0.4011,-0.12,7.8494,-481909.0,-110.71,21635.0,4597.0,370.59,5400000.0,4320000.0,720000.0,523856.0,-49008.0,-1.82,5359572.0,6022015.0,8058815.0,1220914.0,3269302.0,2752713.0,1852713.0,-2532059.0,-1311144.0,-1.0541,0.0,-0.0426,0,16,0.0,,0.6239,0.0,50.0,50.0,35.0,0,-7.9,0.0,0.0,0.0,55.0,57.9,100,28.3,749
sale,2 Bedroom Apartment,1250000,2,2,119 m²,Worcester Central,Worcester Central,Worcester,https://www.property24.com/for-sale/worcester-central/worcester/western-cape/8860/117064705,,,"EXCLUSIVE SOLE MANDATE

Discover extra comfort and room to breathe in this generously sized 2-bedroom, 2-bathroom apartment.

Offering ...",,https://images.prop24.com/376549001/Crop600x400,7000,84000,6.72,False,mandate,8750.0,105000.0,rental_suburb,400,781.0,1562.0,0.0,1200,49275.0,0.0394,8.4,11.9,0.7,0.4507,1200.0,50000,322700.0,1000000.0,10322.0,-6216.0,-74588.0,-0.2311,0.4,1.6304,492750.0,-60.58,10504.0,10714.0,-1.96,1500000.0,1200000.0,200000.0,122700.0,-8280.0,-0.78,1488770.0,1672782.0,2238560.0,339143.0,908139.0,764643.0,514643.0,-346955.0,-7812.0,-0.0242,-0.0049,0.1527,10,20,0.6,0.69,1.0847,0.0,50.0,50.0,35.0,30,26.3,0.0,0.0,0.0,87.5,62.0,0,28.3,750
sale,3 Bedroom House,3100000,3,2,331 m²,Robertson,Robertson,Robertson,https://www.property24.com/for-sale/robertson/robertson/western-cape/16671/116822113,,,"Tucked away in the heart of the Cape Winelands, this beautiful plot offers more than just land – it offers a lifestyle.

Enjoy ...",,https://images.prop24.com/179603478/Ensure264x153,6000,72000,2.32,False,,15000.0,180000.0,rental_suburb,300,1938.0,3875.0,0.0,1200,77850.0,0.0251,5.81,17.22,0.48,0.4875,118356.0,50000,809856.0,2480000.0,25598.0,-19111.0,-229329.0,-0.2832,0.25,2.1941,778500.0,-74.89,9366.0,9366.0,0.0,3720000.0,2976000.0,496000.0,313856.0,-24230.0,-1.1,3692150.0,4148499.0,5551628.0,841074.0,2252186.0,1896314.0,1276314.0,-1106323.0,-265248.0,-0.3275,-0.0763,0.0961,4,56,0.21,0.36,0.3369,0.0,50.0,50.0,35.0,0,16.7,0.0,0.0,0.0,69.0,61.2,60,28.3,751
sale,3 Bedroom House,3100000,3,2,331 m²,Robertson,Robertson,Robertson,https://www.property24.com/for-sale/robertson/robertson/western-cape/16671/116115281,,,"Tucked away in the heart of the Cape Winelands, this beautiful plot offers more than just land – it offers a lifestyle.

Enjoy ...",,https://images.prop24.com/179603478/Ensure264x153,6000,72000,2.32,False,,15000.0,180000.0,rental_suburb,300,1938.0,3875.0,0.0,1200,77850.0,0.0251,5.81,17.22,0.48,0.4875,118356.0,50000,809856.0,2480000.0,25598.0,-19111.0,-229329.0,-0.2832,0.25,2.1941,778500.0,-74.89,9366.0,9366.0,0.0,3720000.0,2976000.0,496000.0,313856.0,-24230.0,-1.1,3692150.0,4148499.0,5551628.0,841074.0,2252186.0,1896314.0,1276314.0,-1106323.0,-265248.0,-0.3275,-0.0763,0.0961,4,56,0.21,0.36,0.3369,0.0,50.0,50.0,35.0,0,16.7,0.0,0.0,0.0,69.0,61.2,60,28.3,752
sale,2 Bedroom House,4500000,2,1,749 m²,Montagu,Montagu,Montagu,https://www.property24.com/for-sale/montagu/montagu/western-cape/7595/116259455,,,Discover tranquility and breathtaking beauty in this property nestled in the foothills of Kogmanskloof. With views that will leave you ...,,https://images.prop24.com/361956478/Crop600x400,6000,72000,1.6,False,,6000.0,72000.0,csv_estimate,250,2812.0,5625.0,0.0,1200,-52410.0,-0.0116,1.6,62.5,0.13,1.6479,272356.0,50000,1243856.0,3600000.0,37159.0,-41526.0,-498315.0,-0.4006,-0.12,7.841,-524100.0,-111.65,6008.0,3921.0,53.24,5400000.0,4320000.0,720000.0,523856.0,-48958.0,-1.82,5359572.0,6022015.0,8058815.0,1220914.0,3269302.0,2752713.0,1852713.0,-2528677.0,-1307762.0,-1.0514,0.0,-0.0421,0,21,0.0,,0.529,0.0,50.0,50.0,35.0,0,-7.8,0.0,0.0,0.0,55.0,57.9,100,28.3,753
sale,3 Bedroom House,4562000,3,2,297 m²,Honeydew Country Estate,Honeydew Country Estate,Paarl,https://www.property24.com/for-sale/honeydew-country-estate/paarl/western-cape/33199/116653759,,,"Discover comfort, style, and security in this beautifully designed home situated in the sought-after Honeydew Country Estate.
This home ...",,https://images.prop24.com/72874115/Ensure264x153,9500,114000,2.5,False,,7000.0,84000.0,rental_area_q1,2108.0,2851.0,5702.0,0.0,1200,-65060.0,-0.0143,1.84,54.31,0.15,1.6945,279176.0,50000,1263076.0,3649600.0,37671.0,-43092.0,-517109.0,-0.4094,-0.14,7.0761,-722891.0,-115.85,15360.0,20732.0,-25.91,5474400.0,4379520.0,729920.0,533156.0,-50627.0,-1.87,5433415.0,6104985.0,8169847.0,1237736.0,3314345.0,2790640.0,1878240.0,-2631323.0,-1393587.0,-1.1033,0.0,-0.0515,0,12,0.08,,0.1833,0.0,50.0,51.0,35.2,0,-9.5,0.0,0.0,0.0,54.4,57.8,100,28.2,754
sale,2 Bedroom Apartment,5255000,2,2,59 m²,Dennesig,Dennesig,Stellenbosch,https://www.property24.com/for-sale/dennesig/stellenbosch/western-cape/8529/116939238,,,"Welcome to The One – an iconic, fully managed student development in Stellenbosch that redefines student accommodation with a perfect ...",,https://images.prop24.com/356448401/Crop600x400,12000,144000,2.74,False,,20000.0,240000.0,rental_suburb,600,3284.0,6569.0,0.0,1200,80962.0,0.0154,4.57,21.9,0.38,0.5827,355406.0,50000,1477906.0,4204000.0,43393.0,-36646.0,-439756.0,-0.2976,0.16,2.7523,1012031.0,-80.74,89068.0,73641.0,20.95,6306000.0,5044800.0,840800.0,637106.0,-45325.0,-1.22,6258789.0,7032375.0,9410905.0,1425757.0,3817818.0,3214558.0,2163558.0,-2159564.0,-733807.0,-0.4965,-0.1282,0.0548,1,14,0.21,0.0,0.2863,0.0,50.0,50.0,35.0,0,10.3,0.0,0.0,0.0,47.5,56.9,90,28.2,755
sale,3 Bedroom House,4595000,3,2,192 m²,108 Voliere Estate,Voliere Estate,Stellenbosch,https://www.property24.com/for-sale/voliere-estate/stellenbosch/western-cape/33652/116559164,,,"Welcome to 108 Voliere—a modern 3-bedroom, 2.5-bathroom home in the sought-after Voliere ...",,https://images.prop24.com/233852929/Ensure264x153,12000,144000,3.13,False,,6500.0,78000.0,rental_area_q1,600,2872.0,5744.0,0.0,1200,-53228.0,-0.0116,1.7,58.91,0.14,1.6024,282806.0,50000,1273306.0,3676000.0,37943.0,-42379.0,-508546.0,-0.3994,-0.12,7.4398,-665344.0,-114.48,23932.0,27602.0,-13.29,5514000.0,4411200.0,735200.0,538106.0,-49968.0,-1.81,5472719.0,6149147.0,8228945.0,1246689.0,3338320.0,2810826.0,1891826.0,-2580662.0,-1333973.0,-1.0476,0.0,-0.0418,0,21,0.0,,0.2742,0.0,50.0,50.0,35.0,0,-7.7,0.0,0.0,0.0,54.0,57.7,100,28.2,756
sale,3 Bedroom House,4200000,3,3,254 m²,20 Werf Street Resale,Newinbosch,Stellenbosch,https://www.property24.com/for-sale/newinbosch/stellenbosch/western-cape/33422/116504484,,,"*Vacant Occupation 2026*
Exclusively presented by Pam Golding Properties - Embrace the ...",,https://images.prop24.com/206466645/Ensure264x153,12000,144000,3.43,False,,20000.0,240000.0,rental_suburb,600,2625.0,5250.0,0.0,1200,104700.0,0.0249,5.71,17.5,0.48,0.4838,239356.0,50000,1150856.0,3360000.0,34682.0,-25957.0,-311478.0,-0.2706,0.25,2.2178,1308750.0,-68.84,16535.0,21226.0,-22.1,5040000.0,4032000.0,672000.0,478856.0,-32893.0,-1.05,5002267.0,5620547.0,7521560.0,1139520.0,3051348.0,2569199.0,1729199.0,-1503053.0,-363533.0,-0.3159,-0.0731,0.091,3,49,0.57,0.1,0.3095,0.0,50.0,50.0,35.0,0,16.6,0.0,0.0,0.0,58.0,58.4,70,28.2,757
sale,3 Bedroom House,4530000,3,2,176 m²,69 Voliere Estate,Voliere Estate,Stellenbosch,https://www.property24.com/for-sale/voliere-estate/stellenbosch/western-cape/33652/116429873,,,"Plot and Plan Opportunity.

Own this brand-new 187 sqm home (plot and plan) in the final ...",,https://images.prop24.com/233852929/Ensure264x153,12000,144000,3.18,False,,6500.0,78000.0,rental_area_q1,600,2831.0,5662.0,0.0,1200,-51765.0,-0.0114,1.72,58.08,0.14,1.5837,275656.0,50000,1253156.0,3624000.0,37407.0,-41720.0,-500643.0,-0.3995,-0.12,7.3385,-647062.0,-114.28,25739.0,27602.0,-6.75,5436000.0,4348800.0,724800.0,528356.0,-49202.0,-1.81,5395302.0,6062162.0,8112540.0,1229054.0,3291097.0,2771065.0,1865065.0,-2540213.0,-1311159.0,-1.0463,0.0,-0.0413,0,21,0.0,,0.2742,0.0,50.0,50.0,35.0,0,-7.6,0.0,0.0,0.0,54.7,57.8,100,28.2,758
sale,3 Bedroom House,4595000,3,2,192 m²,85 Voliere Estate,Voliere Estate,Stellenbosch,https://www.property24.com/for-sale/voliere-estate/stellenbosch/western-cape/33652/115752846,,,"Plot and Plan Home in Voliere Estate.

Step into Voliere Estate, a beautifully crafted ...",,https://images.prop24.com/233852929/Ensure264x153,12000,144000,3.13,False,,6500.0,78000.0,rental_area_q1,600,2872.0,5744.0,0.0,1200,-53228.0,-0.0116,1.7,58.91,0.14,1.6024,282806.0,50000,1273306.0,3676000.0,37943.0,-42379.0,-508546.0,-0.3994,-0.12,7.4398,-665344.0,-114.48,23932.0,27602.0,-13.29,5514000.0,4411200.0,735200.0,538106.0,-49968.0,-1.81,5472719.0,6149147.0,8228945.0,1246689.0,3338320.0,2810826.0,1891826.0,-2580662.0,-1333973.0,-1.0476,0.0,-0.0418,0,21,0.0,,0.2742,0.0,50.0,50.0,35.0,0,-7.7,0.0,0.0,0.0,54.0,57.7,100,28.2,759
sale,3 Bedroom House,4530000,3,2,176 m²,69 Voliere Estate,Voliere Estate,Stellenbosch,https://www.property24.com/for-sale/voliere-estate/stellenbosch/western-cape/33652/116923083,,,"Plot and Plan Opportunity.

Own this brand-new 187 sqm home (plot and plan) in the final ...",,https://images.prop24.com/233852929/Ensure264x153,12000,144000,3.18,False,,6500.0,78000.0,rental_area_q1,600,2831.0,5662.0,0.0,1200,-51765.0,-0.0114,1.72,58.08,0.14,1.5837,275656.0,50000,1253156.0,3624000.0,37407.0,-41720.0,-500643.0,-0.3995,-0.12,7.3385,-647062.0,-114.28,25739.0,27602.0,-6.75,5436000.0,4348800.0,724800.0,528356.0,-49202.0,-1.81,5395302.0,6062162.0,8112540.0,1229054.0,3291097.0,2771065.0,1865065.0,-2540213.0,-1311159.0,-1.0463,0.0,-0.0413,0,21,0.0,,0.2742,0.0,50.0,50.0,35.0,0,-7.6,0.0,0.0,0.0,54.7,57.8,100,28.2,760
sale,2 Bedroom Apartment,6490000,2,2,129 m²,Franschhoek,Franschhoek,Franschhoek,https://www.property24.com/for-sale/franschhoek/franschhoek/western-cape/8653/117055932,,,"Luxury Two-Bedroom Villa

SOLE MANDATE

If you've ever dreamt of owning a two-bedroom luxury Villa in one of South Africa's ...",,,10000,120000,1.85,False,mandate,17000.0,204000.0,rental_suburb,500,4056.0,8112.0,0.0,1200,21255.0,0.0033,3.14,31.81,0.26,0.8158,491256.0,50000,1860756.0,5192000.0,53591.0,-51820.0,-621840.0,-0.3342,0.03,3.9682,303643.0,-95.32,50310.0,29897.0,68.28,7788000.0,6230400.0,1038400.0,822356.0,-62538.0,-1.45,7729694.0,8685084.0,11622602.0,1760830.0,4715059.0,3970025.0,2672025.0,-3106167.0,-1345338.0,-0.723,-0.2264,0.0114,2,25,0.36,0.12,0.1983,0.0,50.0,50.0,35.0,30,2.2,0.0,0.0,0.0,35.1,55.8,80,28.2,761
sale,2 Bedroom Apartment,1050000,2,2,98 m²,Worcester Central,Worcester Central,Worcester,https://www.property24.com/for-sale/worcester-central/worcester/western-cape/8860/116766037,,,"Exclusive Sole Mandate

Step into stylish, easy living with this beautiful 2 bedroom, 2 bathroom apartment. 

Ideal for young ...",,https://images.prop24.com/317418390/Ensure264x153,7000,84000,8.0,True,mandate,8750.0,105000.0,rental_suburb,400,656.0,1312.0,0.0,1200,53775.0,0.0512,10.0,10.0,0.83,0.4079,0.0,100000,331500.0,840000.0,8670.0,-4189.0,-50270.0,-0.1516,0.52,1.3988,537750.0,-48.79,10714.0,10714.0,0.0,1260000.0,1008000.0,168000.0,163500.0,-5923.0,-0.42,1250567.0,1405137.0,1880390.0,284880.0,762837.0,642300.0,432300.0,-222498.0,62382.0,0.1882,0.0351,0.1622,10,20,0.6,0.69,1.0847,0.0,50.0,50.0,35.0,30,34.1,0.0,0.0,0.0,89.5,50.7,0,28.2,762
sale,2 Bedroom Apartment,1050000,2,2,98 m²,Worcester Central,Worcester Central,Worcester,https://www.property24.com/for-sale/worcester-central/worcester/western-cape/8860/116766938,,,"Exclusive Sole Mandate

Step into stylish, easy living with this beautiful 2 bedroom, 2 bathroom apartment. 

Ideal for young ...",,https://images.prop24.com/317418390/Ensure264x153,7000,84000,8.0,True,mandate,8750.0,105000.0,rental_suburb,400,656.0,1312.0,0.0,1200,53775.0,0.0512,10.0,10.0,0.83,0.4079,0.0,100000,331500.0,840000.0,8670.0,-4189.0,-50270.0,-0.1516,0.52,1.3988,537750.0,-48.79,10714.0,10714.0,0.0,1260000.0,1008000.0,168000.0,163500.0,-5923.0,-0.42,1250567.0,1405137.0,1880390.0,284880.0,762837.0,642300.0,432300.0,-222498.0,62382.0,0.1882,0.0351,0.1622,10,20,0.6,0.69,1.0847,0.0,50.0,50.0,35.0,30,34.1,0.0,0.0,0.0,89.5,50.7,0,28.2,763
sale,Farm,6900000,1,0,130 ha,Montagu Rural,Montagu Rural,Montagu,https://www.property24.com/for-sale/montagu-rural/montagu/western-cape/16612/116706236,,,"Sole Mandate - This farm carries a history as unique as its landscape. Once a land that nurtured its owner, it was later acquired with ...",,https://images.prop24.com/275641266/Ensure264x153,4500,54000,0.78,False,mandate,4500.0,54000.0,csv_estimate,250,4312.0,8625.0,0.0,1200,-122970.0,-0.0178,0.78,127.78,0.07,3.1972,536356.0,50000,1987856.0,5520000.0,56977.0,-67224.0,-806692.0,-0.4058,-0.18,15.8587,-1229700.0,-117.82,,,,8280000.0,6624000.0,1104000.0,883856.0,-78620.0,-1.87,8218010.0,9233756.0,12356849.0,1872069.0,5012929.0,4220827.0,2840827.0,-4114583.0,-2242515.0,-1.1281,0.0,-0.0619,0,8,0.0,,0.2455,0.0,50.0,50.0,35.0,30,-11.9,0.0,0.0,0.0,31.0,55.5,100,28.2,764
sale,2 Bedroom House,4550000,2,2,790 m²,Riebeek Kasteel,Riebeek Kasteel,Riebeek Valley,https://www.property24.com/for-sale/riebeek-kasteel/riebeek-valley/western-cape/7911/115655337,,,"Exclusive to PGP. In the tranquil village of Riebeek Kasteel and tucked away in a quiet cul-de-sac with vineyard and mountain views, is ...",,https://images.prop24.com/370754256/Crop600x400,7000,84000,1.85,False,,18500.0,222000.0,rental_suburb,350,2844.0,5688.0,0.0,1200,83265.0,0.0183,4.88,20.5,0.41,0.5449,277856.0,50000,1259356.0,3640000.0,37572.0,-30633.0,-367595.0,-0.2919,0.18,2.5758,925167.0,-79.67,5759.0,4781.0,20.46,5460000.0,4368000.0,728000.0,531356.0,-38147.0,-1.18,5419123.0,6088926.0,8148357.0,1234480.0,3305627.0,2783299.0,1873299.0,-1796365.0,-561885.0,-0.4462,-0.1115,0.0661,2,27,0.3,0.0,0.3315,0.0,50.0,50.0,35.0,0,12.2,0.0,0.0,0.0,54.5,57.8,80,28.2,765
sale,3 Bedroom House,4300000,3,2,245 m²,10 Dibanani Street Resale,Newinbosch,Stellenbosch,https://www.property24.com/for-sale/newinbosch/stellenbosch/western-cape/33422/116943566,,,"A modern, Courtyard typology, home for sale in the Newinbosch precinct. The ground floor ...",,https://images.prop24.com/206466645/Ensure264x153,12000,144000,3.35,False,,20000.0,240000.0,rental_suburb,600,2688.0,5375.0,0.0,1200,102450.0,0.0238,5.58,17.92,0.47,0.4931,250356.0,50000,1181856.0,3440000.0,35507.0,-26970.0,-323637.0,-0.2738,0.24,2.2685,1280625.0,-70.22,17551.0,21226.0,-17.31,5160000.0,4128000.0,688000.0,493856.0,-34071.0,-1.07,5121369.0,5754370.0,7700645.0,1166651.0,3123999.0,2630371.0,1770371.0,-1565282.0,-398630.0,-0.3373,-0.079,0.0867,3,49,0.57,0.1,0.3095,0.0,50.0,50.0,35.0,0,15.9,0.0,0.0,0.0,57.0,58.2,70,28.1,766
sale,2 Bedroom Apartment,4700000,2,1,46 m²,43 Andringa Street,Stellenbosch Central,Stellenbosch,https://www.property24.com/for-sale/stellenbosch-central/stellenbosch/western-cape/8566/116353856,,,The scenic Stellenbosch Wine Route is the country’s oldest and remains one of the most ...,,https://images.prop24.com/206466645/Ensure264x153,12000,144000,3.06,False,,17000.0,204000.0,rental_suburb,600,2938.0,5875.0,0.0,1200,60330.0,0.0128,4.34,23.04,0.36,0.6243,294356.0,50000,1305856.0,3760000.0,38810.0,-33783.0,-405393.0,-0.3104,0.13,2.9072,754125.0,-83.95,102174.0,55882.0,82.84,5640000.0,4512000.0,752000.0,553856.0,-41545.0,-1.29,5597775.0,6289660.0,8416984.0,1275177.0,3414604.0,2875056.0,1935056.0,-1999042.0,-723864.0,-0.5543,-0.1492,0.0462,16,87,0.54,0.99,0.4083,16.1,50.0,50.0,39.8,0,8.6,0.0,0.0,0.0,53.0,57.6,0,28.1,767
sale,3 Bedroom House,4750000,3,2,252 m²,Johannesdal,Johannesdal,Stellenbosch,https://www.property24.com/for-sale/johannesdal/stellenbosch/western-cape/33197/115704523,,,"This stylish 3-bedroom, 2.5-bathroom house is situated in the picturesque Banhoek Valley of Stellenbosch. Completion Q3 2025. No ...",,https://images.prop24.com/353057172/Crop600x400,12000,144000,3.03,False,,6500.0,78000.0,rental_area_q1,600,2969.0,5938.0,0.0,1200,-56715.0,-0.0119,1.64,60.9,0.14,1.6471,299856.0,50000,1321356.0,3800000.0,39223.0,-43949.0,-527393.0,-0.3991,-0.12,7.6814,-708938.0,-114.93,18849.0,20357.0,-7.41,5700000.0,4560000.0,760000.0,561356.0,-51794.0,-1.81,5657326.0,6356571.0,8506527.0,1288743.0,3450929.0,2905642.0,1955642.0,-2677116.0,-1388373.0,-1.0507,0.0,-0.0429,0,9,0.0,,0.1771,0.0,50.0,50.0,35.0,0,-8.0,0.0,0.0,0.0,52.5,57.5,100,28.1,768
sale,Farm,4500000,1,0,17 ha,Saron,Saron,Tulbagh,https://www.property24.com/for-sale/saron/tulbagh/western-cape/7607/117063077,,,"Here is a truly special riverside farm that has so much character and potential, especially for someone who can see the bigger picture. ...",,https://images.prop24.com/373678185/Ensure264x153,4500,54000,1.2,False,,4500.0,54000.0,csv_estimate,300,2812.0,5625.0,0.0,1200,-69570.0,-0.0155,1.2,83.33,0.1,2.2083,272356.0,50000,1243856.0,3600000.0,37159.0,-42956.0,-515475.0,-0.4144,-0.16,10.4658,-632455.0,-114.05,,598.0,,5400000.0,4320000.0,720000.0,523856.0,-50388.0,-1.9,5359572.0,6022015.0,8058815.0,1220914.0,3269302.0,2752713.0,1852713.0,-2624482.0,-1403567.0,-1.1284,0.0,-0.0559,0,5,0.0,,0.6863,0.0,50.0,50.0,35.0,0,-10.3,0.0,0.0,0.0,55.0,57.9,100,28.1,769
sale,Farm,4500000,1,0,18 ha,Saron,Saron,Tulbagh,https://www.property24.com/for-sale/saron/tulbagh/western-cape/7607/117007162,,,"Nestled in a picturesque natural setting, this enchanting farm presents a rare opportunity to own a unique hospitality property with ...",,https://images.prop24.com/373504379/Ensure264x153,4500,54000,1.2,False,,4500.0,54000.0,csv_estimate,300,2812.0,5625.0,0.0,1200,-69570.0,-0.0155,1.2,83.33,0.1,2.2083,272356.0,50000,1243856.0,3600000.0,37159.0,-42956.0,-515475.0,-0.4144,-0.16,10.4658,-632455.0,-114.05,,598.0,,5400000.0,4320000.0,720000.0,523856.0,-50388.0,-1.9,5359572.0,6022015.0,8058815.0,1220914.0,3269302.0,2752713.0,1852713.0,-2624482.0,-1403567.0,-1.1284,0.0,-0.0559,0,5,0.0,,0.6863,0.0,50.0,50.0,35.0,0,-10.3,0.0,0.0,0.0,55.0,57.9,100,28.1,770
sale,Farm,4500000,1,0,18 ha,Saron,Saron,Tulbagh,https://www.property24.com/for-sale/saron/tulbagh/western-cape/7607/116896598,,,"Nestled in a picturesque natural setting, this enchanting farm presents a rare opportunity to own a unique hospitality property with ...",,https://images.prop24.com/373504379/Ensure264x153,4500,54000,1.2,False,,4500.0,54000.0,csv_estimate,300,2812.0,5625.0,0.0,1200,-69570.0,-0.0155,1.2,83.33,0.1,2.2083,272356.0,50000,1243856.0,3600000.0,37159.0,-42956.0,-515475.0,-0.4144,-0.16,10.4658,-632455.0,-114.05,,598.0,,5400000.0,4320000.0,720000.0,523856.0,-50388.0,-1.9,5359572.0,6022015.0,8058815.0,1220914.0,3269302.0,2752713.0,1852713.0,-2624482.0,-1403567.0,-1.1284,0.0,-0.0559,0,5,0.0,,0.6863,0.0,50.0,50.0,35.0,0,-10.3,0.0,0.0,0.0,55.0,57.9,100,28.1,771
sale,Farm,4500000,1,0,18 ha,Gouda,Gouda,Tulbagh,https://www.property24.com/for-sale/gouda/tulbagh/western-cape/7609/114754649,,,"Nestled in a picturesque landscape, this charming farm offers a unique accommodation experience. The property features 2x inviting ...",,https://images.prop24.com/286210665/Ensure264x153,4500,54000,1.2,False,,4500.0,54000.0,csv_estimate,300,2812.0,5625.0,0.0,1200,-69570.0,-0.0155,1.2,83.33,0.1,2.2083,272356.0,50000,1243856.0,3600000.0,37159.0,-42956.0,-515475.0,-0.4144,-0.16,10.4658,-632455.0,-114.05,,2665.0,,5400000.0,4320000.0,720000.0,523856.0,-50388.0,-1.9,5359572.0,6022015.0,8058815.0,1220914.0,3269302.0,2752713.0,1852713.0,-2624482.0,-1403567.0,-1.1284,0.0,-0.0559,0,3,0.0,,0.9537,0.0,50.0,50.0,35.0,0,-10.3,0.0,0.0,0.0,55.0,57.9,100,28.1,772
sale,Farm,4500000,1,0,2 600 ha,Ceres Rural,Ceres Rural,Ceres,https://www.property24.com/for-sale/ceres-rural/ceres/western-cape/16602/116767066,,,"For Sale: Expansive, Vast Karoo Farm - Ideal for Self-sufficient Lifestyle & Small-Scale Farming.
Step into a world of tranquility ...",,,4500,54000,1.2,False,,4500.0,54000.0,csv_estimate,300,2812.0,5625.0,0.0,1200,-69570.0,-0.0155,1.2,83.33,0.1,2.2083,272356.0,50000,1243856.0,3600000.0,37159.0,-42956.0,-515475.0,-0.4144,-0.16,10.4658,-632455.0,-114.05,,,,5400000.0,4320000.0,720000.0,523856.0,-50388.0,-1.9,5359572.0,6022015.0,8058815.0,1220914.0,3269302.0,2752713.0,1852713.0,-2624482.0,-1403567.0,-1.1284,0.0,-0.0559,0,2,0.0,,0.202,0.0,50.0,50.0,35.0,0,-10.3,0.0,0.0,0.0,55.0,57.9,100,28.1,773
sale,3 Bedroom House,6650000,3,3,495 m²,4 Leadwood Street,Altona,Worcester,https://www.property24.com/for-sale/altona/worcester/western-cape/33413/116921106,,,"EXCLUSIVE SOLE MANDATE
Situated in the prestigious Altona Village, this home is a ...",,https://images.prop24.com/319767968/Ensure264x153,7000,84000,1.26,False,mandate,17750.0,213000.0,rental_suburb,400,4156.0,8312.0,0.0,1200,27135.0,0.0041,3.2,31.22,0.27,0.7926,508856.0,50000,1910356.0,5320000.0,54912.0,-52651.0,-631814.0,-0.3307,0.04,3.8863,271350.0,-95.92,13434.0,9086.0,47.86,7980000.0,6384000.0,1064000.0,846356.0,-63634.0,-1.43,7920256.0,8899200.0,11909137.0,1804240.0,4831301.0,4067899.0,2737899.0,-3152757.0,-1348517.0,-0.7059,-0.2171,0.0142,2,16,0.31,0.08,0.4166,0.0,50.0,50.0,35.0,30,2.7,0.0,0.0,0.0,33.5,55.7,80,28.1,774
sale,3 Bedroom House,4750000,3,2,508 m²,Darling,Darling,Darling,https://www.property24.com/for-sale/darling/darling/western-cape/7920/116806814,,,"This beautiful newly built house is ideal for all ages. 
The wide entrance  welcomes you with a combustion fireplace - ideal for those ...",,https://images.prop24.com/367510794/Ensure264x153,6000,72000,1.52,False,,6000.0,72000.0,csv_estimate,300,2969.0,5938.0,0.0,1200,-58635.0,-0.0123,1.52,65.97,0.13,1.7344,299856.0,50000,1321356.0,3800000.0,39223.0,-44109.0,-529313.0,-0.4006,-0.12,8.2716,-586350.0,-112.34,9350.0,7488.0,24.87,5700000.0,4560000.0,760000.0,561356.0,-51954.0,-1.82,5657326.0,6356571.0,8506527.0,1288743.0,3450929.0,2905642.0,1955642.0,-2687630.0,-1398887.0,-1.0587,0.0,-0.0444,0,10,0.0,,0.4698,0.0,50.0,50.0,35.0,0,-8.2,0.0,0.0,0.0,52.5,57.5,100,28.1,775
sale,3 Bedroom House,4995000,3,2,501 m²,Kleine Parys 2,Kleine Parys 2,Paarl,https://www.property24.com/for-sale/kleine-parys-2/paarl/western-cape/25493/114843055,,,"Exclusively Marketed By Fouchee Properties

Discover the perfect balance of style, comfort, and security in this beautifully designed ...",,https://images.prop24.com/275940058/Ensure264x153,9500,114000,2.28,False,,7000.0,84000.0,rental_area_q1,2325.0,3122.0,6244.0,0.0,1200,-77403.0,-0.0155,1.68,59.46,0.14,1.8415,326806.0,50000,1397306.0,3996000.0,41246.0,-47697.0,-572358.0,-0.4096,-0.16,7.7338,-860034.0,-117.22,9970.0,12148.0,-17.93,5994000.0,4795200.0,799200.0,598106.0,-55946.0,-1.88,5949125.0,6684437.0,8945284.0,1355215.0,3628925.0,3055512.0,2056512.0,-2915431.0,-1560216.0,-1.1166,0.0,-0.0554,0,4,0.0,,0.1209,0.0,50.0,51.0,35.2,0,-10.3,0.0,0.0,0.0,50.0,57.2,100,28.0,776
sale,3 Bedroom House,4995000,3,2,501 m²,Kleine Parys 2,Kleine Parys 2,Paarl,https://www.property24.com/for-sale/kleine-parys-2/paarl/western-cape/25493/116821085,,,"Exclusively Marketed By Fouchee Properties

Discover the perfect balance of style, comfort, and security in this beautifully designed ...",,https://images.prop24.com/275940058/Ensure264x153,9500,114000,2.28,False,,7000.0,84000.0,rental_area_q1,2325.0,3122.0,6244.0,0.0,1200,-77403.0,-0.0155,1.68,59.46,0.14,1.8415,326806.0,50000,1397306.0,3996000.0,41246.0,-47697.0,-572358.0,-0.4096,-0.16,7.7338,-860034.0,-117.22,9970.0,12148.0,-17.93,5994000.0,4795200.0,799200.0,598106.0,-55946.0,-1.88,5949125.0,6684437.0,8945284.0,1355215.0,3628925.0,3055512.0,2056512.0,-2915431.0,-1560216.0,-1.1166,0.0,-0.0554,0,4,0.0,,0.1209,0.0,50.0,51.0,35.2,0,-10.3,0.0,0.0,0.0,50.0,57.2,100,28.0,777
sale,Farm,8500000,1,0,200 000 m²,Malmesbury Rural,Malmesbury Rural,Malmesbury,https://www.property24.com/for-sale/malmesbury-rural/malmesbury/western-cape/16580/116450511,,,"High-Visibility N7 Farm | Multiple Dwellings | Secure Water | Limitless Opportunity

Discover an exceptional gateway to rural luxury ...",,https://images.prop24.com/244520442/Ensure264x153,5500,66000,0.78,False,,6500.0,78000.0,rental_suburb,400,5312.0,10625.0,0.0,1200,-138690.0,-0.0163,0.92,108.97,0.08,2.6981,712356.0,50000,2483856.0,6800000.0,70189.0,-81746.0,-980956.0,-0.3949,-0.16,13.4964,-1320857.0,-115.54,,9845.0,,10200000.0,8160000.0,1360000.0,1123856.0,-95784.0,-1.82,10123636.0,11374917.0,15222205.0,2306172.0,6175348.0,5199570.0,3499570.0,-4997156.0,-2690984.0,-1.0834,0.0,-0.0558,1,8,0.38,0.0,0.4913,0.0,50.0,73.0,39.6,0,-10.9,0.0,0.0,0.0,15.0,54.8,90,28.0,778
sale,Farm,8500000,1,0,17 ha,Malmesbury Rural,Malmesbury Rural,Malmesbury,https://www.property24.com/for-sale/malmesbury-rural/malmesbury/western-cape/16580/114285323,,,"Nestled on 17 hectares of serene countryside, this stunning farm offers the perfect blend of tranquility and opportunity.

Boasting ...",,https://images.prop24.com/242461081/Ensure264x153,5500,66000,0.78,False,,6500.0,78000.0,rental_suburb,400,5312.0,10625.0,0.0,1200,-138690.0,-0.0163,0.92,108.97,0.08,2.6981,712356.0,50000,2483856.0,6800000.0,70189.0,-81746.0,-980956.0,-0.3949,-0.16,13.4964,-1320857.0,-115.54,,9845.0,,10200000.0,8160000.0,1360000.0,1123856.0,-95784.0,-1.82,10123636.0,11374917.0,15222205.0,2306172.0,6175348.0,5199570.0,3499570.0,-4997156.0,-2690984.0,-1.0834,0.0,-0.0558,1,8,0.38,0.0,0.4913,0.0,50.0,73.0,39.6,0,-10.9,0.0,0.0,0.0,15.0,54.8,90,28.0,779
sale,3 Bedroom House,7550000,3,3,336 m²,"Erf 383, 44 Kwadouw Drive",Longlands Estate,Stellenbosch,https://www.property24.com/for-sale/longlands-estate/stellenbosch/western-cape/33566/116543013,,,"*Viewing by appointment only*
Exclusive Sole Mandate
This stunning plot and plan ...",,https://images.prop24.com/248335689/Ensure264x153,12000,144000,1.91,False,mandate,6500.0,78000.0,rental_area_q1,600,4719.0,9438.0,0.0,1200,-119715.0,-0.0159,1.03,96.79,0.09,2.4548,607856.0,50000,2189356.0,6040000.0,62344.0,-72320.0,-867845.0,-0.3964,-0.16,12.0462,-1496438.0,-119.82,22470.0,22636.0,-0.73,9060000.0,7248000.0,1208000.0,981356.0,-84789.0,-1.82,8992171.0,10103603.0,13520900.0,2048423.0,5485162.0,4618441.0,3108441.0,-4419514.0,-2371091.0,-1.083,0.0,-0.0547,0,4,0.0,,0.058,0.0,50.0,50.0,35.0,30,-10.6,0.0,0.0,0.0,24.5,55.2,100,28.0,780
sale,Farm,4775000,1,0,3 527 m²,55/361 Plaas Nooitgedacht,Worcester Rural,Worcester,https://www.property24.com/for-sale/worcester-rural/worcester/western-cape/16610/116321331,,,"Tucked away just a stone's throw from Worcester, a small holding awaits on the ...",,https://images.prop24.com/242461081/Ensure264x153,5000,60000,1.26,False,,4950.0,59400.0,rental_area_q1,400,2984.0,5969.0,0.0,1200,-71990.0,-0.0151,1.24,80.39,0.1,2.1319,302606.0,50000,1329106.0,3820000.0,39430.0,-45429.0,-545145.0,-0.4102,-0.15,10.0975,-719895.0,-115.08,,8018.0,,5730000.0,4584000.0,764000.0,565106.0,-53315.0,-1.88,5687101.0,6390027.0,8551298.0,1295526.0,3469092.0,2920935.0,1965935.0,-2774648.0,-1479122.0,-1.1129,0.0,-0.0542,0,8,0.0,,0.7201,0.0,50.0,50.0,35.0,0,-10.1,0.0,0.0,0.0,52.2,57.5,100,28.0,781
sale,3 Bedroom House,5475000,3,2,590 m²,7 Cabernet Street,Silwerstrand Golf And River Estate,Robertson,https://www.property24.com/for-sale/silwerstrand-golf-and-river-estate/robertson/western-cape/12920/113322742,,,"Located within a peaceful cul-de-sac on the picturesque Silwerstrand Golf Course, this ...",,https://images.prop24.com/233852929/Ensure264x153,6000,72000,1.32,False,,10800.0,129600.0,rental_area_q1,300,3422.0,6844.0,0.0,1200,-21956.0,-0.004,2.37,42.25,0.2,1.0894,379606.0,50000,1546106.0,4380000.0,45210.0,-47039.0,-564474.0,-0.3651,-0.04,5.2755,-219555.0,-104.01,9280.0,21701.0,-57.24,6570000.0,5256000.0,876000.0,670106.0,-56081.0,-1.62,6520813.0,7326785.0,9804891.0,1485446.0,3977650.0,3349135.0,2254135.0,-2843034.0,-1357588.0,-0.8781,-0.3435,-0.0142,0,10,0.1,,0.4149,0.0,50.0,50.0,35.0,0,-2.7,0.0,0.0,0.0,45.2,56.7,100,28.0,782
sale,3 Bedroom House,4750000,3,4,794 m²,Riebeek Kasteel,Riebeek Kasteel,Riebeek Valley,https://www.property24.com/for-sale/riebeek-kasteel/riebeek-valley/western-cape/7911/116962195,,,"EXCLUSIVE SOLE MANDATE:  Discreetly positioned down a secluded panhandle, this exceptional residence offers a rare combination of ...",,https://images.prop24.com/72874115/Ensure264x153,7000,84000,1.77,False,mandate,18000.0,216000.0,rental_suburb,350,2969.0,5938.0,0.0,1200,73245.0,0.0154,4.55,21.99,0.38,0.5809,299856.0,50000,1321356.0,3800000.0,39223.0,-33119.0,-397433.0,-0.3008,0.16,2.76,813833.0,-82.87,5982.0,4781.0,25.12,5700000.0,4560000.0,760000.0,561356.0,-40964.0,-1.24,5657326.0,6356571.0,8506527.0,1288743.0,3450929.0,2905642.0,1955642.0,-1951629.0,-662886.0,-0.5017,-0.13,0.0554,5,27,0.3,0.19,0.3315,0.0,50.0,50.0,35.0,30,10.3,0.0,0.0,0.0,52.5,57.5,50,28.0,783
sale,3 Bedroom House,4495000,3,2,249 m²,(18261) 7 Kunye Street,Newinbosch,Stellenbosch,https://www.property24.com/for-sale/newinbosch/stellenbosch/western-cape/33422/117006448,,,"Work comfortably from home in this modern, spacious Courtyard home featuring a dedicated ...",,https://images.prop24.com/320031844/Ensure264x153,12000,144000,3.2,False,,20000.0,240000.0,rental_suburb,600,2809.0,5619.0,0.0,1200,98062.0,0.0218,5.34,18.73,0.44,0.5114,271806.0,50000,1242306.0,3596000.0,37117.0,-28946.0,-347347.0,-0.2796,0.22,2.3673,1225781.0,-72.73,18052.0,21226.0,-14.95,5394000.0,4315200.0,719200.0,523106.0,-36369.0,-1.11,5353617.0,6015324.0,8049860.0,1219558.0,3265669.0,2749655.0,1850655.0,-1686627.0,-467070.0,-0.376,-0.09,0.0789,3,49,0.57,0.1,0.3095,0.0,50.0,50.0,35.0,0,14.5,0.0,0.0,0.0,55.0,57.9,70,27.9,784
sale,3 Bedroom House,7895000,3,2,275 m²,Franschhoek,Franschhoek,Franschhoek,https://www.property24.com/for-sale/franschhoek/franschhoek/western-cape/8653/116057643,,,"EXCLUSIVE SOLE MANDATE: Set in a peaceful residential complex bordering the prestigious La Cotte and Chamonix wine farms, this ...",,https://images.prop24.com/72874115/Ensure264x153,10000,120000,1.52,False,mandate,10000.0,120000.0,csv_estimate,500,4934.0,9869.0,0.0,1200,-87638.0,-0.0111,1.52,65.79,0.13,1.6503,645806.0,50000,2296306.0,6316000.0,65193.0,-72496.0,-869954.0,-0.3788,-0.11,8.1696,-1251964.0,-115.86,28709.0,29897.0,-3.97,9474000.0,7579200.0,1263200.0,1033106.0,-85535.0,-1.72,9403071.0,10565291.0,14138743.0,2142026.0,5735808.0,4829483.0,3250483.0,-4411784.0,-2269758.0,-0.9884,-0.5902,-0.0382,0,25,0.36,,0.1983,0.0,50.0,50.0,35.0,30,-7.4,0.0,0.0,0.0,21.1,55.0,100,27.9,785
sale,Farm,4800000,1,0,1.8 ha,165/1 Winterhoek Rd,Tulbagh Rural,Tulbagh,https://www.property24.com/for-sale/tulbagh-rural/tulbagh/western-cape/16606/109326078,,,"This 1,78 ha smallholding is situated in the historical Drostdy area, about 4km's ...",,https://images.prop24.com/242461081/Ensure264x153,4500,54000,1.12,False,,4500.0,54000.0,csv_estimate,300,3000.0,6000.0,0.0,1200,-76320.0,-0.0159,1.12,88.89,0.09,2.3333,305356.0,50000,1336856.0,3840000.0,39636.0,-45996.0,-551952.0,-0.4129,-0.16,11.1413,-693818.0,-114.45,,,,5760000.0,4608000.0,768000.0,568856.0,-53923.0,-1.9,5716877.0,6423483.0,8596069.0,1302309.0,3487255.0,2936228.0,1976228.0,-2811167.0,-1508859.0,-1.1287,0.0,-0.0571,0,4,0.0,,0.4045,0.0,50.0,50.0,35.0,0,-10.6,0.0,0.0,0.0,52.0,57.4,100,27.9,786
sale,3 Bedroom House,5250000,3,2,263 m²,117 Skool Straat,Paarl Valleij Lifestyle Estate,Paarl,https://www.property24.com/for-sale/paarl-valleij-lifestyle-estate/paarl/western-cape/33586/116968325?plId=2342293&plt=4,,,"Experience effortless contemporary living in the sought-after development within the prestigious Val de Vie Development, where security, lifestyle, and natural beauty converge to ...",,https://images.prop24.com/233856395/Ensure528x153,9500,114000,2.17,False,,7000.0,84000.0,rental_area_q1,2452.0,3281.0,6562.0,0.0,1200,-84672.0,-0.0161,1.6,62.5,0.13,1.928,354856.0,50000,1476356.0,4200000.0,43352.0,-50408.0,-604895.0,-0.4097,-0.16,8.1211,-940799.0,-117.92,19962.0,19773.0,0.95,6300000.0,5040000.0,840000.0,636356.0,-59078.0,-1.88,6252834.0,7025684.0,9401950.0,1424400.0,3814185.0,3211499.0,2161499.0,-3082746.0,-1658346.0,-1.1233,0.0,-0.0574,0,4,0.0,,0.1813,0.0,50.0,51.0,35.2,0,-10.8,0.0,0.0,0.0,47.5,56.9,100,27.8,787
sale,3 Bedroom House,7850000,3,2,452 m²,Val de Vie Estate,Val de Vie Estate,Paarl,https://www.property24.com/for-sale/val-de-vie-estate/paarl/western-cape/11726/116681940,,,"Proudly presenting another exclusive sole mandate.  Long term rental in place. 

Tucked away in a quiet, private pocket of the estate ...",,https://images.prop24.com/103291119/Ensure264x153,9500,114000,1.45,False,mandate,7000.0,84000.0,rental_area_q1,3753.0,4906.0,9812.0,0.0,1200,-158786.0,-0.0202,1.07,93.45,0.09,2.8103,640856.0,50000,2282356.0,6280000.0,64821.0,-78054.0,-936643.0,-0.4104,-0.2,12.0705,-1764292.0,-122.48,17367.0,59375.0,-70.75,9420000.0,7536000.0,1256000.0,1026356.0,-91018.0,-1.9,9349476.0,10505071.0,14058154.0,2129817.0,5703115.0,4801956.0,3231956.0,-4788707.0,-2658889.0,-1.165,0.0,-0.0696,0,28,0.04,,0.3067,0.0,50.0,51.0,35.2,30,-13.5,0.0,0.0,0.0,21.5,55.0,100,27.8,788
sale,2 Bedroom House,5550000,2,2,140 m²,13 Kromme Rhee Street,Nooitgedacht Village,Stellenbosch,https://www.property24.com/for-sale/nooitgedacht-village/stellenbosch/western-cape/14758/116939477,,,"HIDDEN GEM IN FAIRYTALE LIKE VILLAGE WITHIN BEAUTIFUL LIFESTYLE AND SECURITY ESTATE
This ...",,https://images.prop24.com/308559161/Ensure264x153,12000,144000,2.59,False,,17600.0,211200.0,rental_suburb,600,3469.0,6938.0,0.0,1200,47829.0,0.0086,3.81,26.28,0.32,0.6935,387856.0,50000,1569356.0,4440000.0,45829.0,-41843.0,-502121.0,-0.32,0.09,3.2975,597862.0,-89.23,39643.0,21825.0,81.64,6660000.0,5328000.0,888000.0,681356.0,-51009.0,-1.36,6610139.0,7427152.0,9939205.0,1505794.0,4032139.0,3395013.0,2285013.0,-2491015.0,-985220.0,-0.6278,-0.1793,0.0305,1,14,0.07,0.0,0.2841,0.0,50.0,50.0,35.0,0,5.7,0.0,0.0,0.0,44.5,56.6,90,27.8,789
sale,1 Bedroom Apartment,4500000,1,1,42 m²,43 Andringa Street,Stellenbosch Central,Stellenbosch,https://www.property24.com/for-sale/stellenbosch-central/stellenbosch/western-cape/8566/116834387,,,Stellenbosch is a true South African gem—a vibrant university town and sought-after ...,,https://images.prop24.com/206466645/Ensure264x153,8500,102000,2.27,False,,11250.0,135000.0,rental_suburb,600,2812.0,5625.0,0.0,1200,1350.0,0.0003,3.0,33.33,0.25,0.91,272356.0,50000,1243856.0,3600000.0,37159.0,-37046.0,-444555.0,-0.3574,0.0,4.213,16875.0,-99.62,107143.0,55882.0,91.73,5400000.0,4320000.0,720000.0,523856.0,-44478.0,-1.57,5359572.0,6022015.0,8058815.0,1220914.0,3269302.0,2752713.0,1852713.0,-2228872.0,-1007958.0,-0.8103,-0.2829,0.0011,28,87,0.54,1.2,0.4083,16.1,50.0,50.0,39.8,0,0.2,0.0,0.0,0.0,55.0,57.9,0,27.8,790
sale,2 Bedroom House,5550000,2,2,189 m²,Nooitgedacht Village,Nooitgedacht Village,Stellenbosch,https://www.property24.com/for-sale/nooitgedacht-village/stellenbosch/western-cape/14758/116926865,,,"Nestled on a spacious corner plot in the sought-after Simonsberg Close, this brand-new townhouse is a dream come true for first-time ...",,https://images.prop24.com/242461081/Ensure264x153,12000,144000,2.59,False,,17600.0,211200.0,rental_suburb,600,3469.0,6938.0,0.0,1200,47829.0,0.0086,3.81,26.28,0.32,0.6935,387856.0,50000,1569356.0,4440000.0,45829.0,-41843.0,-502121.0,-0.32,0.09,3.2975,597862.0,-89.23,29365.0,21825.0,34.55,6660000.0,5328000.0,888000.0,681356.0,-51009.0,-1.36,6610139.0,7427152.0,9939205.0,1505794.0,4032139.0,3395013.0,2285013.0,-2491015.0,-985220.0,-0.6278,-0.1793,0.0305,1,14,0.07,0.0,0.2841,0.0,50.0,50.0,35.0,0,5.7,0.0,0.0,0.0,44.5,56.6,90,27.8,791
sale,3 Bedroom House,7900000,3,3,349 m²,"Erf 369, 18 Kwadouw Drive",Longlands Estate,Stellenbosch,https://www.property24.com/for-sale/longlands-estate/stellenbosch/western-cape/33566/116572904,,,"*Viewing by appointment only*
Exclusive Sole Mandate
This stunning plot and plan ...",,https://images.prop24.com/248335689/Ensure264x153,12000,144000,1.82,False,mandate,6500.0,78000.0,rental_area_q1,600,4938.0,9875.0,0.0,1200,-127590.0,-0.0162,0.99,101.28,0.08,2.5558,646356.0,50000,2297856.0,6320000.0,65234.0,-75867.0,-910402.0,-0.3962,-0.16,12.5918,-1594875.0,-120.19,22636.0,22636.0,0.0,9480000.0,7584000.0,1264000.0,1033856.0,-88914.0,-1.82,9409026.0,10571982.0,14147697.0,2143383.0,5739441.0,4832541.0,3252541.0,-4637314.0,-2493931.0,-1.0853,0.0,-0.0555,0,4,0.0,,0.058,0.0,50.0,50.0,35.0,30,-10.8,0.0,0.0,0.0,21.0,55.0,100,27.8,792
sale,3 Bedroom House,7900000,3,3,349 m²,"Erf 369, 18 Kwadouw Drive",Longlands Estate,Stellenbosch,https://www.property24.com/for-sale/longlands-estate/stellenbosch/western-cape/33566/116834711,,,"*Viewing by appointment only*
Exclusive Sole Mandate
This stunning plot and plan ...",,https://images.prop24.com/248335689/Ensure264x153,12000,144000,1.82,False,mandate,6500.0,78000.0,rental_area_q1,600,4938.0,9875.0,0.0,1200,-127590.0,-0.0162,0.99,101.28,0.08,2.5558,646356.0,50000,2297856.0,6320000.0,65234.0,-75867.0,-910402.0,-0.3962,-0.16,12.5918,-1594875.0,-120.19,22636.0,22636.0,0.0,9480000.0,7584000.0,1264000.0,1033856.0,-88914.0,-1.82,9409026.0,10571982.0,14147697.0,2143383.0,5739441.0,4832541.0,3252541.0,-4637314.0,-2493931.0,-1.0853,0.0,-0.0555,0,4,0.0,,0.058,0.0,50.0,50.0,35.0,30,-10.8,0.0,0.0,0.0,21.0,55.0,100,27.8,793
sale,2 Bedroom Apartment,6990000,2,2,132 m²,Franschhoek,Franschhoek,Franschhoek,https://www.property24.com/for-sale/franschhoek/franschhoek/western-cape/8653/117010348,,,"Luxury Two-Bedroom Penthouse Villa

SOLE MANDATE

If you've ever dreamt of owning a two-bedroom Penthouse in Franschhoek with ...",,,10000,120000,1.72,False,mandate,17000.0,204000.0,rental_suburb,500,4369.0,8738.0,0.0,1200,10005.0,0.0014,2.92,34.26,0.24,0.871,546256.0,50000,2015756.0,5592000.0,57720.0,-56886.0,-682635.0,-0.3386,0.01,4.2662,142929.0,-97.96,52955.0,29897.0,77.12,8388000.0,6710400.0,1118400.0,897356.0,-68430.0,-1.48,8325202.0,9354197.0,12518025.0,1896487.0,5078315.0,4275882.0,2877882.0,-3417310.0,-1520823.0,-0.7545,-0.2449,0.005,2,25,0.36,0.12,0.1983,0.0,50.0,50.0,35.0,30,1.0,0.0,0.0,0.0,30.1,55.5,80,27.8,794
sale,2 Bedroom Apartment,5255000,2,1,59 m²,Stellenbosch Central,Stellenbosch Central,Stellenbosch,https://www.property24.com/for-sale/stellenbosch-central/stellenbosch/western-cape/8566/116962652,,,"Experience refined apartment living in this beautifully appointed two-bedroom luxury residence, offered fully furnished and move-in ...",,https://images.prop24.com/305638802/Ensure264x153,12000,144000,2.74,False,,17000.0,204000.0,rental_suburb,600,3284.0,6569.0,0.0,1200,47842.0,0.0091,3.88,25.76,0.32,0.6855,355406.0,50000,1477906.0,4204000.0,43393.0,-39406.0,-472876.0,-0.32,0.09,3.238,598031.0,-88.62,89068.0,55882.0,59.38,6306000.0,5044800.0,840800.0,637106.0,-48085.0,-1.35,6258789.0,7032375.0,9410905.0,1425757.0,3817818.0,3214558.0,2163558.0,-2344410.0,-918653.0,-0.6216,-0.1766,0.0324,16,87,0.54,0.99,0.4083,16.1,50.0,50.0,39.8,0,6.1,0.0,0.0,0.0,47.5,56.9,0,27.7,795
sale,3 Bedroom House,5400000,3,2,340 m²,Koelenbosch Country Estate,Koelenbosch Country Estate,Stellenbosch,https://www.property24.com/for-sale/koelenbosch-country-estate/stellenbosch/western-cape/16714/116959875,,,"Exclusive Joint Mandate

This beautiful family home is situated in a secure Winelands estate, conveniently located close to the ...",,https://images.prop24.com/374572821/Crop600x400,12000,144000,2.67,False,,6500.0,78000.0,rental_area_q1,600,3375.0,6750.0,0.0,1200,-71340.0,-0.0132,1.44,69.23,0.12,1.8346,371356.0,50000,1522856.0,4320000.0,44591.0,-50536.0,-606426.0,-0.3982,-0.13,8.6947,-891750.0,-116.51,15882.0,15882.0,0.0,6480000.0,5184000.0,864000.0,658856.0,-59454.0,-1.82,6431486.0,7226418.0,9670578.0,1465097.0,3923162.0,3303256.0,2223256.0,-3081601.0,-1616504.0,-1.0615,0.0,-0.0468,0,1,0.0,,,0.0,50.0,50.0,35.0,0,-8.8,0.0,0.0,0.0,46.0,56.7,100,27.7,796
sale,3 Bedroom House,4700000,3,2,329 m²,Newinbosch,Newinbosch,Stellenbosch,https://www.property24.com/for-sale/newinbosch/stellenbosch/western-cape/33422/116872558,,,Introducing a beautifully positioned H2-type home in the ever-popular Newinbosch Neighbourhood Estate; perfect for those seeking ...,,https://images.prop24.com/206466645/Ensure264x153,12000,144000,3.06,False,,20000.0,240000.0,rental_suburb,600,2938.0,5875.0,0.0,1200,93450.0,0.0199,5.11,19.58,0.43,0.5306,294356.0,50000,1305856.0,3760000.0,38810.0,-31023.0,-372273.0,-0.2851,0.2,2.4711,1168125.0,-75.15,14286.0,21226.0,-32.7,5640000.0,4512000.0,752000.0,553856.0,-38785.0,-1.14,5597775.0,6289660.0,8416984.0,1275177.0,3414604.0,2875056.0,1935056.0,-1814196.0,-539019.0,-0.4128,-0.101,0.0716,3,49,0.57,0.1,0.3095,0.0,50.0,50.0,35.0,0,13.3,0.0,0.0,0.0,53.0,57.6,70,27.7,797
sale,2 Bedroom Apartment,5250000,2,1,61 m²,111 Church Street,Stellenbosch Central,Stellenbosch,https://www.property24.com/for-sale/stellenbosch-central/stellenbosch/western-cape/8566/116501346,,,"Situated in the highly sought-after Oude Hoek building, this fully furnished ...",,https://images.prop24.com/206466645/Ensure264x153,12000,144000,2.74,False,,17000.0,204000.0,rental_suburb,600,3281.0,6562.0,0.0,1200,47955.0,0.0091,3.89,25.74,0.32,0.6849,354856.0,50000,1476356.0,4200000.0,43352.0,-39356.0,-472268.0,-0.3199,0.09,3.235,599438.0,-88.58,86066.0,55882.0,54.01,6300000.0,5040000.0,840000.0,636356.0,-48026.0,-1.35,6252834.0,7025684.0,9401950.0,1424400.0,3814185.0,3211499.0,2161499.0,-2341298.0,-916898.0,-0.6211,-0.1764,0.0325,16,87,0.54,0.99,0.4083,16.1,50.0,50.0,39.8,0,6.1,0.0,0.0,0.0,47.5,56.9,0,27.7,798
sale,3 Bedroom House,8250000,3,2,567 m²,Franschhoek,Franschhoek,Franschhoek,https://www.property24.com/for-sale/franschhoek/franschhoek/western-cape/8653/116497341,,,"SOLE MANDATE: We are thrilled to present this desirable, immaculate home which is ideally located at the end of the street in the ever ...",,https://images.prop24.com/72874115/Ensure264x153,10000,120000,1.45,False,mandate,10000.0,120000.0,csv_estimate,500,5156.0,10312.0,0.0,1200,-95625.0,-0.0116,1.45,68.75,0.12,1.7169,684856.0,50000,2406356.0,6600000.0,68124.0,-76093.0,-913118.0,-0.3795,-0.12,8.5293,-1366071.0,-116.56,14550.0,29897.0,-51.33,9900000.0,7920000.0,1320000.0,1086356.0,-89718.0,-1.72,9825882.0,11040361.0,14774493.0,2238343.0,5993720.0,5046641.0,3396641.0,-4632696.0,-2394353.0,-0.995,-0.6536,-0.0397,0,25,0.36,,0.1983,0.0,50.0,50.0,35.0,30,-7.7,0.0,0.0,0.0,17.5,54.9,100,27.7,799
sale,3 Bedroom House,3700000,3,3,1 410 m²,19 Truter Street,Robertson,Robertson,https://www.property24.com/for-sale/robertson/robertson/western-cape/16671/116868633,,,"EXCLUSIVE MANDATE: From the moment you arrive, the welcoming stoep sets the tone for a ...",,https://images.prop24.com/372939175/Crop600x400,6000,72000,1.95,False,,15000.0,180000.0,rental_suburb,300,2312.0,4625.0,0.0,1200,64350.0,0.0174,4.86,20.56,0.41,0.5625,184356.0,50000,995856.0,2960000.0,30553.0,-25190.0,-302283.0,-0.3035,0.18,2.5994,643500.0,-82.61,,9366.0,,4440000.0,3552000.0,592000.0,403856.0,-31301.0,-1.23,4406759.0,4951435.0,6626136.0,1003863.0,2688092.0,2263342.0,1523342.0,-1479694.0,-475831.0,-0.4778,-0.1219,0.0646,4,56,0.21,0.36,0.3369,0.0,50.0,50.0,35.0,0,11.6,0.0,0.0,0.0,63.0,59.4,60,27.7,800
sale,3 Bedroom House,5450000,3,2,2 901 m²,9 Church Street,Riebeek West,Riebeek Valley,https://www.property24.com/for-sale/riebeek-west/riebeek-valley/western-cape/7910/116374484,,,An expansive property with a home that has been modernized over the years to accommodate ...,,https://images.prop24.com/206466645/Ensure264x153,7000,84000,1.54,False,,13500.0,162000.0,rental_suburb,350,3406.0,6812.0,0.0,1200,7815.0,0.0014,2.97,33.64,0.25,0.8718,376856.0,50000,1538356.0,4360000.0,45003.0,-44352.0,-532226.0,-0.346,0.01,4.2053,86833.0,-98.41,,5483.0,,6540000.0,5232000.0,872000.0,666356.0,-53353.0,-1.51,6491037.0,7293329.0,9760120.0,1478663.0,3959488.0,3333842.0,2243842.0,-2664497.0,-1185835.0,-0.7708,-0.2552,0.0051,1,15,0.2,0.0,0.5219,0.0,50.0,50.0,35.0,0,1.0,0.0,0.0,0.0,45.5,56.7,90,27.7,801
sale,3 Bedroom House,3500000,3,2,732 m²,1967 Kloof Street,Riebeek Kasteel,Riebeek Valley,https://www.property24.com/for-sale/riebeek-kasteel/riebeek-valley/western-cape/7911/116359526,,,"Sole and exclusive. Tucked away on the edge of the village, this delightful home offers ...",,https://images.prop24.com/206466645/Ensure264x153,7000,84000,2.4,False,,18000.0,216000.0,rental_suburb,350,2188.0,4375.0,0.0,1200,101370.0,0.029,6.17,16.2,0.51,0.4507,162356.0,50000,933856.0,2800000.0,28901.0,-20454.0,-245445.0,-0.2628,0.29,2.0563,1126333.0,-67.82,4781.0,4781.0,0.0,4200000.0,3360000.0,560000.0,373856.0,-26234.0,-0.99,4168556.0,4683790.0,6267967.0,949600.0,2542790.0,2140999.0,1440999.0,-1173773.0,-224173.0,-0.2401,-0.0534,0.1085,5,27,0.3,0.19,0.3315,0.0,50.0,50.0,35.0,0,19.3,0.0,0.0,0.0,65.0,60.0,50,27.7,802
sale,3 Bedroom House,5500000,3,2,694 m²,26 Kleine Parys Estate,Kleine Parys 1,Paarl,https://www.property24.com/for-sale/kleine-parys-1/paarl/western-cape/25492/116890799,,,"Joint Mandate – Fouchee Properties

Welcome to this beautifully designed home in the ...",,https://images.prop24.com/373335138/Crop600x400,9500,114000,2.07,False,,7000.0,84000.0,rental_area_q1,2577.0,3438.0,6875.0,0.0,1200,-91798.0,-0.0167,1.53,65.48,0.13,2.0128,382356.0,50000,1553856.0,4400000.0,45416.0,-53066.0,-636794.0,-0.4098,-0.17,8.5009,-1019981.0,-118.55,7925.0,7559.0,4.85,6600000.0,5280000.0,880000.0,673856.0,-62149.0,-1.89,6550588.0,7360241.0,9849662.0,1492229.0,3995813.0,3364428.0,2264428.0,-3246781.0,-1754552.0,-1.1292,0.0,-0.0591,0,2,0.0,,0.0006,0.0,50.0,51.0,35.2,0,-11.1,0.0,0.0,0.0,45.0,56.6,100,27.6,803
sale,3 Bedroom House,5495000,3,2,764 m²,Kleine Parys 1,Kleine Parys 1,Paarl,https://www.property24.com/for-sale/kleine-parys-1/paarl/western-cape/25492/116661360,,,"Exclusively Marketed By Fouchee Properties

Step into this charming and well-appointed home, perfectly positioned in the sought-after ...",,https://images.prop24.com/275940058/Ensure264x153,9500,114000,2.07,False,,7000.0,84000.0,rental_area_q1,2575.0,3434.0,6869.0,0.0,1200,-91656.0,-0.0167,1.53,65.42,0.13,2.0111,381806.0,50000,1552306.0,4396000.0,45375.0,-53013.0,-636156.0,-0.4098,-0.17,8.4933,-1018398.0,-118.53,7192.0,7559.0,-4.85,6594000.0,5275200.0,879200.0,673106.0,-62088.0,-1.89,6544633.0,7353550.0,9840708.0,1490872.0,3992181.0,3361369.0,2262369.0,-3243500.0,-1752628.0,-1.129,0.0,-0.059,0,2,0.0,,0.0006,0.0,50.0,51.0,35.2,0,-11.1,0.0,0.0,0.0,45.1,56.6,100,27.6,804
sale,3 Bedroom House,5500000,3,2,252 m²,Nooitgedacht Village,Nooitgedacht Village,Stellenbosch,https://www.property24.com/for-sale/nooitgedacht-village/stellenbosch/western-cape/14758/116482297,,,"This modern 3-bedroom, 2-bathroom home offers a perfect blend of style and comfort, with the main bedroom featuring a private en suite. ...",,https://images.prop24.com/366978752/Crop600x400,12000,144000,2.62,False,,6500.0,78000.0,rental_area_q1,600,3438.0,6875.0,0.0,1200,-73590.0,-0.0134,1.42,70.51,0.12,1.8635,382356.0,50000,1553856.0,4400000.0,45416.0,-51549.0,-618585.0,-0.3981,-0.14,8.8506,-919875.0,-116.72,21825.0,21825.0,0.0,6600000.0,5280000.0,880000.0,673856.0,-60632.0,-1.82,6550588.0,7360241.0,9849662.0,1492229.0,3995813.0,3364428.0,2264428.0,-3143830.0,-1651601.0,-1.0629,0.0,-0.0474,0,14,0.07,,0.2841,0.0,50.0,50.0,35.0,0,-8.9,0.0,0.0,0.0,45.0,56.6,100,27.6,805
sale,3 Bedroom House,5620000,3,2,216 m²,Capolavoro,Capolavoro,Stellenbosch,https://www.property24.com/for-sale/capolavoro/stellenbosch/western-cape/11628/116491020,,,"JOINT MANDATE
Secure Estate Living in the Heart of the Banhoek Valley

This modern 3-bedroom, 2.5-bathroom family home is perfectly ...",,https://images.prop24.com/368275003/Ensure264x153,12000,144000,2.56,False,,6500.0,78000.0,rental_area_q1,600,3512.0,7025.0,0.0,1200,-76290.0,-0.0136,1.39,72.05,0.12,1.8981,395556.0,50000,1591056.0,4496000.0,46407.0,-52765.0,-633176.0,-0.398,-0.14,9.0376,-953625.0,-116.97,26019.0,26019.0,0.0,6744000.0,5395200.0,899200.0,691856.0,-62046.0,-1.82,6693510.0,7520828.0,10064564.0,1524786.0,4082994.0,3437833.0,2313833.0,-3218504.0,-1693718.0,-1.0645,0.0,-0.0479,0,3,0.0,,0.0576,0.0,50.0,50.0,35.0,0,-9.0,0.0,0.0,0.0,43.8,56.5,100,27.6,806
sale,3 Bedroom House,5620000,3,2,216 m²,Capolavoro,Capolavoro,Stellenbosch,https://www.property24.com/for-sale/capolavoro/stellenbosch/western-cape/11628/116864122,,,"JOINT MANDATE
Secure Estate Living in the Heart of the Banhoek Valley

This modern 3-bedroom, 2.5-bathroom family home is perfectly ...",,https://images.prop24.com/368275003/Ensure264x153,12000,144000,2.56,False,,6500.0,78000.0,rental_area_q1,600,3512.0,7025.0,0.0,1200,-76290.0,-0.0136,1.39,72.05,0.12,1.8981,395556.0,50000,1591056.0,4496000.0,46407.0,-52765.0,-633176.0,-0.398,-0.14,9.0376,-953625.0,-116.97,26019.0,26019.0,0.0,6744000.0,5395200.0,899200.0,691856.0,-62046.0,-1.82,6693510.0,7520828.0,10064564.0,1524786.0,4082994.0,3437833.0,2313833.0,-3218504.0,-1693718.0,-1.0645,0.0,-0.0479,0,3,0.0,,0.0576,0.0,50.0,50.0,35.0,0,-9.0,0.0,0.0,0.0,43.8,56.5,100,27.6,807
sale,3 Bedroom House,3600000,3,2,855 m²,16 Hermon Road,Riebeek Kasteel,Riebeek Valley,https://www.property24.com/for-sale/riebeek-kasteel/riebeek-valley/western-cape/7911/117050148,,,Sole and exclusive.This beautifully renovated cottage in the sought-after town of ...,,https://images.prop24.com/206466645/Ensure264x153,7000,84000,2.33,False,,18000.0,216000.0,rental_suburb,350,2250.0,4500.0,0.0,1200,99120.0,0.0275,6.0,16.67,0.5,0.4611,173356.0,50000,964856.0,2880000.0,29727.0,-21467.0,-257604.0,-0.267,0.28,2.1126,1101333.0,-69.41,4211.0,4781.0,-11.94,4320000.0,3456000.0,576000.0,388856.0,-27412.0,-1.02,4287658.0,4817612.0,6447052.0,976731.0,2615441.0,2202171.0,1482171.0,-1236002.0,-259270.0,-0.2687,-0.0607,0.1027,5,27,0.3,0.19,0.3315,0.0,50.0,50.0,35.0,0,18.4,0.0,0.0,0.0,64.0,59.7,50,27.6,808
sale,3 Bedroom House,7900000,3,2,1 951 m²,Riebeek West,Riebeek West,Riebeek Valley,https://www.property24.com/for-sale/riebeek-west/riebeek-valley/western-cape/7910/115550398,,,"Sole mandate. Nestled in the heart of the charming village of Riebeek West, this outstanding property offers the perfect blend of ...",,https://images.prop24.com/370100543/Crop600x400,7000,84000,1.06,False,mandate,13500.0,162000.0,rental_suburb,350,4938.0,9875.0,0.0,1200,-47310.0,-0.006,2.05,48.77,0.17,1.212,646356.0,50000,2297856.0,6320000.0,65234.0,-69177.0,-830122.0,-0.3613,-0.06,6.0442,-525667.0,-106.65,,5483.0,,9480000.0,7584000.0,1264000.0,1033856.0,-82224.0,-1.62,9409026.0,10571982.0,14147697.0,2143383.0,5739441.0,4832541.0,3252541.0,-4189096.0,-2045713.0,-0.8903,-0.3572,-0.0206,1,15,0.2,0.0,0.5219,0.0,50.0,50.0,35.0,30,-4.0,0.0,0.0,0.0,21.0,55.0,90,27.6,809
sale,2 Bedroom House,5950000,2,2,599 m²,15 D'grande Vredenburg,Vrykyk,Paarl,https://www.property24.com/for-sale/vrykyk/paarl/western-cape/8621/116791038,,,"Endless Possibilities on a Substantial Plot of land 

Please Note – 

The existing ...",,https://images.prop24.com/341773167/Ensure264x153,9500,114000,1.92,False,,8500.0,102000.0,rental_area_q1,2803.0,3719.0,7438.0,0.0,1200,-88066.0,-0.0148,1.71,58.33,0.14,1.7834,431856.0,50000,1693356.0,4760000.0,49132.0,-56471.0,-677652.0,-0.4002,-0.15,7.5636,-978509.0,-116.45,9933.0,7661.0,29.66,7140000.0,5712000.0,952000.0,741356.0,-66297.0,-1.83,7086545.0,7962442.0,10655544.0,1614320.0,4322743.0,3639699.0,2449699.0,-3449620.0,-1835300.0,-1.0838,0.0,-0.052,0,2,0.5,,0.2857,0.0,50.0,51.0,35.2,0,-9.9,0.0,0.0,0.0,40.5,56.2,100,27.5,810
sale,3 Bedroom House,5650000,3,3,512 m²,209 Protea Street,Johannesdal,Stellenbosch,https://www.property24.com/for-sale/johannesdal/stellenbosch/western-cape/33197/117021293,,,"Nestled in the heart of the breathtaking Banhoek Valley, this home offers a lifestyle ...",,https://images.prop24.com/233852929/Ensure264x153,12000,144000,2.55,False,,6500.0,78000.0,rental_area_q1,600,3531.0,7062.0,0.0,1200,-76965.0,-0.0136,1.38,72.44,0.12,1.9067,398856.0,50000,1600356.0,4520000.0,46655.0,-53069.0,-636824.0,-0.3979,-0.14,9.0844,-962062.0,-117.03,11035.0,20357.0,-45.79,6780000.0,5424000.0,904000.0,696356.0,-62400.0,-1.82,6729240.0,7560975.0,10118289.0,1532926.0,4104790.0,3456185.0,2326185.0,-3237172.0,-1704247.0,-1.0649,0.0,-0.0481,0,9,0.0,,0.1771,0.0,50.0,50.0,35.0,0,-9.1,0.0,0.0,0.0,43.5,56.5,100,27.5,811
sale,3 Bedroom House,5750000,3,3,347 m²,1 La Roche Str,La Roche,Stellenbosch,https://www.property24.com/for-sale/la-roche/stellenbosch/western-cape/25482/117035335,,,"Modern Country Living in La Roche Estate – Spacious 3-Bedroom Home on Corner Stand

This ...",,https://images.prop24.com/375976688/Crop600x400,12000,144000,2.5,False,,6500.0,78000.0,rental_area_q1,600,3594.0,7188.0,0.0,1200,-79215.0,-0.0138,1.36,73.72,0.11,1.9356,409856.0,50000,1631356.0,4600000.0,47481.0,-54082.0,-648983.0,-0.3978,-0.14,9.2403,-990188.0,-117.22,16571.0,16643.0,-0.43,6900000.0,5520000.0,920000.0,711356.0,-63578.0,-1.82,6848342.0,7694797.0,10297374.0,1560057.0,4177441.0,3517356.0,2367356.0,-3299401.0,-1739344.0,-1.0662,0.0,-0.0486,0,4,0.0,,0.1016,0.0,50.0,50.0,35.0,0,-9.2,0.0,0.0,0.0,42.5,56.4,100,27.5,812
sale,1 Bedroom Apartment,6300000,1,1,80 m²,De Zalze Winelands Golf Estate,De Zalze Winelands Golf Estate,Stellenbosch,https://www.property24.com/for-sale/de-zalze-winelands-golf-estate/stellenbosch/western-cape/10502/113992934,,,"Newly renovated one bedroom lodge for sale in the sought after Winelands Golf Lodges. Use it yourself, offer it for rentals or a ...",,https://images.prop24.com/265644392/Ensure264x153,8500,102000,1.62,False,,20000.0,240000.0,rental_suburb,600,3938.0,7875.0,0.0,1200,57450.0,0.0091,3.81,26.25,0.32,0.6806,470356.0,50000,1801856.0,5040000.0,52022.0,-47235.0,-566818.0,-0.3146,0.09,3.2817,718125.0,-88.6,78750.0,78750.0,0.0,7560000.0,6048000.0,1008000.0,793856.0,-57639.0,-1.33,7503401.0,8430821.0,11282340.0,1709280.0,4577022.0,3853799.0,2593799.0,-2809852.0,-1100572.0,-0.6108,-0.172,0.0319,1,2,0.5,0.0,0.0,0.0,50.0,50.0,35.0,0,6.1,0.0,0.0,0.0,37.0,55.9,90,27.5,813
sale,3 Bedroom Townhouse,5750000,3,2,207 m²,Voliere Estate,Voliere Estate,Stellenbosch,https://www.property24.com/for-sale/voliere-estate/stellenbosch/western-cape/33652/116949893,,,"Step into this beautiful home where you are greeted by sunny, open living spaces designed for effortless flow and modern living. From ...",,https://images.prop24.com/316493296/Ensure264x153,12000,144000,2.5,False,,6500.0,78000.0,rental_area_q1,600,3594.0,7188.0,0.0,1200,-79215.0,-0.0138,1.36,73.72,0.11,1.9356,409856.0,50000,1631356.0,4600000.0,47481.0,-54082.0,-648983.0,-0.3978,-0.14,9.2403,-990188.0,-117.22,27778.0,27602.0,0.64,6900000.0,5520000.0,920000.0,711356.0,-63578.0,-1.82,6848342.0,7694797.0,10297374.0,1560057.0,4177441.0,3517356.0,2367356.0,-3299401.0,-1739344.0,-1.0662,0.0,-0.0486,0,21,0.0,,0.2742,0.0,50.0,50.0,35.0,0,-9.2,0.0,0.0,0.0,42.5,56.4,100,27.5,814
sale,3 Bedroom House,5650000,3,2,672 m²,41 Dawn Crescent,De Wijnlanden Residential Estate,Stellenbosch,https://www.property24.com/for-sale/de-wijnlanden-residential-estate/stellenbosch/western-cape/17618/116670892,,,"De Wijnlanden Estate
Sole and Exclusive Mandate
The spacious main bedroom features an ...",,https://images.prop24.com/362732644/Ensure264x153,12000,144000,2.55,False,,6500.0,78000.0,rental_area_q1,600,3531.0,7062.0,0.0,1200,-76965.0,-0.0136,1.38,72.44,0.12,1.9067,398856.0,50000,1600356.0,4520000.0,46655.0,-53069.0,-636824.0,-0.3979,-0.14,9.0844,-962062.0,-117.03,8408.0,19479.0,-56.84,6780000.0,5424000.0,904000.0,696356.0,-62400.0,-1.82,6729240.0,7560975.0,10118289.0,1532926.0,4104790.0,3456185.0,2326185.0,-3237172.0,-1704247.0,-1.0649,0.0,-0.0481,0,3,0.0,,0.8124,0.0,50.0,50.0,35.0,0,-9.1,0.0,0.0,0.0,43.5,56.5,100,27.5,815
sale,3 Bedroom House,5750000,3,2,344 m²,1 La Roche Estate,La Roche,Stellenbosch,https://www.property24.com/for-sale/la-roche/stellenbosch/western-cape/25482/116421900,,,"Modern Living in La Roche Estate, Stellenbosch

This contemporary home in the secure La ...",,https://images.prop24.com/364845874/Crop600x400,12000,144000,2.5,False,,6500.0,78000.0,rental_area_q1,600,3594.0,7188.0,0.0,1200,-79215.0,-0.0138,1.36,73.72,0.11,1.9356,409856.0,50000,1631356.0,4600000.0,47481.0,-54082.0,-648983.0,-0.3978,-0.14,9.2403,-990188.0,-117.22,16715.0,16643.0,0.43,6900000.0,5520000.0,920000.0,711356.0,-63578.0,-1.82,6848342.0,7694797.0,10297374.0,1560057.0,4177441.0,3517356.0,2367356.0,-3299401.0,-1739344.0,-1.0662,0.0,-0.0486,0,4,0.0,,0.1016,0.0,50.0,50.0,35.0,0,-9.2,0.0,0.0,0.0,42.5,56.4,100,27.5,816
sale,1 Bedroom Apartment,6300000,1,1,80 m²,De Zalze Winelands Golf Estate,De Zalze Winelands Golf Estate,Stellenbosch,https://www.property24.com/for-sale/de-zalze-winelands-golf-estate/stellenbosch/western-cape/10502/117047575,,,"Newly renovated one bedroom lodge for sale in the sought after Winelands Golf Lodges. Use it yourself, offer it for rentals or a ...",,https://images.prop24.com/265644392/Ensure264x153,8500,102000,1.62,False,,20000.0,240000.0,rental_suburb,600,3938.0,7875.0,0.0,1200,57450.0,0.0091,3.81,26.25,0.32,0.6806,470356.0,50000,1801856.0,5040000.0,52022.0,-47235.0,-566818.0,-0.3146,0.09,3.2817,718125.0,-88.6,78750.0,78750.0,0.0,7560000.0,6048000.0,1008000.0,793856.0,-57639.0,-1.33,7503401.0,8430821.0,11282340.0,1709280.0,4577022.0,3853799.0,2593799.0,-2809852.0,-1100572.0,-0.6108,-0.172,0.0319,1,2,0.5,0.0,0.0,0.0,50.0,50.0,35.0,0,6.1,0.0,0.0,0.0,37.0,55.9,90,27.5,817
sale,2 Bedroom Apartment,5500000,2,2,,"- De Waal Centre, 1 Andringa Street",Stellenbosch Central,Stellenbosch,https://www.property24.com/for-sale/stellenbosch-central/stellenbosch/western-cape/8566/116323073,,,"Nestled in the heart of vibrant Stellenbosch, this newly built, modern 2-bedroom gem is ...",,https://images.prop24.com/252834057/Ensure264x153,12000,144000,2.62,False,,17000.0,204000.0,rental_suburb,600,3438.0,6875.0,0.0,1200,42330.0,0.0077,3.71,26.96,0.31,0.7125,382356.0,50000,1553856.0,4400000.0,45416.0,-41889.0,-502665.0,-0.3235,0.08,3.384,529125.0,-90.38,,55882.0,,6600000.0,5280000.0,880000.0,673856.0,-50972.0,-1.38,6550588.0,7360241.0,9849662.0,1492229.0,3995813.0,3364428.0,2264428.0,-2496870.0,-1004641.0,-0.6465,-0.1878,0.0272,16,87,0.54,0.99,0.4083,16.1,50.0,50.0,39.8,0,5.1,0.0,0.0,0.0,45.0,56.6,0,27.5,818
sale,3 Bedroom House,5750000,3,3,178 m²,60 Voliere Estate,Voliere Estate,Stellenbosch,https://www.property24.com/for-sale/voliere-estate/stellenbosch/western-cape/33652/115608020,,,"Experience the quintessential Stellenbosch lifestyle - a secure, modern estate designed ...",,https://images.prop24.com/233852929/Ensure264x153,12000,144000,2.5,False,,6500.0,78000.0,rental_area_q1,600,3594.0,7188.0,0.0,1200,-79215.0,-0.0138,1.36,73.72,0.11,1.9356,409856.0,50000,1631356.0,4600000.0,47481.0,-54082.0,-648983.0,-0.3978,-0.14,9.2403,-990188.0,-117.22,32303.0,27602.0,17.03,6900000.0,5520000.0,920000.0,711356.0,-63578.0,-1.82,6848342.0,7694797.0,10297374.0,1560057.0,4177441.0,3517356.0,2367356.0,-3299401.0,-1739344.0,-1.0662,0.0,-0.0486,0,21,0.0,,0.2742,0.0,50.0,50.0,35.0,0,-9.2,0.0,0.0,0.0,42.5,56.4,100,27.5,819
sale,2 Bedroom House,1999000,2,1,270 m²,5 Mountain View Crescent,Robertson,Robertson,https://www.property24.com/for-sale/robertson/robertson/western-cape/16671/117056220,,,Step into the opportunity to own a brand-new home in the sought-after Mountain View ...,,https://images.prop24.com/179603478/Ensure264x153,6000,72000,3.6,False,,10000.0,120000.0,rental_suburb,300,1249.0,2499.0,0.0,1200,47422.0,0.0237,6.0,16.66,0.5,0.5248,33726.0,50000,505026.0,1599200.0,16507.0,-12555.0,-150659.0,-0.2983,0.24,2.1755,474225.0,-76.28,7404.0,9366.0,-20.95,2398800.0,1919040.0,319840.0,185186.0,-15856.0,-1.17,2380841.0,2675113.0,3579905.0,542357.0,1452296.0,1222816.0,823016.0,-729263.0,-186906.0,-0.3701,-0.0883,0.0939,7,56,0.21,0.77,0.3369,0.0,50.0,50.0,35.0,0,15.8,0.0,0.0,0.0,80.0,63.3,30,27.5,820
sale,2 Bedroom House,1999000,2,1,270 m²,"Mountain View Village, 16 Mountain View Crescent Street",Robertson,Robertson,https://www.property24.com/for-sale/robertson/robertson/western-cape/16671/117045264,,,"Experience contemporary estate living in the sought-after Mountain View Estate, where ...",,https://images.prop24.com/371678080/Crop600x400,6000,72000,3.6,False,,10000.0,120000.0,rental_suburb,300,1249.0,2499.0,0.0,1200,47422.0,0.0237,6.0,16.66,0.5,0.5248,33726.0,50000,505026.0,1599200.0,16507.0,-12555.0,-150659.0,-0.2983,0.24,2.1755,474225.0,-76.28,7404.0,9366.0,-20.95,2398800.0,1919040.0,319840.0,185186.0,-15856.0,-1.17,2380841.0,2675113.0,3579905.0,542357.0,1452296.0,1222816.0,823016.0,-729263.0,-186906.0,-0.3701,-0.0883,0.0939,7,56,0.21,0.77,0.3369,0.0,50.0,50.0,35.0,0,15.8,0.0,0.0,0.0,80.0,63.3,30,27.5,821
sale,2 Bedroom House,1999000,2,1,270 m²,12 Mountain View Crescent,Robertson,Robertson,https://www.property24.com/for-sale/robertson/robertson/western-cape/16671/117058172,,,"An exciting opportunity awaits in Mountain View Village, a secure and fast-growing ...",,https://images.prop24.com/242461081/Ensure264x153,6000,72000,3.6,False,,10000.0,120000.0,rental_suburb,300,1249.0,2499.0,0.0,1200,47422.0,0.0237,6.0,16.66,0.5,0.5248,33726.0,50000,505026.0,1599200.0,16507.0,-12555.0,-150659.0,-0.2983,0.24,2.1755,474225.0,-76.28,7404.0,9366.0,-20.95,2398800.0,1919040.0,319840.0,185186.0,-15856.0,-1.17,2380841.0,2675113.0,3579905.0,542357.0,1452296.0,1222816.0,823016.0,-729263.0,-186906.0,-0.3701,-0.0883,0.0939,7,56,0.21,0.77,0.3369,0.0,50.0,50.0,35.0,0,15.8,0.0,0.0,0.0,80.0,63.3,30,27.5,822
sale,2 Bedroom House,1999000,2,2,270 m²,Robertson,Robertson,Robertson,https://www.property24.com/for-sale/robertson/robertson/western-cape/16671/117063556,,,"Own a brand-new home in the sought-after Mountain View Village with this well-designed 94m² plot-and-plan option.

This ...",,https://images.prop24.com/234024645/Ensure264x153,6000,72000,3.6,False,,10000.0,120000.0,rental_suburb,300,1249.0,2499.0,0.0,1200,47422.0,0.0237,6.0,16.66,0.5,0.5248,33726.0,50000,505026.0,1599200.0,16507.0,-12555.0,-150659.0,-0.2983,0.24,2.1755,474225.0,-76.28,7404.0,9366.0,-20.95,2398800.0,1919040.0,319840.0,185186.0,-15856.0,-1.17,2380841.0,2675113.0,3579905.0,542357.0,1452296.0,1222816.0,823016.0,-729263.0,-186906.0,-0.3701,-0.0883,0.0939,7,56,0.21,0.77,0.3369,0.0,50.0,50.0,35.0,0,15.8,0.0,0.0,0.0,80.0,63.3,30,27.5,823
sale,3 Bedroom House,3700000,3,3,891 m²,20 Bloem Street,Riebeek Kasteel,Riebeek Valley,https://www.property24.com/for-sale/riebeek-kasteel/riebeek-valley/western-cape/7911/116547943,,,Unlock the extraordinary in Riebeek Kasteel. This is more than a home—it’s a strategic ...,,https://images.prop24.com/185178535/Ensure264x153,7000,84000,2.27,False,,18000.0,216000.0,rental_suburb,350,2312.0,4625.0,0.0,1200,96870.0,0.0262,5.84,17.13,0.49,0.4715,184356.0,50000,995856.0,2960000.0,30553.0,-22480.0,-269763.0,-0.2709,0.26,2.1689,1076333.0,-70.91,4153.0,4781.0,-13.15,4440000.0,3552000.0,592000.0,403856.0,-28591.0,-1.04,4406759.0,4951435.0,6626136.0,1003863.0,2688092.0,2263342.0,1523342.0,-1298230.0,-294367.0,-0.2956,-0.0677,0.0973,5,27,0.3,0.19,0.3315,0.0,50.0,50.0,35.0,0,17.5,0.0,0.0,0.0,63.0,59.4,50,27.5,824
sale,3 Bedroom Townhouse,5950000,3,2,250 m²,Kleine Parys 2,Kleine Parys 2,Paarl,https://www.property24.com/for-sale/kleine-parys-2/paarl/western-cape/25493/117007872,,,Welcome to a home where contemporary design meets the exceptional lifestyle of the Cape Winelands. Proudly presented in the ...,,https://images.prop24.com/374551127/Ensure264x153,9500,114000,1.92,False,,7000.0,84000.0,rental_area_q1,2803.0,3719.0,7438.0,0.0,1200,-104626.0,-0.0176,1.41,70.83,0.12,2.1655,431856.0,50000,1693356.0,4760000.0,49132.0,-57851.0,-694212.0,-0.41,-0.18,9.1844,-1162509.0,-119.54,23800.0,12148.0,95.91,7140000.0,5712000.0,952000.0,741356.0,-67677.0,-1.89,7086545.0,7962442.0,10655544.0,1614320.0,4322743.0,3639699.0,2449699.0,-3542043.0,-1927723.0,-1.1384,0.0,-0.0618,0,4,0.0,,0.1209,0.0,50.0,51.0,35.2,0,-11.7,0.0,0.0,0.0,40.5,56.2,100,27.4,825
sale,3 Bedroom House,5950000,3,3,296 m²,3 Bloekom Crescent,Johannesdal,Stellenbosch,https://www.property24.com/for-sale/johannesdal/stellenbosch/western-cape/33197/116621330,,,"A boutique gated community of 16 homes at the foot of Simonsberg
Key Features
•	3 ...",,https://images.prop24.com/206466645/Ensure264x153,12000,144000,2.42,False,,6500.0,78000.0,rental_area_q1,600,3719.0,7438.0,0.0,1200,-83715.0,-0.0141,1.31,76.28,0.11,1.9933,431856.0,50000,1693356.0,4760000.0,49132.0,-56108.0,-673301.0,-0.3976,-0.14,9.5521,-1046438.0,-117.59,20101.0,20357.0,-1.26,7140000.0,5712000.0,952000.0,741356.0,-65935.0,-1.82,7086545.0,7962442.0,10655544.0,1614320.0,4322743.0,3639699.0,2449699.0,-3423858.0,-1809538.0,-1.0686,0.0,-0.0494,0,9,0.0,,0.1771,0.0,50.0,50.0,35.0,0,-9.4,0.0,0.0,0.0,40.5,56.2,100,27.4,826
sale,2 Bedroom House,5900000,2,3,367 m²,"32 Yellow Wood House, 32 Church",Tulbagh,Tulbagh,https://www.property24.com/for-sale/tulbagh/tulbagh/western-cape/7608/107255738,,,"Situated in the picturesque heritage town of Tulbagh in the Cape Winelands, Yellowwood ...",,https://images.prop24.com/242461081/Ensure264x153,6000,72000,1.22,False,,6000.0,72000.0,csv_estimate,300,3688.0,7375.0,0.0,1200,-84510.0,-0.0143,1.22,81.94,0.1,2.0938,426356.0,50000,1677856.0,4720000.0,48719.0,-55762.0,-669142.0,-0.3988,-0.14,10.2136,-768273.0,-113.02,16076.0,4597.0,249.69,7080000.0,5664000.0,944000.0,733856.0,-65506.0,-1.82,7026994.0,7895531.0,10566001.0,1600754.0,4286418.0,3609113.0,2429113.0,-3403258.0,-1802503.0,-1.0743,0.0,-0.0504,0,16,0.0,,0.6239,0.0,50.0,50.0,35.0,0,-9.5,0.0,0.0,0.0,41.0,56.3,100,27.4,827
sale,2 Bedroom House,5900000,2,3,367 m²,Tulbagh,Tulbagh,Tulbagh,https://www.property24.com/for-sale/tulbagh/tulbagh/western-cape/7608/116729758,,,"Historic Church Street, Tulbagh

Currently, there is no comparison. House No. 32 is perfectly positioned and forms part of a unique ...",,https://images.prop24.com/370564060/Crop600x400,6000,72000,1.22,False,,6000.0,72000.0,csv_estimate,300,3688.0,7375.0,0.0,1200,-84510.0,-0.0143,1.22,81.94,0.1,2.0938,426356.0,50000,1677856.0,4720000.0,48719.0,-55762.0,-669142.0,-0.3988,-0.14,10.2136,-768273.0,-113.02,16076.0,4597.0,249.69,7080000.0,5664000.0,944000.0,733856.0,-65506.0,-1.82,7026994.0,7895531.0,10566001.0,1600754.0,4286418.0,3609113.0,2429113.0,-3403258.0,-1802503.0,-1.0743,0.0,-0.0504,0,16,0.0,,0.6239,0.0,50.0,50.0,35.0,0,-9.5,0.0,0.0,0.0,41.0,56.3,100,27.4,828
sale,2 Bedroom House,5900000,2,3,367 m²,Tulbagh,Tulbagh,Tulbagh,https://www.property24.com/for-sale/tulbagh/tulbagh/western-cape/7608/117062229,,,"Historic Church Street, Tulbagh

Currently, there is no comparison. House No. 32 is perfectly positioned and forms part of a unique ...",,https://images.prop24.com/370564060/Crop600x400,6000,72000,1.22,False,,6000.0,72000.0,csv_estimate,300,3688.0,7375.0,0.0,1200,-84510.0,-0.0143,1.22,81.94,0.1,2.0938,426356.0,50000,1677856.0,4720000.0,48719.0,-55762.0,-669142.0,-0.3988,-0.14,10.2136,-768273.0,-113.02,16076.0,4597.0,249.69,7080000.0,5664000.0,944000.0,733856.0,-65506.0,-1.82,7026994.0,7895531.0,10566001.0,1600754.0,4286418.0,3609113.0,2429113.0,-3403258.0,-1802503.0,-1.0743,0.0,-0.0504,0,16,0.0,,0.6239,0.0,50.0,50.0,35.0,0,-9.5,0.0,0.0,0.0,41.0,56.3,100,27.4,829
sale,2 Bedroom House,5900000,2,3,,Tulbagh,Tulbagh,Tulbagh,https://www.property24.com/for-sale/tulbagh/tulbagh/western-cape/7608/116124348,,,"Located in the beautiful heritage town of Tulbagh in the Cape winelands, Yellowwood House takes pride of place in one of South ...",,https://images.prop24.com/224816667/Ensure264x153,6000,72000,1.22,False,,6000.0,72000.0,csv_estimate,300,3688.0,7375.0,0.0,1200,-84510.0,-0.0143,1.22,81.94,0.1,2.0938,426356.0,50000,1677856.0,4720000.0,48719.0,-55762.0,-669142.0,-0.3988,-0.14,10.2136,-768273.0,-113.02,,4597.0,,7080000.0,5664000.0,944000.0,733856.0,-65506.0,-1.82,7026994.0,7895531.0,10566001.0,1600754.0,4286418.0,3609113.0,2429113.0,-3403258.0,-1802503.0,-1.0743,0.0,-0.0504,0,16,0.0,,0.6239,0.0,50.0,50.0,35.0,0,-9.5,0.0,0.0,0.0,41.0,56.3,100,27.4,830
sale,Farm,6950000,1,0,4 400 m²,Robertson Rural,Robertson Rural,Robertson,https://www.property24.com/for-sale/robertson-rural/robertson/western-cape/16626/114319043,,,"On exclusive sole mandate just for you!

Calling all visionary investors! Prepare to embark on an extraordinary journey into the ...",,https://images.prop24.com/277028145/Ensure264x153,4500,54000,0.78,False,mandate,7800.0,93600.0,rental_suburb,300,4344.0,8688.0,0.0,1200,-88263.0,-0.0127,1.35,74.25,0.11,1.863,541856.0,50000,2003356.0,5560000.0,57390.0,-64745.0,-776939.0,-0.3878,-0.13,9.2206,-882630.0,-112.7,,2939.0,,8340000.0,6672000.0,1112000.0,891356.0,-76223.0,-1.77,8277561.0,9300668.0,12446391.0,1885634.0,5049255.0,4251413.0,2861413.0,-3945750.0,-2060115.0,-1.0283,0.0,-0.0441,2,6,0.33,0.0,0.4024,0.0,50.0,50.0,35.0,30,-8.5,0.0,0.0,0.0,30.5,55.5,80,27.4,831
sale,3 Bedroom House,5800000,3,3,300 m²,Montagu,Montagu,Montagu,https://www.property24.com/for-sale/montagu/montagu/western-cape/7595/116935376,,,"SOLE AND EXCLUSIVE

Awaken to the majestic calls of a Fish Eagle encircling the peaceful dam situated in front of your beautiful ...",,https://images.prop24.com/255290839/Ensure264x153,6000,72000,1.24,False,,6000.0,72000.0,csv_estimate,250,3625.0,7250.0,0.0,1200,-81660.0,-0.0141,1.24,80.56,0.1,2.0542,415356.0,50000,1646856.0,4640000.0,47894.0,-54699.0,-656382.0,-0.3986,-0.14,10.0364,-816600.0,-114.08,19333.0,3921.0,393.12,6960000.0,5568000.0,928000.0,718856.0,-64277.0,-1.82,6907893.0,7761708.0,10386917.0,1573623.0,4213767.0,3547942.0,2387942.0,-3337647.0,-1764024.0,-1.0711,0.0,-0.0496,0,21,0.0,,0.529,0.0,50.0,50.0,35.0,0,-9.4,0.0,0.0,0.0,42.0,56.3,100,27.4,832
sale,3 Bedroom House,6130000,3,2,313 m²,Paarl Valleij Lifestyle Estate,Paarl Valleij Lifestyle Estate,Paarl,https://www.property24.com/for-sale/paarl-valleij-lifestyle-estate/paarl/western-cape/33586/116763819,,,"Price includes VAT. No transfer duty.

This beautifully designed single-storey home offers 165.8m² modern living in one of the ...",,https://images.prop24.com/373859014/Ensure264x153,9500,114000,1.86,False,,7000.0,84000.0,rental_area_q1,2893.0,3831.0,7662.0,0.0,1200,-109757.0,-0.0179,1.37,72.98,0.11,2.2266,451656.0,50000,1749156.0,4904000.0,50619.0,-59765.0,-717179.0,-0.41,-0.18,9.4578,-1219520.0,-119.89,19585.0,19773.0,-0.95,7356000.0,5884800.0,980800.0,768356.0,-69889.0,-1.89,7300928.0,8203323.0,10977896.0,1663157.0,4453515.0,3749807.0,2523807.0,-3660148.0,-1996992.0,-1.1417,0.0,-0.0627,0,4,0.0,,0.1813,0.0,50.0,51.0,35.2,0,-11.9,0.0,0.0,0.0,38.7,56.1,100,27.3,833
sale,3 Bedroom House,3900000,3,2,794 m²,17 Walter Street,Riebeek Kasteel,Riebeek Valley,https://www.property24.com/for-sale/riebeek-kasteel/riebeek-valley/western-cape/7911/116790790,,,"Privacy, Views & Effortless Living in a Perfect Location

Nestled on the picturesque ...",,https://images.prop24.com/340428568/Ensure264x153,7000,84000,2.15,False,,18000.0,216000.0,rental_suburb,350,2438.0,4875.0,0.0,1200,92370.0,0.0237,5.54,18.06,0.46,0.4924,206356.0,50000,1057856.0,3120000.0,32204.0,-24507.0,-294081.0,-0.278,0.24,2.2815,1026333.0,-73.68,4912.0,4781.0,2.73,4680000.0,3744000.0,624000.0,433856.0,-30948.0,-1.09,4644962.0,5219080.0,6984306.0,1058126.0,2833395.0,2385685.0,1605685.0,-1422687.0,-364561.0,-0.3446,-0.081,0.0873,5,27,0.3,0.19,0.3315,0.0,50.0,50.0,35.0,0,15.8,0.0,0.0,0.0,61.0,59.0,50,27.3,834
sale,3 Bedroom House,8900000,3,2,413 m²,Val de Vie Estate,Val de Vie Estate,Paarl,https://www.property24.com/for-sale/val-de-vie-estate/paarl/western-cape/11726/116922586,,,"Exclusive Sole Mandate.

This charming home is situated in a quiet cul-de-sac in one of the most private and established parts of the ...",,https://images.prop24.com/233852929/Ensure264x153,9500,114000,1.28,False,mandate,7000.0,84000.0,rental_area_q1,4279.0,5562.0,11125.0,0.0,1200,-188717.0,-0.0212,0.94,105.95,0.08,3.1666,756356.0,50000,2607856.0,7120000.0,73492.0,-89218.0,-1070619.0,-0.4105,-0.21,13.6655,-2096856.0,-123.56,21550.0,59375.0,-63.71,10680000.0,8544000.0,1424000.0,1183856.0,-103917.0,-1.91,10600042.0,11910208.0,15938544.0,2414697.0,6465952.0,5444256.0,3664256.0,-5477652.0,-3062955.0,-1.1745,0.0,-0.0724,0,28,0.04,,0.3067,0.0,50.0,51.0,35.2,30,-14.1,0.0,0.0,0.0,11.0,54.6,100,27.2,835
sale,3 Bedroom House,5313287,3,2,249 m²,(18260) 9 Kunye Street,Newinbosch,Stellenbosch,https://www.property24.com/for-sale/newinbosch/stellenbosch/western-cape/33422/117006768,,,Amazing opportunity to live in the main home while generating rental income from the ...,,https://images.prop24.com/320031844/Ensure264x153,12000,144000,2.71,False,,20000.0,240000.0,rental_suburb,600,3321.0,6642.0,0.0,1200,79651.0,0.015,4.52,22.14,0.38,0.5881,361818.0,50000,1495975.0,4250630.0,43875.0,-37237.0,-446843.0,-0.2987,0.15,2.7818,995638.0,-81.26,21339.0,21226.0,0.53,6375944.0,5100756.0,850126.0,645849.0,-46012.0,-1.23,6328210.0,7110377.0,9515288.0,1441571.0,3860164.0,3250213.0,2187555.0,-2195835.0,-754264.0,-0.5042,-0.1309,0.0532,3,49,0.57,0.1,0.3095,0.0,50.0,50.0,35.0,0,10.0,0.0,0.0,0.0,46.9,56.8,70,27.2,836
sale,2 Bedroom Apartment,5950000,2,2,83 m²,16 Dennesig Street,Stellenbosch Central,Stellenbosch,https://www.property24.com/for-sale/stellenbosch-central/stellenbosch/western-cape/8566/116559791,,,"In the heart of Stellenbosch, just 750 metres from the University campus and within ...",,https://images.prop24.com/206466645/Ensure264x153,12000,144000,2.42,False,,17000.0,204000.0,rental_suburb,600,3719.0,7438.0,0.0,1200,32205.0,0.0054,3.43,29.17,0.29,0.7621,431856.0,50000,1693356.0,4760000.0,49132.0,-46448.0,-557381.0,-0.3292,0.05,3.6523,402562.0,-93.23,71687.0,55882.0,28.28,7140000.0,5712000.0,952000.0,741356.0,-56275.0,-1.41,7086545.0,7962442.0,10655544.0,1614320.0,4322743.0,3639699.0,2449699.0,-2776898.0,-1162578.0,-0.6866,-0.2071,0.019,16,87,0.54,0.99,0.4083,16.1,50.0,50.0,39.8,0,3.6,0.0,0.0,0.0,40.5,56.2,0,27.2,837
sale,3 Bedroom House,6150000,3,3,265 m²,Johannesdal,Johannesdal,Stellenbosch,https://www.property24.com/for-sale/johannesdal/stellenbosch/western-cape/33197/116859364,,,"Key Features
•	3 Bedrooms | 3.5 Bathrooms
•	Upstairs Pajama lounge and 2 balconies.
•	Open-plan living with kitchen and dining ...",,https://images.prop24.com/206466645/Ensure264x153,12000,144000,2.34,False,,6500.0,78000.0,rental_area_q1,600,3844.0,7688.0,0.0,1200,-88215.0,-0.0143,1.27,78.85,0.11,2.051,453856.0,50000,1755356.0,4920000.0,50784.0,-58135.0,-697619.0,-0.3974,-0.14,9.8638,-1102688.0,-117.93,23208.0,20357.0,14.0,7380000.0,5904000.0,984000.0,771356.0,-68292.0,-1.82,7324748.0,8230087.0,11013713.0,1668583.0,4468046.0,3762042.0,2532042.0,-3548315.0,-1879732.0,-1.0709,0.0,-0.0503,0,9,0.0,,0.1771,0.0,50.0,50.0,35.0,0,-9.6,0.0,0.0,0.0,38.5,56.1,100,27.2,838
sale,3 Bedroom House,5279000,3,2,262 m²,Newinbosch,Newinbosch,Stellenbosch,https://www.property24.com/for-sale/newinbosch/stellenbosch/western-cape/33422/116480090,,,"Discover the Courtyard Typograhy — one of Newinbosch Estate’s most popular designs, now available in the newly launched Phase N. This ...",,https://images.prop24.com/206466645/Ensure264x153,12000,144000,2.73,False,,20000.0,240000.0,rental_suburb,600,3299.0,6599.0,0.0,1200,80422.0,0.0152,4.55,22.0,0.38,0.5849,358046.0,50000,1485346.0,4223200.0,43591.0,-36890.0,-442674.0,-0.298,0.15,2.7645,1005281.0,-80.96,20149.0,21226.0,-5.07,6334800.0,5067840.0,844640.0,640706.0,-45608.0,-1.23,6287373.0,7064493.0,9453885.0,1432268.0,3835254.0,3229239.0,2173439.0,-2174499.0,-742231.0,-0.4997,-0.1293,0.0541,3,49,0.57,0.1,0.3095,0.0,50.0,50.0,35.0,0,10.2,0.0,0.0,0.0,47.2,56.9,70,27.2,839
sale,3 Bedroom House,6295000,3,3,188 m²,"725 The Meadows, 0 Kromme Rhee Road",Nooitgedacht Village,Stellenbosch,https://www.property24.com/for-sale/nooitgedacht-village/stellenbosch/western-cape/14758/115303911,,,"Nestled between vineyards and mountains, Nooitgedacht Village blends natural beauty ...",,https://images.prop24.com/347291845/Crop600x400,12000,144000,2.29,False,,6500.0,78000.0,rental_area_q1,600,3934.0,7869.0,0.0,1200,-91478.0,-0.0145,1.24,80.71,0.1,2.0928,469806.0,50000,1800306.0,5036000.0,51981.0,-59604.0,-715250.0,-0.3973,-0.15,10.0899,-1143469.0,-118.16,33484.0,21825.0,53.42,7554000.0,6043200.0,1007200.0,793106.0,-70000.0,-1.82,7497446.0,8424130.0,11273386.0,1707924.0,4573390.0,3850740.0,2591740.0,-3638546.0,-1930623.0,-1.0724,0.0,-0.0508,0,14,0.07,,0.2841,0.0,50.0,50.0,35.0,0,-9.7,0.0,0.0,0.0,37.1,55.9,100,27.2,840
sale,Farm,6000000,1,0,86 ha,Ceres Rural,Ceres Rural,Ceres,https://www.property24.com/for-sale/ceres-rural/ceres/western-cape/16602/112377389,,,This 86-hectare pristine land known as Tweerivier Farm lies within the greater Southern Cederberg region. It is a private company and ...,,https://images.prop24.com/33433462/Ensure264x153,4500,54000,0.9,False,,4500.0,54000.0,csv_estimate,300,3750.0,7500.0,0.0,1200,-103320.0,-0.0172,0.9,111.11,0.07,2.8333,437356.0,50000,1708856.0,4800000.0,49545.0,-58155.0,-697861.0,-0.4084,-0.17,13.8433,-939273.0,-115.65,,,,7200000.0,5760000.0,960000.0,748856.0,-68064.0,-1.88,7146096.0,8029353.0,10745086.0,1627886.0,4359069.0,3670285.0,2470285.0,-3557909.0,-1930023.0,-1.1294,0.0,-0.0605,0,2,0.0,,0.202,0.0,50.0,50.0,35.0,0,-11.5,0.0,0.0,0.0,40.0,56.2,100,27.2,841
sale,2 Bedroom Apartment,850000,2,1,40 m²,Worcester Central,Worcester Central,Worcester,https://www.property24.com/for-sale/worcester-central/worcester/western-cape/8860/116845098,,,"This apartment is ideally situated in Worcester Central, Worcester, Western Cape, offering convenient access to shops, schools, medical ...",,https://images.prop24.com/242461081/Ensure264x153,7000,84000,9.88,True,,8750.0,105000.0,rental_suburb,400,531.0,1062.0,0.0,1200,58275.0,0.0686,12.35,8.1,1.03,0.365,0.0,100000,291500.0,680000.0,7019.0,-2163.0,-25952.0,-0.089,0.69,1.1672,582750.0,-31.44,21250.0,10714.0,98.33,1020000.0,816000.0,136000.0,155500.0,-3566.0,-0.09,1012364.0,1137492.0,1522221.0,230617.0,617535.0,519957.0,349957.0,-98041.0,132576.0,0.4548,0.0779,0.1999,10,20,0.6,0.69,1.0847,0.0,50.0,50.0,35.0,0,45.7,0.0,0.0,0.0,91.5,46.7,0,27.2,842
sale,2 Bedroom House,2249000,2,2,270 m²,Robertson,Robertson,Robertson,https://www.property24.com/for-sale/robertson/robertson/western-cape/16671/117063554,,,"This 108m² plot-and-plan home in Mountain View Village offers flexibility, comfort, and future potential.

The design includes ...",,https://images.prop24.com/234024645/Ensure264x153,6000,72000,3.2,False,,10000.0,120000.0,rental_suburb,300,1406.0,2811.0,0.0,1200,41798.0,0.0186,5.34,18.74,0.44,0.5717,48726.0,50000,570026.0,1799200.0,18571.0,-15088.0,-181056.0,-0.3176,0.19,2.4288,417975.0,-81.42,8330.0,9366.0,-11.06,2698800.0,2159040.0,359840.0,210186.0,-18802.0,-1.28,2678595.0,3009669.0,4027616.0,610186.0,1633924.0,1375745.0,925945.0,-884834.0,-274648.0,-0.4818,-0.1232,0.0733,7,56,0.21,0.77,0.3369,0.0,50.0,50.0,35.0,0,12.4,0.0,0.0,0.0,77.5,63.1,30,27.2,843
sale,3 Bedroom House,5366600,3,2,300 m²,(18267) 38 Ilali Street,Newinbosch,Stellenbosch,https://www.property24.com/for-sale/newinbosch/stellenbosch/western-cape/33422/117005580,,,Modern Open Plan 3 Bedroom Family Home Near Stellenbosch’s Lush Green ...,,https://images.prop24.com/320031844/Ensure264x153,12000,144000,2.68,False,,20000.0,240000.0,rental_suburb,600,3354.0,6708.0,0.0,1200,78452.0,0.0146,4.47,22.36,0.37,0.5931,367682.0,50000,1512502.0,4293280.0,44315.0,-37777.0,-453325.0,-0.2997,0.15,2.8089,980644.0,-81.73,17889.0,21226.0,-15.72,6439920.0,5151936.0,858656.0,653846.0,-46640.0,-1.24,6391706.0,7181721.0,9610763.0,1456035.0,3898896.0,3282825.0,2209505.0,-2229011.0,-772976.0,-0.5111,-0.1333,0.0519,3,49,0.57,0.1,0.3095,0.0,50.0,50.0,35.0,0,9.7,0.0,0.0,0.0,46.3,56.8,70,27.1,844
sale,2 Bedroom Apartment,5900000,2,2,156 m²,Franschhoek,Franschhoek,Franschhoek,https://www.property24.com/for-sale/franschhoek/franschhoek/western-cape/8653/116508251,,,"A north facing, well designed and well proportioned apartment. The open-plan kitchen and living area opens up onto a lovely covered ...",,https://images.prop24.com/242461081/Ensure264x153,10000,120000,2.03,False,,17000.0,204000.0,rental_suburb,500,3688.0,7375.0,0.0,1200,34530.0,0.0059,3.46,28.92,0.29,0.7507,426356.0,50000,1677856.0,4720000.0,48719.0,-45842.0,-550102.0,-0.3279,0.06,3.6166,493286.0,-91.64,37821.0,29897.0,26.5,7080000.0,5664000.0,944000.0,733856.0,-55586.0,-1.41,7026994.0,7895531.0,10566001.0,1600754.0,4286418.0,3609113.0,2429113.0,-2739019.0,-1138265.0,-0.6784,-0.203,0.0206,2,25,0.36,0.12,0.1983,0.0,50.0,50.0,35.0,0,3.9,0.0,0.0,0.0,41.0,56.3,80,27.1,845
sale,2 Bedroom Apartment,5800000,2,2,194 m²,Franschhoek,Franschhoek,Franschhoek,https://www.property24.com/for-sale/franschhoek/franschhoek/western-cape/8653/116553306,,,"EXCLUSIVE MANDATE: Perfectly positioned on the main road of Franschhoek, this spacious townhouse in the sought-after Ville Franche ...",,https://images.prop24.com/367813613/Crop600x400,10000,120000,2.07,False,,17000.0,204000.0,rental_suburb,500,3625.0,7250.0,0.0,1200,36780.0,0.0063,3.52,28.43,0.29,0.7397,415356.0,50000,1646856.0,4640000.0,47894.0,-44829.0,-537942.0,-0.3266,0.06,3.557,525429.0,-90.94,29897.0,29897.0,0.0,6960000.0,5568000.0,928000.0,718856.0,-54407.0,-1.4,6907893.0,7761708.0,10386917.0,1573623.0,4213767.0,3547942.0,2387942.0,-2676791.0,-1103168.0,-0.6699,-0.1988,0.0223,2,25,0.36,0.12,0.1983,0.0,50.0,50.0,35.0,0,4.2,0.0,0.0,0.0,42.0,56.3,80,27.1,846
sale,3 Bedroom House,5950000,3,3,2 248 m²,Riebeek Kasteel,Riebeek Kasteel,Riebeek Valley,https://www.property24.com/for-sale/riebeek-kasteel/riebeek-valley/western-cape/7911/116787934,,,SOLE MANDATE:  Country Lifestyle & Investment Property for Sale in Riebeek Kasteel  | Mountain & Agricultural land ...,,https://images.prop24.com/72874115/Ensure264x153,7000,84000,1.41,False,mandate,18000.0,216000.0,rental_suburb,350,3719.0,7438.0,0.0,1200,46245.0,0.0078,3.63,27.55,0.3,0.7059,431856.0,50000,1693356.0,4760000.0,49132.0,-45278.0,-543341.0,-0.3209,0.08,3.4355,513833.0,-91.36,,4781.0,,7140000.0,5712000.0,952000.0,741356.0,-55105.0,-1.37,7086545.0,7962442.0,10655544.0,1614320.0,4322743.0,3639699.0,2449699.0,-2698371.0,-1084051.0,-0.6402,-0.1849,0.0273,5,27,0.3,0.19,0.3315,0.0,50.0,50.0,35.0,30,5.2,0.0,0.0,0.0,40.5,56.2,50,27.1,847
sale,2 Bedroom Apartment,6700000,2,2,104 m²,Val de Vie Estate,Val de Vie Estate,Paarl,https://www.property24.com/for-sale/val-de-vie-estate/paarl/western-cape/11726/116979979,,,"Val de Vie Properties exclusively presents this beautifully appointed two-bedroom Ambrosia apartment, ideally positioned on the ground ...",,https://images.prop24.com/234072693/Ensure264x153,9500,114000,1.7,False,,8500.0,102000.0,rental_area_q1,3178.0,4188.0,8375.0,0.0,1200,-109445.0,-0.0163,1.52,65.69,0.13,1.993,514356.0,50000,1925856.0,5360000.0,55325.0,-64446.0,-773348.0,-0.4016,-0.16,8.5018,-1216055.0,-118.15,64423.0,59375.0,8.5,8040000.0,6432000.0,1072000.0,853856.0,-75511.0,-1.85,7979807.0,8966111.0,11998680.0,1817806.0,4867627.0,4098484.0,2758484.0,-3941724.0,-2123919.0,-1.1028,0.0,-0.0568,0,28,0.04,,0.3067,0.0,50.0,51.0,35.2,0,-10.9,0.0,0.0,0.0,33.0,55.7,100,27.0,848
sale,3 Bedroom House,6500000,3,2,263 m²,Paarl Valleij Lifestyle Estate,Paarl Valleij Lifestyle Estate,Paarl,https://www.property24.com/for-sale/paarl-valleij-lifestyle-estate/paarl/western-cape/33586/117010024,,,"Elegant Three-Bedroom Plot-and-Plan Family Home

This elegant three-bedroom plot-and-plan family home is located in Phase Two of the ...",,https://images.prop24.com/320150639/Ensure264x153,9500,114000,1.75,False,,7000.0,84000.0,rental_area_q1,3078.0,4062.0,8125.0,0.0,1200,-120304.0,-0.0185,1.29,77.38,0.11,2.3522,492356.0,50000,1863856.0,5200000.0,53674.0,-63699.0,-764389.0,-0.4101,-0.19,10.0199,-1336709.0,-120.56,24715.0,19773.0,24.99,7800000.0,6240000.0,1040000.0,823856.0,-74434.0,-1.9,7741604.0,8698466.0,11640510.0,1763543.0,4722325.0,3976142.0,2676142.0,-3902919.0,-2139377.0,-1.1478,0.0,-0.0645,0,4,0.0,,0.1813,0.0,50.0,51.0,35.2,0,-12.3,0.0,0.0,0.0,35.0,55.8,100,27.0,849
sale,2 Bedroom Apartment,6750000,2,2,104 m²,Val de Vie Estate,Val de Vie Estate,Paarl,https://www.property24.com/for-sale/val-de-vie-estate/paarl/western-cape/11726/116959001,,,"Located in the sought-after Polo Village Apartments II within Val de Vie Estate, this stylish two-bedroom apartment offers modern ...",,https://images.prop24.com/374556639/Crop600x400,9500,114000,1.69,False,,8500.0,102000.0,rental_area_q1,3203.0,4219.0,8438.0,0.0,1200,-110870.0,-0.0164,1.51,66.18,0.13,2.007,519856.0,50000,1941356.0,5400000.0,55738.0,-64977.0,-779728.0,-0.4016,-0.17,8.5644,-1231891.0,-118.25,64904.0,59375.0,9.31,8100000.0,6480000.0,1080000.0,861356.0,-76125.0,-1.85,8039358.0,9033023.0,12088222.0,1831372.0,4903952.0,4129070.0,2779070.0,-3974531.0,-2143160.0,-1.1039,0.0,-0.0571,0,28,0.04,,0.3067,0.0,50.0,51.0,35.2,0,-11.0,0.0,0.0,0.0,32.5,55.6,100,27.0,850
sale,2 Bedroom Apartment,6750000,2,2,104 m²,Val de Vie Estate,Val de Vie Estate,Paarl,https://www.property24.com/for-sale/val-de-vie-estate/paarl/western-cape/11726/114193787,,,The Polo Village Apartment II development at Val de Vie Estate is ideally located within walking distance of everything you need on ...,,https://images.prop24.com/206466645/Ensure264x153,9500,114000,1.69,False,,8500.0,102000.0,rental_area_q1,3203.0,4219.0,8438.0,0.0,1200,-110870.0,-0.0164,1.51,66.18,0.13,2.007,519856.0,50000,1941356.0,5400000.0,55738.0,-64977.0,-779728.0,-0.4016,-0.17,8.5644,-1231891.0,-118.25,64904.0,59375.0,9.31,8100000.0,6480000.0,1080000.0,861356.0,-76125.0,-1.85,8039358.0,9033023.0,12088222.0,1831372.0,4903952.0,4129070.0,2779070.0,-3974531.0,-2143160.0,-1.1039,0.0,-0.0571,0,28,0.04,,0.3067,0.0,50.0,51.0,35.2,0,-11.0,0.0,0.0,0.0,32.5,55.6,100,27.0,851
sale,3 Bedroom House,5500000,3,2,294 m²,Newinbosch,Newinbosch,Stellenbosch,https://www.property24.com/for-sale/newinbosch/stellenbosch/western-cape/33422/116674238,,,This sought-after H5 Typography in Newinbosch Estate combines contemporary comfort with easy living in one of Stellenbosch’s most ...,,https://images.prop24.com/206466645/Ensure264x153,12000,144000,2.62,False,,20000.0,240000.0,rental_suburb,600,3438.0,6875.0,0.0,1200,75450.0,0.0137,4.36,22.92,0.36,0.6056,382356.0,50000,1553856.0,4400000.0,45416.0,-39129.0,-469545.0,-0.3022,0.14,2.8764,943125.0,-82.85,18707.0,21226.0,-11.87,6600000.0,5280000.0,880000.0,673856.0,-48212.0,-1.25,6550588.0,7360241.0,9849662.0,1492229.0,3995813.0,3364428.0,2264428.0,-2312024.0,-819795.0,-0.5276,-0.1393,0.0486,3,49,0.57,0.1,0.3095,0.0,50.0,50.0,35.0,0,9.1,0.0,0.0,0.0,45.0,56.6,70,27.0,852
sale,3 Bedroom House,5531000,3,2,400 m²,Newinbosch,Newinbosch,Stellenbosch,https://www.property24.com/for-sale/newinbosch/stellenbosch/western-cape/33422/116374608,,,"Step into a lifestyle of comfort and convenience with this beautifully designed 3-bedroom, 2-bathroom, double garage, Homestead home in ...",,https://images.prop24.com/206466645/Ensure264x153,12000,144000,2.6,False,,20000.0,240000.0,rental_suburb,600,3457.0,6914.0,0.0,1200,74752.0,0.0135,4.34,23.05,0.36,0.6085,385766.0,50000,1563466.0,4424800.0,45672.0,-39443.0,-473315.0,-0.3027,0.14,2.8921,934406.0,-83.11,13828.0,21226.0,-34.86,6637200.0,5309760.0,884960.0,678506.0,-48577.0,-1.26,6587509.0,7401726.0,9905179.0,1500639.0,4018335.0,3383391.0,2277191.0,-2331315.0,-830675.0,-0.5313,-0.1406,0.0478,3,49,0.57,0.1,0.3095,0.0,50.0,50.0,35.0,0,9.0,0.0,0.0,0.0,44.7,56.6,70,27.0,853
sale,2 Bedroom Apartment,940000,2,1,,"Quentin Court, 49 Russell Street",Worcester Central,Worcester,https://www.property24.com/for-sale/worcester-central/worcester/western-cape/8860/116726521,,,This spacious 2-bedroom apartment in a well-established apartment block offers generous ...,,https://images.prop24.com/319767968/Ensure264x153,7000,84000,8.94,True,,8750.0,105000.0,rental_suburb,400,588.0,1175.0,0.0,1200,56250.0,0.0598,11.17,8.95,0.93,0.3843,0.0,100000,309500.0,752000.0,7762.0,-3075.0,-36895.0,-0.1192,0.6,1.2714,562500.0,-40.16,,10714.0,,1128000.0,902400.0,150400.0,159100.0,-4627.0,-0.25,1119555.0,1257932.0,1683397.0,255035.0,682921.0,575011.0,387011.0,-154047.0,100989.0,0.3263,0.0581,0.1817,10,20,0.6,0.69,1.0847,0.0,50.0,50.0,35.0,0,39.9,0.0,0.0,0.0,90.6,48.6,0,27.0,854
sale,3 Bedroom House,4450000,3,2,428 m²,5 Sauvignon Street,Robertson,Robertson,https://www.property24.com/for-sale/robertson/robertson/western-cape/16671/116981361,,,"EXLUSIVE MANDATE: Set within the sought-after Silwerstrand Golf Estate, this beautifully ...",,https://images.prop24.com/233852929/Ensure264x153,6000,72000,1.62,False,,15000.0,180000.0,rental_suburb,300,2781.0,5562.0,0.0,1200,47475.0,0.0107,4.04,24.72,0.34,0.6562,266856.0,50000,1228356.0,3560000.0,36746.0,-32790.0,-393476.0,-0.3203,0.11,3.106,474750.0,-89.33,10397.0,9366.0,11.02,5340000.0,4272000.0,712000.0,516356.0,-40139.0,-1.35,5300021.0,5955104.0,7969272.0,1207349.0,3232976.0,2722128.0,1832128.0,-1946407.0,-739059.0,-0.6017,-0.1681,0.0386,4,56,0.21,0.36,0.3369,0.0,50.0,50.0,35.0,0,7.1,0.0,0.0,0.0,55.5,58.0,60,27.0,855
sale,3 Bedroom House,4499000,3,2,600 m²,3 Steenbok Street,Robertson,Robertson,https://www.property24.com/for-sale/robertson/robertson/western-cape/16671/116980031,,,"Set within the popular Robertson Lifestyle Estate, this newly built home is nearing ...",,https://images.prop24.com/233852929/Ensure264x153,6000,72000,1.6,False,,15000.0,180000.0,rental_suburb,300,2812.0,5624.0,0.0,1200,46372.0,0.0103,4.0,24.99,0.33,0.6624,272246.0,50000,1243546.0,3599200.0,37151.0,-33286.0,-399434.0,-0.3212,0.1,3.1391,463725.0,-89.69,7498.0,9366.0,-19.94,5398800.0,4319040.0,719840.0,523706.0,-40716.0,-1.35,5358381.0,6020677.0,8057024.0,1220643.0,3268575.0,2752102.0,1852302.0,-1976899.0,-756256.0,-0.6081,-0.1709,0.0373,4,56,0.21,0.36,0.3369,0.0,50.0,50.0,35.0,0,6.9,0.0,0.0,0.0,55.0,57.9,60,27.0,856
sale,2 Bedroom House,2399000,2,2,272 m²,"46 Mountain View Crescent, Mountain View Village",Robertson,Robertson,https://www.property24.com/for-sale/robertson/robertson/western-cape/16671/115913620,,,"Welcome to Mountain View Village – an exclusive, gated community designed for relaxed ...",,https://images.prop24.com/322138770/Ensure264x153,6000,72000,3.0,False,,10000.0,120000.0,rental_suburb,300,1499.0,2999.0,0.0,1200,38422.0,0.016,5.0,19.99,0.42,0.5998,59120.0,50000,610420.0,1919200.0,19810.0,-16608.0,-199295.0,-0.3265,0.16,2.5808,384225.0,-83.98,8820.0,9366.0,-5.83,2878800.0,2303040.0,383840.0,226580.0,-20570.0,-1.34,2857247.0,3210403.0,4296244.0,650883.0,1742901.0,1467502.0,987702.0,-978177.0,-327294.0,-0.5362,-0.1424,0.0629,7,56,0.21,0.77,0.3369,0.0,50.0,50.0,35.0,0,10.7,0.0,0.0,0.0,76.0,62.9,30,27.0,857
sale,3 Bedroom House,4499000,3,2,600 m²,Robertson,Robertson,Robertson,https://www.property24.com/for-sale/robertson/robertson/western-cape/16671/116429183,,,This plot and plan opportunity in Robertson Lifestyle Estate offers the perfect chance to secure your dream home in a secure and ...,,https://images.prop24.com/179603478/Ensure264x153,6000,72000,1.6,False,,15000.0,180000.0,rental_suburb,300,2812.0,5624.0,0.0,1200,46372.0,0.0103,4.0,24.99,0.33,0.6624,272246.0,50000,1243546.0,3599200.0,37151.0,-33286.0,-399434.0,-0.3212,0.1,3.1391,463725.0,-89.69,7498.0,9366.0,-19.94,5398800.0,4319040.0,719840.0,523706.0,-40716.0,-1.35,5358381.0,6020677.0,8057024.0,1220643.0,3268575.0,2752102.0,1852302.0,-1976899.0,-756256.0,-0.6081,-0.1709,0.0373,4,56,0.21,0.36,0.3369,0.0,50.0,50.0,35.0,0,6.9,0.0,0.0,0.0,55.0,57.9,60,27.0,858
sale,2 Bedroom House,2399000,2,2,270 m²,Robertson,Robertson,Robertson,https://www.property24.com/for-sale/robertson/robertson/western-cape/16671/116881153,,,"This 120m² plot-and-plan home offers the perfect balance between space, comfort, and modern estate living.

Featuring two ...",,https://images.prop24.com/234024645/Ensure264x153,6000,72000,3.0,False,,10000.0,120000.0,rental_suburb,300,1499.0,2999.0,0.0,1200,38422.0,0.016,5.0,19.99,0.42,0.5998,59120.0,50000,610420.0,1919200.0,19810.0,-16608.0,-199295.0,-0.3265,0.16,2.5808,384225.0,-83.98,8885.0,9366.0,-5.13,2878800.0,2303040.0,383840.0,226580.0,-20570.0,-1.34,2857247.0,3210403.0,4296244.0,650883.0,1742901.0,1467502.0,987702.0,-978177.0,-327294.0,-0.5362,-0.1424,0.0629,7,56,0.21,0.77,0.3369,0.0,50.0,50.0,35.0,0,10.7,0.0,0.0,0.0,76.0,62.9,30,27.0,859
sale,2 Bedroom House,2399000,2,2,270 m²,Robertson,Robertson,Robertson,https://www.property24.com/for-sale/robertson/robertson/western-cape/16671/115026557,,,"This 120m² plot-and-plan home offers the perfect balance between space, comfort, and modern estate living.

Featuring two ...",,https://images.prop24.com/234024645/Ensure264x153,6000,72000,3.0,False,,10000.0,120000.0,rental_suburb,300,1499.0,2999.0,0.0,1200,38422.0,0.016,5.0,19.99,0.42,0.5998,59120.0,50000,610420.0,1919200.0,19810.0,-16608.0,-199295.0,-0.3265,0.16,2.5808,384225.0,-83.98,8885.0,9366.0,-5.13,2878800.0,2303040.0,383840.0,226580.0,-20570.0,-1.34,2857247.0,3210403.0,4296244.0,650883.0,1742901.0,1467502.0,987702.0,-978177.0,-327294.0,-0.5362,-0.1424,0.0629,7,56,0.21,0.77,0.3369,0.0,50.0,50.0,35.0,0,10.7,0.0,0.0,0.0,76.0,62.9,30,27.0,860
sale,3 Bedroom House,6552000,3,2,875 m²,6 Orchid Lane,Darling,Darling,https://www.property24.com/for-sale/darling/darling/western-cape/7920/116397077,,,"Plot &  Plan – Design Your Dream Home at Darling Green Country Estate
Embark on the ...",,https://images.prop24.com/305638802/Ensure264x153,6000,72000,1.1,False,,6000.0,72000.0,csv_estimate,300,4095.0,8190.0,0.0,1200,-99180.0,-0.0151,1.1,91.0,0.09,2.2975,498076.0,50000,1879976.0,5241600.0,54103.0,-62368.0,-748418.0,-0.3981,-0.15,11.3147,-991800.0,-115.14,7488.0,7488.0,0.0,7862400.0,6289920.0,1048320.0,831656.0,-73189.0,-1.83,7803537.0,8768054.0,11733634.0,1777651.0,4760103.0,4007951.0,2697551.0,-3808988.0,-2031336.0,-1.0805,0.0,-0.0528,0,10,0.0,,0.4698,0.0,50.0,50.0,35.0,0,-10.1,0.0,0.0,0.0,34.5,55.8,100,27.0,861
sale,3 Bedroom House,6552000,3,2,875 m²,6 Orchid Close Darling Green Country Estate,Darling,Darling,https://www.property24.com/for-sale/darling/darling/western-cape/7920/116221846,,,Enjoy secure countryside living in the picturesque Darling Green Country Estate. This ...,,https://images.prop24.com/367510794/Ensure264x153,6000,72000,1.1,False,,6000.0,72000.0,csv_estimate,300,4095.0,8190.0,0.0,1200,-99180.0,-0.0151,1.1,91.0,0.09,2.2975,498076.0,50000,1879976.0,5241600.0,54103.0,-62368.0,-748418.0,-0.3981,-0.15,11.3147,-991800.0,-115.14,7488.0,7488.0,0.0,7862400.0,6289920.0,1048320.0,831656.0,-73189.0,-1.83,7803537.0,8768054.0,11733634.0,1777651.0,4760103.0,4007951.0,2697551.0,-3808988.0,-2031336.0,-1.0805,0.0,-0.0528,0,10,0.0,,0.4698,0.0,50.0,50.0,35.0,0,-10.1,0.0,0.0,0.0,34.5,55.8,100,27.0,862
sale,3 Bedroom House,6700000,3,2,341 m²,Val de Vie Estate,Val de Vie Estate,Paarl,https://www.property24.com/for-sale/val-de-vie-estate/paarl/western-cape/11726/116958962,,,"Located in a quiet position within Val de Vie Estate with beautiful views towards the mountains and nearby dam, this neat three-bedroom ...",,https://images.prop24.com/374556137/Crop600x400,9500,114000,1.7,False,,7000.0,84000.0,rental_area_q1,3178.0,4188.0,8375.0,0.0,1200,-126005.0,-0.0188,1.25,79.76,0.1,2.4201,514356.0,50000,1925856.0,5360000.0,55325.0,-65826.0,-789908.0,-0.4102,-0.19,10.3237,-1400055.0,-120.9,19648.0,59375.0,-66.91,8040000.0,6432000.0,1072000.0,853856.0,-76891.0,-1.9,7979807.0,8966111.0,11998680.0,1817806.0,4867627.0,4098484.0,2758484.0,-4034147.0,-2216341.0,-1.1508,0.0,-0.0654,0,28,0.04,,0.3067,0.0,50.0,51.0,35.2,0,-12.5,0.0,0.0,0.0,33.0,55.7,100,26.9,863
sale,3 Bedroom House,6650000,3,2,400 m²,Boschenmeer Golf & Country Estate,Boschenmeer Golf & Country Estate,Paarl,https://www.property24.com/for-sale/boschenmeer-golf-and-country-estate/paarl/western-cape/10770/116958595,,,EXCLUSIVE MANDATE - This modern Boschenmeer home in the prestigious Boschenmeer Golf Estate offers a multitude of features. The ...,,https://images.prop24.com/322138770/Ensure264x153,9500,114000,1.71,False,,7000.0,84000.0,rental_area_q1,3153.0,4156.0,8312.0,0.0,1200,-124580.0,-0.0187,1.26,79.17,0.11,2.4031,508856.0,50000,1910356.0,5320000.0,54912.0,-65294.0,-783529.0,-0.4101,-0.19,10.2477,-1384218.0,-120.82,16625.0,18660.0,-10.9,7980000.0,6384000.0,1064000.0,846356.0,-76277.0,-1.9,7920256.0,8899200.0,11909137.0,1804240.0,4831301.0,4067899.0,2737899.0,-4001340.0,-2197100.0,-1.1501,0.0,-0.0652,0,2,0.0,,0.0802,0.0,50.0,51.0,35.2,0,-12.5,0.0,0.0,0.0,33.5,55.7,100,26.9,864
sale,3 Bedroom House,5749000,3,3,300 m²,(18268) 40 Ilali Street,Newinbosch,Stellenbosch,https://www.property24.com/for-sale/newinbosch/stellenbosch/western-cape/33422/116985809,,,"Invest in sustainable, future focused living without compromising on luxury or ...",,https://images.prop24.com/320031844/Ensure264x153,12000,144000,2.5,False,,20000.0,240000.0,rental_suburb,600,3593.0,7186.0,0.0,1200,69848.0,0.0121,4.17,23.95,0.35,0.629,409746.0,50000,1631046.0,4599200.0,47472.0,-41652.0,-499821.0,-0.3064,0.12,3.0026,873094.0,-84.81,19163.0,21226.0,-9.72,6898800.0,5519040.0,919840.0,711206.0,-51146.0,-1.28,6847151.0,7693459.0,10295583.0,1559786.0,4176714.0,3516744.0,2366944.0,-2466973.0,-907187.0,-0.5562,-0.15,0.0428,3,49,0.57,0.1,0.3095,0.0,50.0,50.0,35.0,0,8.1,0.0,0.0,0.0,42.5,56.4,70,26.9,865
sale,3 Bedroom House,6750000,3,4,332 m²,"La Roche, 1 1 Street",La Roche,Stellenbosch,https://www.property24.com/for-sale/la-roche/stellenbosch/western-cape/25482/116517840,,,"Discover contemporary living in this modern residential property, boasting sleek ...",,https://images.prop24.com/362901358/Ensure264x153,12000,144000,2.13,False,,6500.0,78000.0,rental_area_q1,600,4219.0,8438.0,0.0,1200,-101715.0,-0.0151,1.16,86.54,0.1,2.224,519856.0,50000,1941356.0,5400000.0,55738.0,-64214.0,-770573.0,-0.3969,-0.15,10.7991,-1271438.0,-118.84,20331.0,16643.0,22.16,8100000.0,6480000.0,1080000.0,861356.0,-75362.0,-1.82,8039358.0,9033023.0,12088222.0,1831372.0,4903952.0,4129070.0,2779070.0,-3921686.0,-2090314.0,-1.0767,0.0,-0.0524,0,4,0.0,,0.1016,0.0,50.0,50.0,35.0,0,-10.0,0.0,0.0,0.0,32.5,55.6,100,26.9,866
sale,3 Bedroom House,6840000,3,2,335 m²,18 Helshoogte Road,Johannesdal,Stellenbosch,https://www.property24.com/for-sale/johannesdal/stellenbosch/western-cape/33197/116389450,,,Joint Mandate – No Transfer Duty. This plot and plan home in Johannesdal Village secure ...,,https://images.prop24.com/308559161/Ensure264x153,12000,144000,2.11,False,,6500.0,78000.0,rental_area_q1,600,4275.0,8550.0,0.0,1200,-103740.0,-0.0152,1.14,87.69,0.1,2.25,529756.0,50000,1969256.0,5472000.0,56481.0,-65126.0,-781516.0,-0.3969,-0.15,10.9394,-1296750.0,-118.96,20418.0,20357.0,0.3,8208000.0,6566400.0,1094400.0,874856.0,-76423.0,-1.82,8146549.0,9153463.0,12249398.0,1855790.0,4969338.0,4184124.0,2816124.0,-3977692.0,-2121902.0,-1.0775,0.0,-0.0527,0,9,0.0,,0.1771,0.0,50.0,50.0,35.0,0,-10.1,0.0,0.0,0.0,31.6,55.6,100,26.9,867
sale,3 Bedroom House,5749000,3,3,307 m²,Newinbosch,Newinbosch,Stellenbosch,https://www.property24.com/for-sale/newinbosch/stellenbosch/western-cape/33422/116522607,,,"At Newinbosch, life moves with the rhythm of nature — a place where mornings begin in golden light and end in laughter under open ...",,https://images.prop24.com/206466645/Ensure264x153,12000,144000,2.5,False,,20000.0,240000.0,rental_suburb,600,3593.0,7186.0,0.0,1200,69848.0,0.0121,4.17,23.95,0.35,0.629,409746.0,50000,1631046.0,4599200.0,47472.0,-41652.0,-499821.0,-0.3064,0.12,3.0026,873094.0,-84.81,18726.0,21226.0,-11.78,6898800.0,5519040.0,919840.0,711206.0,-51146.0,-1.28,6847151.0,7693459.0,10295583.0,1559786.0,4176714.0,3516744.0,2366944.0,-2466973.0,-907187.0,-0.5562,-0.15,0.0428,3,49,0.57,0.1,0.3095,0.0,50.0,50.0,35.0,0,8.1,0.0,0.0,0.0,42.5,56.4,70,26.9,868
sale,3 Bedroom House,6840000,3,3,319 m²,26 Helshoogte Road,Johannesdal,Stellenbosch,https://www.property24.com/for-sale/johannesdal/stellenbosch/western-cape/33197/116423267,,,"This plot introduces a distinguished modern residence, thoughtfully designed to ...",,https://images.prop24.com/308559161/Ensure264x153,12000,144000,2.11,False,,6500.0,78000.0,rental_area_q1,600,4275.0,8550.0,0.0,1200,-103740.0,-0.0152,1.14,87.69,0.1,2.25,529756.0,50000,1969256.0,5472000.0,56481.0,-65126.0,-781516.0,-0.3969,-0.15,10.9394,-1296750.0,-118.96,21442.0,20357.0,5.33,8208000.0,6566400.0,1094400.0,874856.0,-76423.0,-1.82,8146549.0,9153463.0,12249398.0,1855790.0,4969338.0,4184124.0,2816124.0,-3977692.0,-2121902.0,-1.0775,0.0,-0.0527,0,9,0.0,,0.1771,0.0,50.0,50.0,35.0,0,-10.1,0.0,0.0,0.0,31.6,55.6,100,26.9,869
sale,3 Bedroom House,6840000,3,3,336 m²,1202 Helshoogte Road,Johannesdal,Stellenbosch,https://www.property24.com/for-sale/johannesdal/stellenbosch/western-cape/33197/116359511,,,"EXCEPTIONAL INVESTMENT OPPORTUNITY IN A BREATHTAKING SETTING
Exclusive Joint Mandate  In ...",,https://images.prop24.com/308559161/Ensure264x153,12000,144000,2.11,False,,6500.0,78000.0,rental_area_q1,600,4275.0,8550.0,0.0,1200,-103740.0,-0.0152,1.14,87.69,0.1,2.25,529756.0,50000,1969256.0,5472000.0,56481.0,-65126.0,-781516.0,-0.3969,-0.15,10.9394,-1296750.0,-118.96,20357.0,20357.0,0.0,8208000.0,6566400.0,1094400.0,874856.0,-76423.0,-1.82,8146549.0,9153463.0,12249398.0,1855790.0,4969338.0,4184124.0,2816124.0,-3977692.0,-2121902.0,-1.0775,0.0,-0.0527,0,9,0.0,,0.1771,0.0,50.0,50.0,35.0,0,-10.1,0.0,0.0,0.0,31.6,55.6,100,26.9,870
sale,3 Bedroom House,6895000,3,3,317 m²,47 Bottelary Road,Devonvale Golf & Wine Estate,Stellenbosch,https://www.property24.com/for-sale/devonvale-golf-and-wine-estate/stellenbosch/western-cape/12825/116820433,,,"Exceptional property with character and breathtaking views on golf course 
in ...",,https://images.prop24.com/308559161/Ensure264x153,12000,144000,2.09,False,,6500.0,78000.0,rental_area_q1,600,4309.0,8619.0,0.0,1200,-104978.0,-0.0152,1.13,88.4,0.09,2.2659,535806.0,50000,1986306.0,5516000.0,56936.0,-65684.0,-788204.0,-0.3968,-0.15,11.0252,-1312219.0,-119.03,21751.0,21751.0,0.0,8274000.0,6619200.0,1103200.0,883106.0,-77071.0,-1.82,8212055.0,9227065.0,12347895.0,1870712.0,5009297.0,4217769.0,2838769.0,-4011917.0,-2141205.0,-1.078,0.0,-0.0529,0,2,0.0,,0.2972,0.0,50.0,50.0,35.0,0,-10.2,0.0,0.0,0.0,31.1,55.5,100,26.8,871
sale,3 Bedroom House,5849000,3,3,300 m²,Newinbosch,Newinbosch,Stellenbosch,https://www.property24.com/for-sale/newinbosch/stellenbosch/western-cape/33422/116871296,,,"Imagine waking up to the soft light of the Boland sun spilling across the Simonsberg mountains, the scent of fynbos drifting through ...",,https://images.prop24.com/206466645/Ensure264x153,12000,144000,2.46,False,,20000.0,240000.0,rental_suburb,600,3656.0,7311.0,0.0,1200,67598.0,0.0116,4.1,24.37,0.34,0.6383,420746.0,50000,1662046.0,4679200.0,48298.0,-42665.0,-511980.0,-0.308,0.12,3.0533,844969.0,-85.55,19497.0,21226.0,-8.15,7018800.0,5615040.0,935840.0,726206.0,-52325.0,-1.29,6966253.0,7827281.0,10474668.0,1586917.0,4249366.0,3577916.0,2408116.0,-2529201.0,-942284.0,-0.5669,-0.1541,0.0407,3,49,0.57,0.1,0.3095,0.0,50.0,50.0,35.0,0,7.7,0.0,0.0,0.0,41.5,56.3,70,26.8,872
sale,3 Bedroom House,6955000,3,2,336 m²,6559 Protea Road,Pniel,Stellenbosch,https://www.property24.com/for-sale/pniel/stellenbosch/western-cape/11534/116677421,,,Joint Mandate - This plot-and-plan residence introduces a refined three-bedroom ...,,https://images.prop24.com/308559161/Ensure264x153,12000,144000,2.07,False,,6500.0,78000.0,rental_area_q1,600,4347.0,8694.0,0.0,1200,-106328.0,-0.0153,1.12,89.17,0.09,2.2832,542406.0,50000,2004906.0,5564000.0,57431.0,-66292.0,-795499.0,-0.3968,-0.15,11.1187,-1329094.0,-119.11,20699.0,20699.0,0.0,8346000.0,6676800.0,1112800.0,892106.0,-77778.0,-1.82,8283516.0,9307359.0,12455346.0,1886991.0,5052887.0,4254472.0,2863472.0,-4049254.0,-2162263.0,-1.0785,0.0,-0.053,0,1,0.0,,,0.0,50.0,50.0,35.0,0,-10.2,0.0,0.0,0.0,30.4,55.5,100,26.8,873
sale,3 Bedroom House,5849000,3,3,300 m²,Newinbosch,Newinbosch,Stellenbosch,https://www.property24.com/for-sale/newinbosch/stellenbosch/western-cape/33422/116507989,,,"At Newinbosch, childhood is given room to unfold — safely, freely and with wonder. Whether it’s biking to the park or exploring the ...",,https://images.prop24.com/206466645/Ensure264x153,12000,144000,2.46,False,,20000.0,240000.0,rental_suburb,600,3656.0,7311.0,0.0,1200,67598.0,0.0116,4.1,24.37,0.34,0.6383,420746.0,50000,1662046.0,4679200.0,48298.0,-42665.0,-511980.0,-0.308,0.12,3.0533,844969.0,-85.55,19497.0,21226.0,-8.15,7018800.0,5615040.0,935840.0,726206.0,-52325.0,-1.29,6966253.0,7827281.0,10474668.0,1586917.0,4249366.0,3577916.0,2408116.0,-2529201.0,-942284.0,-0.5669,-0.1541,0.0407,3,49,0.57,0.1,0.3095,0.0,50.0,50.0,35.0,0,7.7,0.0,0.0,0.0,41.5,56.3,70,26.8,874
sale,2 Bedroom Apartment,1250000,2,1,,13 Baring Street,Worcester Central,Worcester,https://www.property24.com/for-sale/worcester-central/worcester/western-cape/8860/116865916,,,Welcome to a very neat and well-maintained 2-bedroom flat nestled in the gated complex ...,,https://images.prop24.com/72874115/Ensure264x153,7000,84000,6.72,False,,8750.0,105000.0,rental_suburb,400,781.0,1562.0,0.0,1200,49275.0,0.0394,8.4,11.9,0.7,0.4507,1200.0,50000,322700.0,1000000.0,10322.0,-6216.0,-74588.0,-0.2311,0.4,1.6304,492750.0,-60.58,,10714.0,,1500000.0,1200000.0,200000.0,122700.0,-8280.0,-0.78,1488770.0,1672782.0,2238560.0,339143.0,908139.0,764643.0,514643.0,-346955.0,-7812.0,-0.0242,-0.0049,0.1527,10,20,0.6,0.69,1.0847,0.0,50.0,50.0,35.0,0,26.3,0.0,0.0,0.0,87.5,62.0,0,26.8,875
sale,3 Bedroom House,4725000,3,2,1 517 m²,Robertson,Robertson,Robertson,https://www.property24.com/for-sale/robertson/robertson/western-cape/16671/111104989,,,This lovingly maintained Cape Dutch home is a true treasure in the picturesque valley of wine and roses. The elegant twin gables create ...,,https://images.prop24.com/233852929/Ensure264x153,6000,72000,1.52,False,,15000.0,180000.0,rental_suburb,300,2953.0,5906.0,0.0,1200,41288.0,0.0087,3.81,26.25,0.32,0.6906,297106.0,50000,1313606.0,3780000.0,39017.0,-35576.0,-426913.0,-0.325,0.09,3.2917,412875.0,-91.26,,9366.0,,5670000.0,4536000.0,756000.0,557606.0,-43379.0,-1.38,5627551.0,6323116.0,8461755.0,1281960.0,3432767.0,2890349.0,1945349.0,-2117536.0,-835576.0,-0.6361,-0.183,0.0314,4,56,0.21,0.36,0.3369,0.0,50.0,50.0,35.0,0,5.8,0.0,0.0,0.0,52.8,57.6,60,26.8,876
sale,2 Bedroom House,2599000,2,2,271 m²,"3 Kort Street, Mountain View Village",Robertson,Robertson,https://www.property24.com/for-sale/robertson/robertson/western-cape/16671/116919219,,,"Welcome to Mountain View Village – an exclusive, gated community designed for relaxed ...",,https://images.prop24.com/322138770/Ensure264x153,6000,72000,2.77,False,,10000.0,120000.0,rental_suburb,300,1624.0,3249.0,0.0,1200,33922.0,0.0131,4.62,21.66,0.38,0.6373,75120.0,50000,666420.0,2079200.0,21461.0,-18634.0,-223613.0,-0.3355,0.13,2.7834,339225.0,-86.95,9590.0,9366.0,2.4,3118800.0,2495040.0,415840.0,250580.0,-22927.0,-1.39,3095451.0,3478048.0,4654413.0,705146.0,1888203.0,1589845.0,1070045.0,-1102634.0,-397488.0,-0.5965,-0.166,0.0509,7,56,0.21,0.77,0.3369,0.0,50.0,50.0,35.0,0,8.7,0.0,0.0,0.0,74.0,62.4,30,26.8,877
sale,2 Bedroom House,2599000,2,2,271 m²,"3 Kort Street, Mountain View Village",Robertson,Robertson,https://www.property24.com/for-sale/robertson/robertson/western-cape/16671/115913222,,,"Welcome to Mountain View Village – an exclusive, gated community designed for relaxed ...",,https://images.prop24.com/322138770/Ensure264x153,6000,72000,2.77,False,,10000.0,120000.0,rental_suburb,300,1624.0,3249.0,0.0,1200,33922.0,0.0131,4.62,21.66,0.38,0.6373,75120.0,50000,666420.0,2079200.0,21461.0,-18634.0,-223613.0,-0.3355,0.13,2.7834,339225.0,-86.95,9590.0,9366.0,2.4,3118800.0,2495040.0,415840.0,250580.0,-22927.0,-1.39,3095451.0,3478048.0,4654413.0,705146.0,1888203.0,1589845.0,1070045.0,-1102634.0,-397488.0,-0.5965,-0.166,0.0509,7,56,0.21,0.77,0.3369,0.0,50.0,50.0,35.0,0,8.7,0.0,0.0,0.0,74.0,62.4,30,26.8,878
sale,2 Bedroom House,2599000,2,2,270 m²,"Mountain View Village Complex, 44 Mountain View Crescent",Robertson,Robertson,https://www.property24.com/for-sale/robertson/robertson/western-cape/16671/115026321,,,Live where modern comfort blends with the natural beauty of the Winelands. Mountain View ...,,https://images.prop24.com/242461081/Ensure264x153,6000,72000,2.77,False,,10000.0,120000.0,rental_suburb,300,1624.0,3249.0,0.0,1200,33922.0,0.0131,4.62,21.66,0.38,0.6373,75120.0,50000,666420.0,2079200.0,21461.0,-18634.0,-223613.0,-0.3355,0.13,2.7834,339225.0,-86.95,9626.0,9366.0,2.78,3118800.0,2495040.0,415840.0,250580.0,-22927.0,-1.39,3095451.0,3478048.0,4654413.0,705146.0,1888203.0,1589845.0,1070045.0,-1102634.0,-397488.0,-0.5965,-0.166,0.0509,7,56,0.21,0.77,0.3369,0.0,50.0,50.0,35.0,0,8.7,0.0,0.0,0.0,74.0,62.4,30,26.8,879
sale,3 Bedroom House,4450000,3,2,1 188 m²,19 Van Riebeeck Street,Riebeek Kasteel,Riebeek Valley,https://www.property24.com/for-sale/riebeek-kasteel/riebeek-valley/western-cape/7911/116875082,,,Meticulously planned and thoughtfully designed to welcome the new while honoring the ...,,https://images.prop24.com/373053779/Crop600x400,7000,84000,1.89,False,,18000.0,216000.0,rental_suburb,350,2781.0,5562.0,0.0,1200,79995.0,0.018,4.85,20.6,0.4,0.5497,266856.0,50000,1228356.0,3560000.0,36746.0,-30080.0,-360956.0,-0.2939,0.18,2.5911,888833.0,-80.03,,4781.0,,5340000.0,4272000.0,712000.0,516356.0,-37429.0,-1.19,5300021.0,5955104.0,7969272.0,1207349.0,3232976.0,2722128.0,1832128.0,-1764944.0,-557595.0,-0.4539,-0.114,0.0651,5,27,0.3,0.19,0.3315,0.0,50.0,50.0,35.0,0,12.0,0.0,0.0,0.0,55.5,58.0,50,26.8,880
sale,3 Bedroom House,4400000,3,3,1 784 m²,9 Skool Street,Riebeek Kasteel,Riebeek Valley,https://www.property24.com/for-sale/riebeek-kasteel/riebeek-valley/western-cape/7911/117038602,,,"SOLE & EXCLUSIVE:  One of the original homesteads of Riebeek Kasteel, awaiting the ...",,https://images.prop24.com/185178535/Ensure264x153,7000,84000,1.91,False,,18000.0,216000.0,rental_suburb,350,2750.0,5500.0,0.0,1200,81120.0,0.0184,4.91,20.37,0.41,0.5444,261356.0,50000,1212856.0,3520000.0,36333.0,-29573.0,-354876.0,-0.2926,0.19,2.5629,901333.0,-79.52,,4781.0,,5280000.0,4224000.0,704000.0,508856.0,-36840.0,-1.18,5240470.0,5888193.0,7879730.0,1193783.0,3196650.0,2691542.0,1811542.0,-1733830.0,-540047.0,-0.4453,-0.1112,0.0669,5,27,0.3,0.19,0.3315,0.0,50.0,50.0,35.0,0,12.3,0.0,0.0,0.0,56.0,58.0,50,26.8,881
sale,3 Bedroom House,4400000,3,3,1 784 m²,9 Skool Street,Riebeek Kasteel,Riebeek Valley,https://www.property24.com/for-sale/riebeek-kasteel/riebeek-valley/western-cape/7911/116667079,,,"SOLE & EXCLUSIVE:  One of the original homesteads of Riebeek Kasteel, awaiting the ...",,https://images.prop24.com/185178535/Ensure264x153,7000,84000,1.91,False,,18000.0,216000.0,rental_suburb,350,2750.0,5500.0,0.0,1200,81120.0,0.0184,4.91,20.37,0.41,0.5444,261356.0,50000,1212856.0,3520000.0,36333.0,-29573.0,-354876.0,-0.2926,0.19,2.5629,901333.0,-79.52,,4781.0,,5280000.0,4224000.0,704000.0,508856.0,-36840.0,-1.18,5240470.0,5888193.0,7879730.0,1193783.0,3196650.0,2691542.0,1811542.0,-1733830.0,-540047.0,-0.4453,-0.1112,0.0669,5,27,0.3,0.19,0.3315,0.0,50.0,50.0,35.0,0,12.3,0.0,0.0,0.0,56.0,58.0,50,26.8,882
sale,3 Bedroom House,4400000,3,2,645 m²,2821 Pekan Lane,Riebeek Kasteel,Riebeek Valley,https://www.property24.com/for-sale/riebeek-kasteel/riebeek-valley/western-cape/7911/116060076,,,Exclusive to PGP. We are delighted to present this stunning property in Riebeek Kasteel. ...,,https://images.prop24.com/206466645/Ensure264x153,7000,84000,1.91,False,,18000.0,216000.0,rental_suburb,350,2750.0,5500.0,0.0,1200,81120.0,0.0184,4.91,20.37,0.41,0.5444,261356.0,50000,1212856.0,3520000.0,36333.0,-29573.0,-354876.0,-0.2926,0.19,2.5629,901333.0,-79.52,6822.0,4781.0,42.67,5280000.0,4224000.0,704000.0,508856.0,-36840.0,-1.18,5240470.0,5888193.0,7879730.0,1193783.0,3196650.0,2691542.0,1811542.0,-1733830.0,-540047.0,-0.4453,-0.1112,0.0669,5,27,0.3,0.19,0.3315,0.0,50.0,50.0,35.0,0,12.3,0.0,0.0,0.0,56.0,58.0,50,26.8,883
sale,2 Bedroom Apartment,2200000,2,1,56 m²,"Newinbosch, The Bosk, 1 Induli Street",Newinbosch,Stellenbosch,https://www.property24.com/for-sale/newinbosch/stellenbosch/western-cape/33422/116949461?plId=2341270&plt=4,,,"Located within The Bosk at Newinbosch Estate, this stylish 2-bedroom, 1-bathroom apartment offers modern estate living in one of Stellenbosch’s most exciting and fast-growing ...",,https://images.prop24.com/332501863/Ensure528x153,12000,144000,6.55,False,,16000.0,192000.0,rental_suburb,600,1375.0,2750.0,0.0,1200,105540.0,0.048,8.73,11.46,0.73,0.3703,45786.0,50000,557286.0,1760000.0,18167.0,-9372.0,-112458.0,-0.2018,0.48,1.5057,1319250.0,-40.03,39286.0,21226.0,85.08,2640000.0,2112000.0,352000.0,205286.0,-13005.0,-0.6,2620235.0,2944096.0,3939865.0,596891.0,1598325.0,1345771.0,905771.0,-504944.0,91947.0,0.165,0.031,0.1894,25,49,0.57,0.72,0.3095,0.0,50.0,50.0,35.0,0,32.0,0.0,0.0,0.0,78.0,63.2,0,26.7,884
sale,2 Bedroom Apartment,6600000,2,2,72 m²,43 Andringa Street,Stellenbosch Central,Stellenbosch,https://www.property24.com/for-sale/stellenbosch-central/stellenbosch/western-cape/8566/116722753,,,"Stellenbosch is celebrated for its rich history, vibrant culture and scenic landscapes. ...",,https://images.prop24.com/206466645/Ensure264x153,12000,144000,2.18,False,,17000.0,204000.0,rental_suburb,600,4125.0,8250.0,0.0,1200,17580.0,0.0027,3.09,32.35,0.26,0.8338,503356.0,50000,1894856.0,5280000.0,54500.0,-53035.0,-636415.0,-0.3359,0.03,4.0397,219750.0,-96.67,91667.0,55882.0,64.04,7920000.0,6336000.0,1056000.0,838856.0,-63934.0,-1.46,7860706.0,8832289.0,11819595.0,1790674.0,4794976.0,4037313.0,2717313.0,-3181383.0,-1390709.0,-0.7339,-0.2326,0.0093,16,87,0.54,0.99,0.4083,16.1,50.0,50.0,39.8,0,1.8,0.0,0.0,0.0,34.0,55.7,0,26.7,885
sale,2 Bedroom Apartment,6650000,2,2,98 m²,Stellenbosch Central,Stellenbosch Central,Stellenbosch,https://www.property24.com/for-sale/stellenbosch-central/stellenbosch/western-cape/8566/116577321,,,"Luxury Penthouse type accommodation in South Africa's most exciting developments.

Come and experience One of the most ...",,https://images.prop24.com/296871001/Ensure264x153,12000,144000,2.17,False,,17000.0,204000.0,rental_suburb,600,4156.0,8312.0,0.0,1200,16455.0,0.0025,3.07,32.6,0.26,0.8393,508856.0,50000,1910356.0,5320000.0,54912.0,-53541.0,-642494.0,-0.3363,0.02,4.0695,205688.0,-96.91,67857.0,55882.0,21.43,7980000.0,6384000.0,1064000.0,846356.0,-64524.0,-1.46,7920256.0,8899200.0,11909137.0,1804240.0,4831301.0,4067899.0,2737899.0,-3212497.0,-1408257.0,-0.7372,-0.2345,0.0086,16,87,0.54,0.99,0.4083,16.1,50.0,50.0,39.8,0,1.6,0.0,0.0,0.0,33.5,55.7,0,26.7,886
sale,Farm,6995000,1,0,16.5 ha,24 Null Null,Tulbagh Rural,Tulbagh,https://www.property24.com/for-sale/tulbagh-rural/tulbagh/western-cape/16606/114862149,,,"Nestled in the picturesque Tulbagh Valley, this expansive farm offers a rare opportunity ...",,https://images.prop24.com/242461081/Ensure264x153,4500,54000,0.77,False,,4500.0,54000.0,csv_estimate,300,4372.0,8744.0,0.0,1200,-125708.0,-0.018,0.77,129.54,0.06,3.2479,546806.0,50000,2017306.0,5596000.0,57761.0,-68237.0,-818843.0,-0.4059,-0.18,16.0838,-1142795.0,-116.34,,,,8394000.0,6715200.0,1119200.0,898106.0,-79789.0,-1.87,8331157.0,9360888.0,12526980.0,1897844.0,5081948.0,4278940.0,2879940.0,-4177083.0,-2279239.0,-1.1298,0.0,-0.0623,0,4,0.0,,0.4045,0.0,50.0,50.0,35.0,0,-12.0,0.0,0.0,0.0,30.0,55.5,100,26.7,887
sale,2 Bedroom Townhouse,2650000,2,1,105 m²,25 Ribbok,Robertson,Robertson,https://www.property24.com/for-sale/robertson/robertson/western-cape/16671/116186866,,,"Set within the sought-after Robertson Lifestyle Estate, this well-maintained sectional ...",,https://images.prop24.com/233852929/Ensure264x153,6000,72000,2.72,False,,10000.0,120000.0,rental_suburb,300,1656.0,3312.0,0.0,1200,32775.0,0.0124,4.53,22.08,0.38,0.6469,79200.0,50000,680700.0,2120000.0,21882.0,-19151.0,-229814.0,-0.3376,0.12,2.8351,327750.0,-87.63,25238.0,9366.0,169.48,3180000.0,2544000.0,424000.0,256700.0,-23528.0,-1.41,3156192.0,3546298.0,4745746.0,718983.0,1925255.0,1621042.0,1091042.0,-1134371.0,-415388.0,-0.6102,-0.1718,0.0481,7,56,0.21,0.77,0.3369,0.0,50.0,50.0,35.0,0,8.2,0.0,0.0,0.0,73.5,62.3,30,26.7,888
sale,Farm For Sale inMontagu Rural,6950000,1,0,8 130 m²,Montagu Rural,Montagu Rural,Montagu,https://www.property24.com/for-sale/montagu-rural/montagu/western-cape/16612/117022293?plId=2370897&plt=3&plsIds=2387570,,,Farm For Sale inMontagu Rural,,https://images.prop24.com/375733875/Crop526x328,4500,54000,0.78,False,,4500.0,54000.0,csv_estimate,250,4344.0,8688.0,0.0,1200,-124095.0,-0.0179,0.78,128.7,0.06,3.2181,541856.0,50000,2003356.0,5560000.0,57390.0,-67731.0,-812771.0,-0.4057,-0.18,15.9713,-1240950.0,-117.86,,,,8340000.0,6672000.0,1112000.0,891356.0,-79209.0,-1.87,8277561.0,9300668.0,12446391.0,1885634.0,5049255.0,4251413.0,2861413.0,-4145698.0,-2260063.0,-1.1281,0.0,-0.0619,0,8,0.0,,0.2455,0.0,50.0,50.0,35.0,0,-11.9,0.0,0.0,0.0,30.5,55.5,100,26.7,889
sale,Farm,6950000,1,0,8 130 m²,For The Connoisseur (647),Montagu Rural,Montagu,https://www.property24.com/for-sale/montagu-rural/montagu/western-cape/16612/116752189,,,"Step into a world where heritage meets harmony.

On exclusive shared mandate, just for ...",,https://images.prop24.com/277028145/Ensure264x153,4500,54000,0.78,False,,4500.0,54000.0,csv_estimate,250,4344.0,8688.0,0.0,1200,-124095.0,-0.0179,0.78,128.7,0.06,3.2181,541856.0,50000,2003356.0,5560000.0,57390.0,-67731.0,-812771.0,-0.4057,-0.18,15.9713,-1240950.0,-117.86,,,,8340000.0,6672000.0,1112000.0,891356.0,-79209.0,-1.87,8277561.0,9300668.0,12446391.0,1885634.0,5049255.0,4251413.0,2861413.0,-4145698.0,-2260063.0,-1.1281,0.0,-0.0619,0,8,0.0,,0.2455,0.0,50.0,50.0,35.0,0,-11.9,0.0,0.0,0.0,30.5,55.5,100,26.7,890
sale,Farm,6950000,1,0,269 ha,54/0 Leeuw Hoek,Montagu Rural,Montagu,https://www.property24.com/for-sale/montagu-rural/montagu/western-cape/16612/113797303,,,"Set in the heart of the beautiful Koo Valley, this expansive 269-hectare farm offers a ...",,https://images.prop24.com/179603478/Ensure264x153,4500,54000,0.78,False,,4500.0,54000.0,csv_estimate,250,4344.0,8688.0,0.0,1200,-124095.0,-0.0179,0.78,128.7,0.06,3.2181,541856.0,50000,2003356.0,5560000.0,57390.0,-67731.0,-812771.0,-0.4057,-0.18,15.9713,-1240950.0,-117.86,,,,8340000.0,6672000.0,1112000.0,891356.0,-79209.0,-1.87,8277561.0,9300668.0,12446391.0,1885634.0,5049255.0,4251413.0,2861413.0,-4145698.0,-2260063.0,-1.1281,0.0,-0.0619,0,8,0.0,,0.2455,0.0,50.0,50.0,35.0,0,-11.9,0.0,0.0,0.0,30.5,55.5,100,26.7,891
sale,3 Bedroom House,4500000,3,2,1 072.9 m²,Riebeek Kasteel,Riebeek Kasteel,Riebeek Valley,https://www.property24.com/for-sale/riebeek-kasteel/riebeek-valley/western-cape/7911/115397690,,,"Presenting an exceptional property that combines style, comfort, and practicality in perfect harmony. Upon arrival, you are greeted by ...",,https://images.prop24.com/340428568/Ensure264x153,7000,84000,1.87,False,,18000.0,216000.0,rental_suburb,350,2812.0,5625.0,0.0,1200,78870.0,0.0175,4.8,20.83,0.4,0.5549,272356.0,50000,1243856.0,3600000.0,37159.0,-30586.0,-367035.0,-0.2951,0.18,2.6192,876333.0,-80.53,,4781.0,,5400000.0,4320000.0,720000.0,523856.0,-38018.0,-1.2,5359572.0,6022015.0,8058815.0,1220914.0,3269302.0,2752713.0,1852713.0,-1796058.0,-575144.0,-0.4624,-0.1167,0.0634,5,27,0.3,0.19,0.3315,0.0,50.0,50.0,35.0,0,11.7,0.0,0.0,0.0,55.0,57.9,50,26.7,892
sale,3 Bedroom House,4500000,3,2,1 072.9 m²,Riebeek Kasteel,Riebeek Kasteel,Riebeek Valley,https://www.property24.com/for-sale/riebeek-kasteel/riebeek-valley/western-cape/7911/116855667,,,"Presenting an exceptional property that combines style, comfort, and practicality in perfect harmony. Upon arrival, you are greeted by ...",,https://images.prop24.com/340428568/Ensure264x153,7000,84000,1.87,False,,18000.0,216000.0,rental_suburb,350,2812.0,5625.0,0.0,1200,78870.0,0.0175,4.8,20.83,0.4,0.5549,272356.0,50000,1243856.0,3600000.0,37159.0,-30586.0,-367035.0,-0.2951,0.18,2.6192,876333.0,-80.53,,4781.0,,5400000.0,4320000.0,720000.0,523856.0,-38018.0,-1.2,5359572.0,6022015.0,8058815.0,1220914.0,3269302.0,2752713.0,1852713.0,-1796058.0,-575144.0,-0.4624,-0.1167,0.0634,5,27,0.3,0.19,0.3315,0.0,50.0,50.0,35.0,0,11.7,0.0,0.0,0.0,55.0,57.9,50,26.7,893
sale,3 Bedroom House,7180000,3,2,517 m²,7 Elizabeth Street,Hoog En Droog,Paarl,https://www.property24.com/for-sale/hoog-en-droog/paarl/western-cape/16385/116820690,,,"This well-designed home offers exceptional living, an ideal blend of contemporary design ...",,https://images.prop24.com/206466645/Ensure264x153,9500,114000,1.59,False,,7000.0,84000.0,rental_area_q1,3418.0,4488.0,8975.0,0.0,1200,-139688.0,-0.0195,1.17,85.48,0.1,2.5829,567156.0,50000,2074656.0,5744000.0,59289.0,-70930.0,-851154.0,-0.4103,-0.2,11.0528,-1552084.0,-121.62,13888.0,22162.0,-37.34,8616000.0,6892800.0,1148800.0,925856.0,-82787.0,-1.9,8551495.0,9608460.0,12858286.0,1948037.0,5216352.0,4392107.0,2956107.0,-4349094.0,-2401057.0,-1.1573,0.0,-0.0673,0,6,0.0,,0.4303,0.0,50.0,51.0,35.2,0,-13.0,0.0,0.0,0.0,28.2,55.4,100,26.6,894
sale,3 Bedroom Townhouse,9900000,3,3,228 m²,Pearl Valley Golf & Country Estate,Pearl Valley Golf & Country Estate,Paarl,https://www.property24.com/for-sale/pearl-valley-golf-and-country-estate/paarl/western-cape/11772/116460463,,,Exclusive Sole Mandate: Introducing this stunning three-bedroom lodge nestled within the picturesque Pearl Valley Resort Lodges. As you ...,,https://images.prop24.com/206466645/Ensure264x153,9500,114000,1.15,False,mandate,7000.0,84000.0,rental_area_q1,4779.0,6188.0,12375.0,0.0,1200,-217223.0,-0.0219,0.85,117.86,0.07,3.506,866356.0,50000,2917856.0,7920000.0,81749.0,-99851.0,-1198214.0,-0.4106,-0.22,15.1845,-2413584.0,-124.38,43421.0,60484.0,-28.21,11880000.0,9504000.0,1584000.0,1333856.0,-116201.0,-1.91,11791058.0,13248433.0,17729392.0,2686012.0,7192464.0,6055970.0,4075970.0,-6133791.0,-3447779.0,-1.1816,0.0,-0.0744,0,6,0.0,,0.0222,0.0,50.0,51.0,35.2,30,-14.6,0.0,0.0,0.0,1.0,54.3,100,26.6,895
sale,3 Bedroom House,7250000,3,2,752 m²,Mount Vernon Residential Estate,Mount Vernon Residential Estate,Stellenbosch,https://www.property24.com/for-sale/mount-vernon-residential-estate/stellenbosch/western-cape/33616/116728763,,,"Build your dream home in the prestigious Mt Vernon Security Estate, where modern living meets luxury and peace of mind. Enjoy a fully ...",,https://images.prop24.com/303954500/Ensure264x153,12000,144000,1.99,False,,6500.0,78000.0,rental_area_q1,600,4531.0,9062.0,0.0,1200,-112965.0,-0.0156,1.08,92.95,0.09,2.3683,574856.0,50000,2096356.0,5800000.0,59867.0,-69281.0,-831368.0,-0.3966,-0.16,11.5786,-1412062.0,-119.48,9641.0,9876.0,-2.38,8700000.0,6960000.0,1160000.0,936356.0,-81254.0,-1.82,8634866.0,9702135.0,12983646.0,1967029.0,5267208.0,4434927.0,2984927.0,-4232829.0,-2265800.0,-1.0808,0.0,-0.0539,0,3,0.0,,0.0463,0.0,50.0,50.0,35.0,0,-10.4,0.0,0.0,0.0,27.5,55.3,100,26.6,896
sale,2 Bedroom Apartment,2250000,2,2,66 m²,Newinbosch,Newinbosch,Stellenbosch,https://www.property24.com/for-sale/newinbosch/stellenbosch/western-cape/33422/115964374,,,"Modern 2-Bedroom Apartment in Newinbosch – Ready July 2025
Unit 103, Block E
This north-facing 2-bedroom, 2-bathroom apartment will be ...",,https://images.prop24.com/206466645/Ensure264x153,12000,144000,6.4,False,,16000.0,192000.0,rental_suburb,600,1406.0,2812.0,0.0,1200,104415.0,0.0464,8.53,11.72,0.71,0.3762,48786.0,50000,570286.0,1800000.0,18579.0,-9878.0,-118538.0,-0.2079,0.47,1.5374,1305188.0,-41.99,34091.0,21226.0,60.61,2700000.0,2160000.0,360000.0,210286.0,-13594.0,-0.64,2679786.0,3011008.0,4029407.0,610457.0,1634651.0,1376357.0,926357.0,-536059.0,74399.0,0.1305,0.0248,0.1831,25,49,0.57,0.72,0.3095,0.0,50.0,50.0,35.0,0,30.9,0.0,0.0,0.0,77.5,63.1,0,26.6,897
sale,2 Bedroom Apartment,1380000,2,1,108 m²,"6 Springbok Flats, 29 Fairbairn Street",Worcester Central,Worcester,https://www.property24.com/for-sale/worcester-central/worcester/western-cape/8860/116549696,,,"EXCLUSIVE SOLE MANDTE

Discover this charming 2-bedroom apartment nestled in the heart ...",,https://images.prop24.com/322138770/Ensure264x153,7000,84000,6.09,False,,8750.0,105000.0,rental_suburb,400,862.0,1725.0,0.0,1200,46350.0,0.0336,7.61,13.14,0.63,0.4786,5100.0,50000,352600.0,1104000.0,11395.0,-7533.0,-90394.0,-0.2564,0.34,1.7809,463500.0,-66.41,12778.0,10714.0,19.26,1656000.0,1324800.0,220800.0,131800.0,-9812.0,-0.93,1643602.0,1846751.0,2471370.0,374414.0,1002586.0,844165.0,568165.0,-427852.0,-53438.0,-0.1516,-0.0323,0.1315,10,20,0.6,0.69,1.0847,0.0,50.0,50.0,35.0,0,22.4,0.0,0.0,0.0,86.2,62.6,0,26.6,898
sale,2 Bedroom House,2795000,2,2,270 m²,Robertson,Robertson,Robertson,https://www.property24.com/for-sale/robertson/robertson/western-cape/16671/115868588,,,"Your Next Chapter Awaits at Mountain View Village in Robertson!

It’s the perfect time to downsize in style and embrace a beautifully ...",,https://images.prop24.com/234024645/Ensure264x153,6000,72000,2.58,False,,10000.0,120000.0,rental_suburb,300,1747.0,3494.0,0.0,1200,29512.0,0.0106,4.29,23.29,0.36,0.6741,90800.0,50000,721300.0,2236000.0,23080.0,-20620.0,-247444.0,-0.3431,0.11,2.982,295125.0,-89.44,10352.0,9366.0,10.53,3354000.0,2683200.0,447200.0,274100.0,-25236.0,-1.44,3328890.0,3740340.0,5005419.0,758323.0,2030600.0,1709741.0,1150741.0,-1224602.0,-466278.0,-0.6464,-0.1877,0.0409,7,56,0.21,0.77,0.3369,0.0,50.0,50.0,35.0,0,7.0,0.0,0.0,0.0,72.0,62.0,30,26.6,899
sale,3 Bedroom House,7450000,3,2,360 m²,"802 Boschenmeer Golf Estate, 802 Wemmershoek Road",Boschenmeer Golf & Country Estate,Paarl,https://www.property24.com/for-sale/boschenmeer-golf-and-country-estate/paarl/western-cape/10770/116724794,,,"Experience Family Living on the Fairways of Boschenmeer

Step into a home that blends ...",,https://images.prop24.com/353500467/Ensure264x153,9500,114000,1.53,False,,7000.0,84000.0,rental_area_q1,3553.0,4656.0,9312.0,0.0,1200,-147384.0,-0.0198,1.13,88.69,0.09,2.6746,596856.0,50000,2158356.0,5960000.0,61518.0,-73800.0,-885605.0,-0.4103,-0.2,11.4629,-1637601.0,-121.98,20694.0,18660.0,10.9,8940000.0,7152000.0,1192000.0,966356.0,-86104.0,-1.9,8873069.0,9969781.0,13341815.0,2021292.0,5412510.0,4557270.0,3067270.0,-4526251.0,-2504960.0,-1.1606,0.0,-0.0683,0,2,0.0,,0.0802,0.0,50.0,51.0,35.2,0,-13.2,0.0,0.0,0.0,25.5,55.2,100,26.5,900
sale,2 Bedroom Apartment,2300000,2,1,56 m²,9 Grappa Street,Newinbosch,Stellenbosch,https://www.property24.com/for-sale/newinbosch/stellenbosch/western-cape/33422/117016687,,,"Step into this exquisite two-bedroom, one-bathroom apartment in the sought-after ...",,https://images.prop24.com/308559161/Ensure264x153,12000,144000,6.26,False,,16000.0,192000.0,rental_suburb,600,1438.0,2875.0,0.0,1200,103290.0,0.0449,8.35,11.98,0.7,0.382,51786.0,50000,583286.0,1840000.0,18992.0,-10385.0,-124617.0,-0.2136,0.45,1.569,1291125.0,-43.86,41071.0,21226.0,93.5,2760000.0,2208000.0,368000.0,215286.0,-14183.0,-0.67,2739337.0,3077919.0,4118950.0,624023.0,1670976.0,1406942.0,946942.0,-567173.0,56850.0,0.0975,0.0188,0.1771,25,49,0.57,0.72,0.3095,0.0,50.0,50.0,35.0,0,29.9,0.0,0.0,0.0,77.0,63.1,0,26.5,901
sale,2 Bedroom Apartment,2300000,2,1,56 m²,9 Grappa Street,Newinbosch,Stellenbosch,https://www.property24.com/for-sale/newinbosch/stellenbosch/western-cape/33422/116957830,,,"Step into this exquisite two-bedroom, one-bathroom apartment in the sought-after ...",,https://images.prop24.com/308559161/Ensure264x153,12000,144000,6.26,False,,16000.0,192000.0,rental_suburb,600,1438.0,2875.0,0.0,1200,103290.0,0.0449,8.35,11.98,0.7,0.382,51786.0,50000,583286.0,1840000.0,18992.0,-10385.0,-124617.0,-0.2136,0.45,1.569,1291125.0,-43.86,41071.0,21226.0,93.5,2760000.0,2208000.0,368000.0,215286.0,-14183.0,-0.67,2739337.0,3077919.0,4118950.0,624023.0,1670976.0,1406942.0,946942.0,-567173.0,56850.0,0.0975,0.0188,0.1771,25,49,0.57,0.72,0.3095,0.0,50.0,50.0,35.0,0,29.9,0.0,0.0,0.0,77.0,63.1,0,26.5,902
sale,3 Bedroom House,7550000,3,2,720 m²,Mount Vernon Residential Estate,Mount Vernon Residential Estate,Stellenbosch,https://www.property24.com/for-sale/mount-vernon-residential-estate/stellenbosch/western-cape/33616/116728738,,,Discover the opportunity to build your dream home in the prestigious Mt Vernon Security Estate. Choose a fully custom-designed home ...,,https://images.prop24.com/303954500/Ensure264x153,12000,144000,1.91,False,,6500.0,78000.0,rental_area_q1,600,4719.0,9438.0,0.0,1200,-119715.0,-0.0159,1.03,96.79,0.09,2.4548,607856.0,50000,2189356.0,6040000.0,62344.0,-72320.0,-867845.0,-0.3964,-0.16,12.0462,-1496438.0,-119.82,10486.0,9876.0,6.18,9060000.0,7248000.0,1208000.0,981356.0,-84789.0,-1.82,8992171.0,10103603.0,13520900.0,2048423.0,5485162.0,4618441.0,3108441.0,-4419514.0,-2371091.0,-1.083,0.0,-0.0547,0,3,0.0,,0.0463,0.0,50.0,50.0,35.0,0,-10.6,0.0,0.0,0.0,24.5,55.2,100,26.5,903
sale,2 Bedroom House,2850000,2,2,270 m²,Robertson,Robertson,Robertson,https://www.property24.com/for-sale/robertson/robertson/western-cape/16671/117063569,,,"Build your ideal family home with this 153m² plot-and-plan option in Mountain View Village.

This design offers three bedrooms ...",,https://images.prop24.com/234024645/Ensure264x153,6000,72000,2.53,False,,10000.0,120000.0,rental_suburb,300,1781.0,3562.0,0.0,1200,28275.0,0.0099,4.21,23.75,0.35,0.6844,95200.0,50000,736700.0,2280000.0,23534.0,-21178.0,-254132.0,-0.345,0.1,3.0378,282750.0,-90.08,10556.0,9366.0,12.71,3420000.0,2736000.0,456000.0,280700.0,-25884.0,-1.46,3394396.0,3813943.0,5103916.0,773246.0,2070558.0,1743385.0,1173385.0,-1258828.0,-485582.0,-0.6591,-0.1937,0.0384,7,56,0.21,0.77,0.3369,0.0,50.0,50.0,35.0,0,6.6,0.0,0.0,0.0,71.5,61.9,30,26.5,904
sale,2 Bedroom House,6800000,2,1,3 562 m²,Riebeek Kasteel,Riebeek Kasteel,Riebeek Valley,https://www.property24.com/for-sale/riebeek-kasteel/riebeek-valley/western-cape/7911/115884638,,,"RARE SMALLHOLDING-STYLE PROPERTY IN THE HEART OF RIEBEEK KASTEEL

Opportunities like this are exceptionally rare in Riebeek Kasteel. ...",,https://images.prop24.com/72874115/Ensure264x153,7000,84000,1.24,False,,18500.0,222000.0,rental_suburb,350,4250.0,8500.0,0.0,1200,32640.0,0.0048,3.26,30.63,0.27,0.773,525356.0,50000,1956856.0,5440000.0,56151.0,-53431.0,-641173.0,-0.3277,0.05,3.8082,362667.0,-94.67,,4781.0,,8160000.0,6528000.0,1088000.0,868856.0,-64661.0,-1.41,8098909.0,9099934.0,12177764.0,1844937.0,4940278.0,4159656.0,2799656.0,-3196506.0,-1351569.0,-0.6907,-0.2092,0.0167,2,27,0.3,0.0,0.3315,0.0,50.0,50.0,35.0,0,3.2,0.0,0.0,0.0,32.0,55.6,80,26.5,905
sale,3 Bedroom House,7650000,3,3,340 m²,"- Drakenzicht Estate, 169 Lustigan Road",Drakenzicht,Paarl,https://www.property24.com/for-sale/drakenzicht/paarl/western-cape/33421/116826723,,,"Immediately available in completed Phase 1 of the Luxury Drakenzicht Estate

Positioned ...",,https://images.prop24.com/252834057/Ensure264x153,9500,114000,1.49,False,,7000.0,84000.0,rental_area_q1,3653.0,4781.0,9562.0,0.0,1200,-153085.0,-0.02,1.1,91.07,0.09,2.7424,618856.0,50000,2220356.0,6120000.0,63170.0,-75927.0,-911124.0,-0.4104,-0.2,11.7667,-1700946.0,-122.23,22500.0,22500.0,0.0,9180000.0,7344000.0,1224000.0,996356.0,-88561.0,-1.9,9111272.0,10237426.0,13699985.0,2075554.0,5557813.0,4679613.0,3149613.0,-4657479.0,-2581924.0,-1.1628,0.0,-0.0689,0,1,0.0,,,0.0,50.0,51.0,35.2,0,-13.3,0.0,0.0,0.0,23.5,55.1,100,26.4,906
sale,3 Bedroom House,7600000,3,2,403 m²,6559 Protea Road,Johannesdal,Stellenbosch,https://www.property24.com/for-sale/johannesdal/stellenbosch/western-cape/33197/116391152,,,"Plot 28 Johannesdal Village is a rare canvas of possibility, where the beauty of the ...",,https://images.prop24.com/308559161/Ensure264x153,12000,144000,1.89,False,,6500.0,78000.0,rental_area_q1,600,4750.0,9500.0,0.0,1200,-120840.0,-0.0159,1.03,97.44,0.09,2.4692,613356.0,50000,2204856.0,6080000.0,62757.0,-72827.0,-873925.0,-0.3964,-0.16,12.1242,-1510500.0,-119.88,18859.0,20357.0,-7.36,9120000.0,7296000.0,1216000.0,988856.0,-85378.0,-1.82,9051722.0,10170514.0,13610442.0,2061989.0,5521487.0,4649027.0,3129027.0,-4450628.0,-2388640.0,-1.0834,0.0,-0.0548,0,9,0.0,,0.1771,0.0,50.0,50.0,35.0,0,-10.6,0.0,0.0,0.0,24.0,55.2,100,26.4,907
sale,3 Bedroom Apartment,7700000,3,2,141 m²,Koelenhof AH,Koelenhof AH,Stellenbosch,https://www.property24.com/for-sale/koelenhof-ah/stellenbosch/western-cape/16701/116692362,,,"Discover Devonbosch, a next-generation mixed-use precinct by SquareTurn Developments, now launching in Stellenbosch and proudly ...",,https://images.prop24.com/369886556/Crop600x400,12000,144000,1.87,False,,6500.0,78000.0,rental_area_q1,600,4812.0,9625.0,0.0,1200,-123090.0,-0.016,1.01,98.72,0.08,2.4981,624356.0,50000,2235856.0,6160000.0,63583.0,-73840.0,-886084.0,-0.3963,-0.16,12.28,-1538625.0,-119.98,54610.0,54610.0,0.0,9240000.0,7392000.0,1232000.0,1003856.0,-86557.0,-1.82,9170823.0,10304337.0,13789527.0,2089120.0,5594138.0,4710199.0,3170199.0,-4512857.0,-2423737.0,-1.084,0.0,-0.0551,0,5,0.0,,0.3647,0.0,50.0,50.0,35.0,0,-10.7,0.0,0.0,0.0,23.0,55.1,100,26.4,908
sale,3 Bedroom Apartment,7700000,3,2,141 m²,Koelenhof AH,Koelenhof AH,Stellenbosch,https://www.property24.com/for-sale/koelenhof-ah/stellenbosch/western-cape/16701/116880566,,,"Discover Devonbosch, a next-generation mixed-use precinct by SquareTurn Developments, now launching in Stellenbosch and proudly ...",,https://images.prop24.com/369886556/Crop600x400,12000,144000,1.87,False,,6500.0,78000.0,rental_area_q1,600,4812.0,9625.0,0.0,1200,-123090.0,-0.016,1.01,98.72,0.08,2.4981,624356.0,50000,2235856.0,6160000.0,63583.0,-73840.0,-886084.0,-0.3963,-0.16,12.28,-1538625.0,-119.98,54610.0,54610.0,0.0,9240000.0,7392000.0,1232000.0,1003856.0,-86557.0,-1.82,9170823.0,10304337.0,13789527.0,2089120.0,5594138.0,4710199.0,3170199.0,-4512857.0,-2423737.0,-1.084,0.0,-0.0551,0,5,0.0,,0.3647,0.0,50.0,50.0,35.0,0,-10.7,0.0,0.0,0.0,23.0,55.1,100,26.4,909
sale,3 Bedroom House,7600000,3,2,400 m²,Weltevreden Hills Estate,Weltevreden Hills Estate,Stellenbosch,https://www.property24.com/for-sale/weltevreden-hills-estate/stellenbosch/western-cape/33046/114086742,,,"No Transfer Duties, only transfer costs on the plot price of R2 200 000

What a great product!!! Clients can choose their own design ...",,https://images.prop24.com/317418390/Ensure264x153,12000,144000,1.89,False,,6500.0,78000.0,rental_area_q1,600,4750.0,9500.0,0.0,1200,-120840.0,-0.0159,1.03,97.44,0.09,2.4692,613356.0,50000,2204856.0,6080000.0,62757.0,-72827.0,-873925.0,-0.3964,-0.16,12.1242,-1510500.0,-119.88,19000.0,19000.0,0.0,9120000.0,7296000.0,1216000.0,988856.0,-85378.0,-1.82,9051722.0,10170514.0,13610442.0,2061989.0,5521487.0,4649027.0,3129027.0,-4450628.0,-2388640.0,-1.0834,0.0,-0.0548,0,1,0.0,,,0.0,50.0,50.0,35.0,0,-10.6,0.0,0.0,0.0,24.0,55.2,100,26.4,910
sale,3 Bedroom House,8000000,3,3,1 043 m²,3 Protea Street,Franschhoek,Franschhoek,https://www.property24.com/for-sale/franschhoek/franschhoek/western-cape/8653/116869391,,,This sunny and friendly house will make you feel at home from the moment you walk ...,,https://images.prop24.com/252834057/Ensure264x153,10000,120000,1.5,False,,10000.0,120000.0,csv_estimate,500,5000.0,10000.0,0.0,1200,-90000.0,-0.0112,1.5,66.67,0.12,1.67,657356.0,50000,2328856.0,6400000.0,66060.0,-73560.0,-882721.0,-0.379,-0.11,8.276,-1285714.0,-116.07,,29897.0,,9600000.0,7680000.0,1280000.0,1048856.0,-86772.0,-1.72,9528128.0,10705805.0,14326782.0,2170514.0,5812092.0,4893713.0,3293713.0,-4477124.0,-2306610.0,-0.9904,-0.6055,-0.0386,0,25,0.36,,0.1983,0.0,50.0,50.0,35.0,0,-7.5,0.0,0.0,0.0,20.0,55.0,100,26.4,911
sale,3 Bedroom House,8000000,3,3,1 043 m²,3 Protea Street,Franschhoek,Franschhoek,https://www.property24.com/for-sale/franschhoek/franschhoek/western-cape/8653/116764512,,,This sunny and friendly house will make you feel at home from the moment you walk ...,,https://images.prop24.com/252834057/Ensure264x153,10000,120000,1.5,False,,10000.0,120000.0,csv_estimate,500,5000.0,10000.0,0.0,1200,-90000.0,-0.0112,1.5,66.67,0.12,1.67,657356.0,50000,2328856.0,6400000.0,66060.0,-73560.0,-882721.0,-0.379,-0.11,8.276,-1285714.0,-116.07,,29897.0,,9600000.0,7680000.0,1280000.0,1048856.0,-86772.0,-1.72,9528128.0,10705805.0,14326782.0,2170514.0,5812092.0,4893713.0,3293713.0,-4477124.0,-2306610.0,-0.9904,-0.6055,-0.0386,0,25,0.36,,0.1983,0.0,50.0,50.0,35.0,0,-7.5,0.0,0.0,0.0,20.0,55.0,100,26.4,912
sale,Farm,7500000,1,0,950 ha,Worcester Rural,Worcester Rural,Worcester,https://www.property24.com/for-sale/worcester-rural/worcester/western-cape/16610/114947850,,,"A beautiful lifestyle farm hidden in an arena of breath-taking mountains.

On Shared Mandate, especially for you!

You will find ...",,https://images.prop24.com/277028145/Ensure264x153,5000,60000,0.8,False,,4950.0,59400.0,rental_area_q1,400,4688.0,9375.0,0.0,1200,-133302.0,-0.0178,0.79,126.26,0.07,3.1641,602356.0,50000,2173856.0,6000000.0,61931.0,-73040.0,-876478.0,-0.4032,-0.18,15.6755,-1333020.0,-117.77,,8018.0,,9000000.0,7200000.0,1200000.0,973856.0,-85426.0,-1.86,8932620.0,10036692.0,13431358.0,2034857.0,5448836.0,4587856.0,3087856.0,-4470374.0,-2435517.0,-1.1204,0.0,-0.0613,0,8,0.0,,0.7201,0.0,50.0,50.0,35.0,0,-11.8,0.0,0.0,0.0,25.0,55.2,100,26.4,913
sale,2 Bedroom Apartment,7950000,2,2,104 m²,Val de Vie Estate,Val de Vie Estate,Paarl,https://www.property24.com/for-sale/val-de-vie-estate/paarl/western-cape/11726/116979952,,,"Positioned within Polo Village II on Val de Vie Estate, this beautifully curated north-facing Ambrosia apartment presents a rare ...",,https://images.prop24.com/234072693/Ensure264x153,9500,114000,1.43,False,,8500.0,102000.0,rental_area_q1,3803.0,4969.0,9938.0,0.0,1200,-145077.0,-0.0182,1.28,77.94,0.11,2.3423,651856.0,50000,2313356.0,6360000.0,65647.0,-77737.0,-932843.0,-0.4032,-0.18,10.0655,-1611964.0,-120.28,76442.0,59375.0,28.74,9540000.0,7632000.0,1272000.0,1041356.0,-90866.0,-1.86,9468577.0,10638893.0,14237239.0,2156949.0,5775766.0,4863127.0,3273127.0,-4761898.0,-2604949.0,-1.126,0.0,-0.0627,0,28,0.04,,0.3067,0.0,50.0,51.0,35.2,0,-12.2,0.0,0.0,0.0,20.5,55.0,100,26.3,914
sale,2 Bedroom Apartment,7950000,2,2,104 m²,Val de Vie Estate,Val de Vie Estate,Paarl,https://www.property24.com/for-sale/val-de-vie-estate/paarl/western-cape/11726/116825811,,,"Positioned within Polo Village II on Val de Vie Estate, this beautifully curated north-facing Ambrosia apartment presents a rare ...",,https://images.prop24.com/234072693/Ensure264x153,9500,114000,1.43,False,,8500.0,102000.0,rental_area_q1,3803.0,4969.0,9938.0,0.0,1200,-145077.0,-0.0182,1.28,77.94,0.11,2.3423,651856.0,50000,2313356.0,6360000.0,65647.0,-77737.0,-932843.0,-0.4032,-0.18,10.0655,-1611964.0,-120.28,76442.0,59375.0,28.74,9540000.0,7632000.0,1272000.0,1041356.0,-90866.0,-1.86,9468577.0,10638893.0,14237239.0,2156949.0,5775766.0,4863127.0,3273127.0,-4761898.0,-2604949.0,-1.126,0.0,-0.0627,0,28,0.04,,0.3067,0.0,50.0,51.0,35.2,0,-12.2,0.0,0.0,0.0,20.5,55.0,100,26.3,915
sale,2 Bedroom Apartment,2450000,2,1,51 m²,10 Grappa Street (the Ilex-207),Newinbosch,Stellenbosch,https://www.property24.com/for-sale/newinbosch/stellenbosch/western-cape/33422/116835404?plId=2345851&plt=4,,,"This spacious ground floor two bedroom one bathroom apartment is located in Block 2 Type D2 at The Ilex within the popular award-winning Newinbosch Neighbourhood Estate.

The unit ...",,https://images.prop24.com/320031881/Ensure528x153,12000,144000,5.88,False,,16000.0,192000.0,rental_suburb,600,1531.0,3062.0,0.0,1200,99915.0,0.0408,7.84,12.76,0.65,0.3996,63200.0,50000,624700.0,1960000.0,20231.0,-11905.0,-142856.0,-0.2287,0.41,1.664,1248938.0,-49.02,48039.0,21226.0,126.32,2940000.0,2352000.0,392000.0,232700.0,-15951.0,-0.76,2917989.0,3278653.0,4387577.0,664720.0,1779953.0,1498700.0,1008700.0,-660516.0,4204.0,0.0067,0.0013,0.1599,25,49,0.57,0.72,0.3095,0.0,50.0,50.0,35.0,0,27.2,0.0,0.0,0.0,75.5,62.8,0,26.3,916
sale,2 Bedroom Apartment,2450000,2,1,51 m²,Newinbosch,Newinbosch,Stellenbosch,https://www.property24.com/for-sale/newinbosch/stellenbosch/western-cape/33422/116845256,,,"Discover effortless estate living in this contemporary 2-bedroom, 1-bathroom ground floor apartment situated in the sought-after Ilex ...",,https://images.prop24.com/206466645/Ensure264x153,12000,144000,5.88,False,,16000.0,192000.0,rental_suburb,600,1531.0,3062.0,0.0,1200,99915.0,0.0408,7.84,12.76,0.65,0.3996,63200.0,50000,624700.0,1960000.0,20231.0,-11905.0,-142856.0,-0.2287,0.41,1.664,1248938.0,-49.02,48039.0,21226.0,126.32,2940000.0,2352000.0,392000.0,232700.0,-15951.0,-0.76,2917989.0,3278653.0,4387577.0,664720.0,1779953.0,1498700.0,1008700.0,-660516.0,4204.0,0.0067,0.0013,0.1599,25,49,0.57,0.72,0.3095,0.0,50.0,50.0,35.0,0,27.2,0.0,0.0,0.0,75.5,62.8,0,26.3,917
sale,2 Bedroom Apartment,2440000,2,1,57 m²,Newinbosch,Newinbosch,Stellenbosch,https://www.property24.com/for-sale/newinbosch/stellenbosch/western-cape/33422/116680523,,,"At Newinbosch, we believe a neighbourhood should be more than
houses — it should be a place where life feels connected and whole.

The ...",,https://images.prop24.com/206466645/Ensure264x153,12000,144000,5.9,False,,16000.0,192000.0,rental_suburb,600,1525.0,3050.0,0.0,1200,100140.0,0.041,7.87,12.71,0.66,0.3984,62400.0,50000,621900.0,1952000.0,20148.0,-11803.0,-141640.0,-0.2278,0.41,1.6577,1251750.0,-48.7,42807.0,21226.0,101.67,2928000.0,2342400.0,390400.0,231500.0,-15833.0,-0.76,2906079.0,3265270.0,4369668.0,662007.0,1772688.0,1492582.0,1004582.0,-654293.0,7714.0,0.0124,0.0025,0.161,25,49,0.57,0.72,0.3095,0.0,50.0,50.0,35.0,0,27.4,0.0,0.0,0.0,75.6,62.8,0,26.3,918
sale,2 Bedroom Townhouse,3100000,2,1,110 m²,Robertson,Robertson,Robertson,https://www.property24.com/for-sale/robertson/robertson/western-cape/16671/116354640,,,"ASSISTED LIVING TOWN HOUSE – JE PARK 2 
RETIREMENT VILLAGE 
UNIT 53 – approximately 110 m2 -This sectional title unit is near to ...",,https://images.prop24.com/341773167/Ensure264x153,6000,72000,2.32,False,,10000.0,120000.0,rental_suburb,300,1938.0,3875.0,0.0,1200,22650.0,0.0073,3.87,25.83,0.32,0.7312,118356.0,50000,809856.0,2480000.0,25598.0,-23711.0,-284529.0,-0.3513,0.07,3.2911,226500.0,-92.69,28182.0,9366.0,200.91,3720000.0,2976000.0,496000.0,313856.0,-28830.0,-1.5,3692150.0,4148499.0,5551628.0,841074.0,2252186.0,1896314.0,1276314.0,-1414399.0,-573324.0,-0.7079,-0.2182,0.028,7,56,0.21,0.77,0.3369,0.0,50.0,50.0,35.0,0,4.9,0.0,0.0,0.0,69.0,61.2,30,26.3,919
sale,2 Bedroom Townhouse,3100000,2,1,110 m²,Robertson,Robertson,Robertson,https://www.property24.com/for-sale/robertson/robertson/western-cape/16671/116354638,,,"ASSISTED LIVING TOWN HOUSE – JE PARK 2 
RETIREMENT VILLAGE 

UNIT 55 – approximately 110 m2 - This sectional title unit, is North ...",,https://images.prop24.com/363614282/Crop600x400,6000,72000,2.32,False,,10000.0,120000.0,rental_suburb,300,1938.0,3875.0,0.0,1200,22650.0,0.0073,3.87,25.83,0.32,0.7312,118356.0,50000,809856.0,2480000.0,25598.0,-23711.0,-284529.0,-0.3513,0.07,3.2911,226500.0,-92.69,28182.0,9366.0,200.91,3720000.0,2976000.0,496000.0,313856.0,-28830.0,-1.5,3692150.0,4148499.0,5551628.0,841074.0,2252186.0,1896314.0,1276314.0,-1414399.0,-573324.0,-0.7079,-0.2182,0.028,7,56,0.21,0.77,0.3369,0.0,50.0,50.0,35.0,0,4.9,0.0,0.0,0.0,69.0,61.2,30,26.3,920
sale,2 Bedroom Townhouse,3100000,2,1,110 m²,Robertson,Robertson,Robertson,https://www.property24.com/for-sale/robertson/robertson/western-cape/16671/116354637,,,"ASSISTED LIVING TOWN HOUSE – JE PARK 2 
RETIREMENT VILLAGE 
UNIT 56 – approximately 110 m2 - This Sectional Title unit is situated in ...",,https://images.prop24.com/363614276/Crop600x400,6000,72000,2.32,False,,10000.0,120000.0,rental_suburb,300,1938.0,3875.0,0.0,1200,22650.0,0.0073,3.87,25.83,0.32,0.7312,118356.0,50000,809856.0,2480000.0,25598.0,-23711.0,-284529.0,-0.3513,0.07,3.2911,226500.0,-92.69,28182.0,9366.0,200.91,3720000.0,2976000.0,496000.0,313856.0,-28830.0,-1.5,3692150.0,4148499.0,5551628.0,841074.0,2252186.0,1896314.0,1276314.0,-1414399.0,-573324.0,-0.7079,-0.2182,0.028,7,56,0.21,0.77,0.3369,0.0,50.0,50.0,35.0,0,4.9,0.0,0.0,0.0,69.0,61.2,30,26.3,921
sale,2 Bedroom Townhouse,3100000,2,1,110 m²,Robertson,Robertson,Robertson,https://www.property24.com/for-sale/robertson/robertson/western-cape/16671/116354642,,,"ASSISTED LIVING TOWN HOUSE – JE PARK 2 
RETIREMENT VILLAGE 
UNIT 52 – approximately 110 m2 - This sectional title unit is situated ...",,https://images.prop24.com/341773167/Ensure264x153,6000,72000,2.32,False,,10000.0,120000.0,rental_suburb,300,1938.0,3875.0,0.0,1200,22650.0,0.0073,3.87,25.83,0.32,0.7312,118356.0,50000,809856.0,2480000.0,25598.0,-23711.0,-284529.0,-0.3513,0.07,3.2911,226500.0,-92.69,28182.0,9366.0,200.91,3720000.0,2976000.0,496000.0,313856.0,-28830.0,-1.5,3692150.0,4148499.0,5551628.0,841074.0,2252186.0,1896314.0,1276314.0,-1414399.0,-573324.0,-0.7079,-0.2182,0.028,7,56,0.21,0.77,0.3369,0.0,50.0,50.0,35.0,0,4.9,0.0,0.0,0.0,69.0,61.2,30,26.3,922
sale,2 Bedroom Townhouse,3100000,2,1,110 m²,Robertson,Robertson,Robertson,https://www.property24.com/for-sale/robertson/robertson/western-cape/16671/116354639,,,"ASSISTED LIVING TOWNHOUSE – JE PARK 2 
RETIREMENT VILLAGE 
UNIT 54 – approximately 110 m2 - This unit gets good morning sun in Winter ...",,https://images.prop24.com/341773167/Ensure264x153,6000,72000,2.32,False,,10000.0,120000.0,rental_suburb,300,1938.0,3875.0,0.0,1200,22650.0,0.0073,3.87,25.83,0.32,0.7312,118356.0,50000,809856.0,2480000.0,25598.0,-23711.0,-284529.0,-0.3513,0.07,3.2911,226500.0,-92.69,28182.0,9366.0,200.91,3720000.0,2976000.0,496000.0,313856.0,-28830.0,-1.5,3692150.0,4148499.0,5551628.0,841074.0,2252186.0,1896314.0,1276314.0,-1414399.0,-573324.0,-0.7079,-0.2182,0.028,7,56,0.21,0.77,0.3369,0.0,50.0,50.0,35.0,0,4.9,0.0,0.0,0.0,69.0,61.2,30,26.3,923
sale,2 Bedroom Townhouse,3100000,2,1,110 m²,Robertson,Robertson,Robertson,https://www.property24.com/for-sale/robertson/robertson/western-cape/16671/116354643,,,"ASSISTED LIVING TOWN HOUSE – JE PARK 2 
RETIREMENT VILLAGE 

UNIT 51 – approximately 110 m2 - This sectional Title Unit is situated ...",,https://images.prop24.com/341773167/Ensure264x153,6000,72000,2.32,False,,10000.0,120000.0,rental_suburb,300,1938.0,3875.0,0.0,1200,22650.0,0.0073,3.87,25.83,0.32,0.7312,118356.0,50000,809856.0,2480000.0,25598.0,-23711.0,-284529.0,-0.3513,0.07,3.2911,226500.0,-92.69,28182.0,9366.0,200.91,3720000.0,2976000.0,496000.0,313856.0,-28830.0,-1.5,3692150.0,4148499.0,5551628.0,841074.0,2252186.0,1896314.0,1276314.0,-1414399.0,-573324.0,-0.7079,-0.2182,0.028,7,56,0.21,0.77,0.3369,0.0,50.0,50.0,35.0,0,4.9,0.0,0.0,0.0,69.0,61.2,30,26.3,924
sale,2 Bedroom Townhouse,3100000,2,1,110 m²,Robertson,Robertson,Robertson,https://www.property24.com/for-sale/robertson/robertson/western-cape/16671/116354630,,,"ASSISTED LIVING TOWNHOUSE – JE PARK 2 
RETIREMENT VILLAGE 

UNIT 49 – approximately 110 m2 - This sectional title unit, has ample ...",,https://images.prop24.com/341773167/Ensure264x153,6000,72000,2.32,False,,10000.0,120000.0,rental_suburb,300,1938.0,3875.0,0.0,1200,22650.0,0.0073,3.87,25.83,0.32,0.7312,118356.0,50000,809856.0,2480000.0,25598.0,-23711.0,-284529.0,-0.3513,0.07,3.2911,226500.0,-92.69,28182.0,9366.0,200.91,3720000.0,2976000.0,496000.0,313856.0,-28830.0,-1.5,3692150.0,4148499.0,5551628.0,841074.0,2252186.0,1896314.0,1276314.0,-1414399.0,-573324.0,-0.7079,-0.2182,0.028,7,56,0.21,0.77,0.3369,0.0,50.0,50.0,35.0,0,4.9,0.0,0.0,0.0,69.0,61.2,30,26.3,925
sale,2 Bedroom Townhouse,3100000,2,1,110 m²,Robertson,Robertson,Robertson,https://www.property24.com/for-sale/robertson/robertson/western-cape/16671/116354633,,,"ASSISTED LIVING TOWNHOUSE – JE PARK 2 
RETIREMENT VILLAGE 

UNIT 58 – approximately 110 m2 - This Sectional Title unit is situated ...",,https://images.prop24.com/341773167/Ensure264x153,6000,72000,2.32,False,,10000.0,120000.0,rental_suburb,300,1938.0,3875.0,0.0,1200,22650.0,0.0073,3.87,25.83,0.32,0.7312,118356.0,50000,809856.0,2480000.0,25598.0,-23711.0,-284529.0,-0.3513,0.07,3.2911,226500.0,-92.69,28182.0,9366.0,200.91,3720000.0,2976000.0,496000.0,313856.0,-28830.0,-1.5,3692150.0,4148499.0,5551628.0,841074.0,2252186.0,1896314.0,1276314.0,-1414399.0,-573324.0,-0.7079,-0.2182,0.028,7,56,0.21,0.77,0.3369,0.0,50.0,50.0,35.0,0,4.9,0.0,0.0,0.0,69.0,61.2,30,26.3,926
sale,2 Bedroom Townhouse,3100000,2,1,110 m²,Robertson,Robertson,Robertson,https://www.property24.com/for-sale/robertson/robertson/western-cape/16671/116354634,,,"ASSISTED LIVING TOWN HOUSE – JE PARK 2 
RETIREMENT VILLAGE 

UNIT 57 – approximately 110 m2 - This sectional title unit is situated ...",,https://images.prop24.com/341773167/Ensure264x153,6000,72000,2.32,False,,10000.0,120000.0,rental_suburb,300,1938.0,3875.0,0.0,1200,22650.0,0.0073,3.87,25.83,0.32,0.7312,118356.0,50000,809856.0,2480000.0,25598.0,-23711.0,-284529.0,-0.3513,0.07,3.2911,226500.0,-92.69,28182.0,9366.0,200.91,3720000.0,2976000.0,496000.0,313856.0,-28830.0,-1.5,3692150.0,4148499.0,5551628.0,841074.0,2252186.0,1896314.0,1276314.0,-1414399.0,-573324.0,-0.7079,-0.2182,0.028,7,56,0.21,0.77,0.3369,0.0,50.0,50.0,35.0,0,4.9,0.0,0.0,0.0,69.0,61.2,30,26.3,927
sale,3 Bedroom House,7900000,3,2,425 m²,Val de Vie Estate,Val de Vie Estate,Paarl,https://www.property24.com/for-sale/val-de-vie-estate/paarl/western-cape/11726/116792105,,,"For individuals 65 years and older.

Set within the Val de Vie Evergreen neighbourhood, this well-proportioned Type A3 home is designed ...",,https://images.prop24.com/234072693/Ensure264x153,9500,114000,1.44,False,,7000.0,84000.0,rental_area_q1,3778.0,4938.0,9875.0,0.0,1200,-160212.0,-0.0203,1.06,94.05,0.09,2.8273,646356.0,50000,2297856.0,6320000.0,65234.0,-78585.0,-943023.0,-0.4104,-0.2,12.1465,-1780128.0,-122.53,18588.0,59375.0,-68.69,9480000.0,7584000.0,1264000.0,1033856.0,-91632.0,-1.9,9409026.0,10571982.0,14147697.0,2143383.0,5739441.0,4832541.0,3252541.0,-4821513.0,-2678131.0,-1.1655,0.0,-0.0697,0,28,0.04,,0.3067,0.0,50.0,51.0,35.2,0,-13.5,0.0,0.0,0.0,21.0,55.0,100,26.2,928
sale,3 Bedroom House,7950000,3,3,805 m²,Mount Vernon Residential Estate,Mount Vernon Residential Estate,Stellenbosch,https://www.property24.com/for-sale/mount-vernon-residential-estate/stellenbosch/western-cape/33616/115636609,,,"Design Your Dream Home with Us

Photos used are for marketing purposes only and may change at any time. Our building packages are ...",,https://images.prop24.com/303954500/Ensure264x153,12000,144000,1.81,False,,6500.0,78000.0,rental_area_q1,600,4969.0,9938.0,0.0,1200,-128715.0,-0.0162,0.98,101.92,0.08,2.5702,651856.0,50000,2313356.0,6360000.0,65647.0,-76373.0,-916481.0,-0.3962,-0.16,12.6698,-1608938.0,-120.24,9876.0,9876.0,0.0,9540000.0,7632000.0,1272000.0,1041356.0,-89503.0,-1.82,9468577.0,10638893.0,14237239.0,2156949.0,5775766.0,4863127.0,3273127.0,-4668428.0,-2511479.0,-1.0856,0.0,-0.0556,0,3,0.0,,0.0463,0.0,50.0,50.0,35.0,0,-10.8,0.0,0.0,0.0,20.5,55.0,100,26.2,929
sale,2 Bedroom House,7246000,2,2,171 m²,Franschhoek,Franschhoek,Franschhoek,https://www.property24.com/for-sale/franschhoek/franschhoek/western-cape/8653/116324008?plId=2348940&plt=4,,,"La Luc is a modern retirement estate in the heart of the Franschhoek valley - a cultural treasure framed by vineyards and sweeping mountain views. With work on the estate starting soon, this vision of refined retirement living is ...",,https://images.prop24.com/376098353/Ensure528x153,10000,120000,1.66,False,,17000.0,204000.0,rental_suburb,500,4529.0,9058.0,0.0,1200,4245.0,0.0006,2.82,35.52,0.23,0.8992,574416.0,50000,2095116.0,5796800.0,59834.0,-59480.0,-713762.0,-0.3407,0.01,4.4188,60643.0,-99.16,42374.0,29897.0,41.73,8695200.0,6956160.0,1159360.0,935756.0,-71447.0,-1.49,8630102.0,9696783.0,12976482.0,1965943.0,5264302.0,4432480.0,2983280.0,-3576615.0,-1610671.0,-0.7688,-0.2539,0.002,2,25,0.36,0.12,0.1983,0.0,50.0,50.0,35.0,0,0.4,0.0,0.0,0.0,27.5,55.3,80,26.2,930
sale,2 Bedroom House,1595000,2,2,261 m²,Worcester Central,Worcester Central,Worcester,https://www.property24.com/for-sale/worcester-central/worcester/western-cape/8860/116774558,,,"This neat and practical home in Marthina Close, Worcester offers comfortable living with two bedrooms and two bathrooms, perfectly ...",,https://images.prop24.com/103291119/Ensure264x153,7000,84000,5.27,False,,8750.0,105000.0,rental_suburb,400,997.0,1994.0,0.0,1200,41512.0,0.026,6.58,15.19,0.55,0.5246,11550.0,50000,402050.0,1276000.0,13171.0,-9711.0,-116536.0,-0.2899,0.26,2.0299,415125.0,-73.97,6111.0,10714.0,-42.96,1914000.0,1531200.0,255200.0,146850.0,-12345.0,-1.12,1899671.0,2134470.0,2856402.0,432746.0,1158786.0,975684.0,656684.0,-561643.0,-128897.0,-0.3206,-0.0744,0.1033,10,20,0.6,0.69,1.0847,0.0,50.0,50.0,35.0,0,17.4,0.0,0.0,0.0,84.0,63.5,0,26.2,931
sale,3 Bedroom House,5100000,3,3,2 271 m²,Riebeek Kasteel,Riebeek Kasteel,Riebeek Valley,https://www.property24.com/for-sale/riebeek-kasteel/riebeek-valley/western-cape/7911/116987953,,,"A Home Designed for Volume and Light in Riebeek Kasteel 

A Home Designed for Volume and Light 
The interior spaces are expansive ...",,https://images.prop24.com/341773167/Ensure264x153,7000,84000,1.65,False,,18000.0,216000.0,rental_suburb,350,3188.0,6375.0,0.0,1200,65370.0,0.0128,4.24,23.61,0.35,0.6174,338356.0,50000,1429856.0,4080000.0,42113.0,-36666.0,-439989.0,-0.3077,0.13,2.957,726333.0,-85.76,,4781.0,,6120000.0,4896000.0,816000.0,613856.0,-45088.0,-1.28,6074182.0,6824950.0,9133323.0,1383703.0,3705209.0,3119742.0,2099742.0,-2169429.0,-785726.0,-0.5495,-0.1474,0.0457,5,27,0.3,0.19,0.3315,0.0,50.0,50.0,35.0,0,8.5,0.0,0.0,0.0,49.0,57.1,50,26.2,932
sale,3 Bedroom House,8200000,3,3,370 m²,Hoog En Droog,Hoog En Droog,Paarl,https://www.property24.com/for-sale/hoog-en-droog/paarl/western-cape/16385/116739306,,,"**Exclusively Marketed By Jawitz Properties Paarl**

This secure, energy-efficient home designed by Meik Architects is perfectly ...",,https://images.prop24.com/317418390/Ensure264x153,9500,114000,1.39,False,,7000.0,84000.0,rental_area_q1,3929.0,5125.0,10250.0,0.0,1200,-168763.0,-0.0206,1.02,97.62,0.09,2.9291,679356.0,50000,2390856.0,6560000.0,67712.0,-81775.0,-981302.0,-0.4104,-0.21,12.6022,-1875146.0,-122.87,22162.0,22162.0,0.0,9840000.0,7872000.0,1312000.0,1078856.0,-95317.0,-1.91,9766331.0,10973450.0,14684951.0,2224777.0,5957394.0,5016056.0,3376056.0,-5018355.0,-2793578.0,-1.1684,0.0,-0.0706,0,6,0.0,,0.4303,0.0,50.0,51.0,35.2,0,-13.7,0.0,0.0,0.0,18.0,54.9,100,26.1,933
sale,3 Bedroom House,8200000,3,3,370 m²,Hoog En Droog,Hoog En Droog,Paarl,https://www.property24.com/for-sale/hoog-en-droog/paarl/western-cape/16385/116950308,,,"**Exclusively Marketed By Jawitz Properties Paarl**

This secure, energy-efficient home designed by Meik Architects is perfectly ...",,https://images.prop24.com/317418390/Ensure264x153,9500,114000,1.39,False,,7000.0,84000.0,rental_area_q1,3929.0,5125.0,10250.0,0.0,1200,-168763.0,-0.0206,1.02,97.62,0.09,2.9291,679356.0,50000,2390856.0,6560000.0,67712.0,-81775.0,-981302.0,-0.4104,-0.21,12.6022,-1875146.0,-122.87,22162.0,22162.0,0.0,9840000.0,7872000.0,1312000.0,1078856.0,-95317.0,-1.91,9766331.0,10973450.0,14684951.0,2224777.0,5957394.0,5016056.0,3376056.0,-5018355.0,-2793578.0,-1.1684,0.0,-0.0706,0,6,0.0,,0.4303,0.0,50.0,51.0,35.2,0,-13.7,0.0,0.0,0.0,18.0,54.9,100,26.1,934
sale,2 Bedroom Apartment,2600000,2,2,65 m²,2 Induli,Newinbosch,Stellenbosch,https://www.property24.com/for-sale/newinbosch/stellenbosch/western-cape/33422/117011346,,,"On show friday - 20 march 2026 from 16:00 - 18:00, viewing by appointment ...",,https://images.prop24.com/308559161/Ensure264x153,12000,144000,5.54,False,,16000.0,192000.0,rental_suburb,600,1625.0,3250.0,0.0,1200,96540.0,0.0371,7.38,13.54,0.62,0.4172,75200.0,50000,666700.0,2080000.0,21470.0,-13425.0,-161094.0,-0.2416,0.37,1.759,1206750.0,-53.59,40000.0,21226.0,88.45,3120000.0,2496000.0,416000.0,250700.0,-17718.0,-0.84,3096642.0,3479387.0,4656204.0,705417.0,1888930.0,1590457.0,1070457.0,-753858.0,-48441.0,-0.0727,-0.015,0.1448,25,49,0.57,0.72,0.3095,0.0,50.0,50.0,35.0,0,24.8,0.0,0.0,0.0,74.0,62.4,0,26.1,935
sale,3 Bedroom House,8500000,3,2,573 m²,Franschhoek,Franschhoek,Franschhoek,https://www.property24.com/for-sale/franschhoek/franschhoek/western-cape/8653/116630473,,,EXCLUSIVE MANDATE: Seldom do properties become available in this well-established and secure estate. La Petite Provence is renowned for ...,,https://images.prop24.com/368711020/Crop600x400,10000,120000,1.41,False,,10000.0,120000.0,csv_estimate,500,5312.0,10625.0,0.0,1200,-101250.0,-0.0119,1.41,70.83,0.12,1.7637,712356.0,50000,2483856.0,6800000.0,70189.0,-78626.0,-943516.0,-0.3799,-0.12,8.7826,-1446429.0,-117.02,14834.0,29897.0,-50.38,10200000.0,8160000.0,1360000.0,1123856.0,-92664.0,-1.73,10123636.0,11374917.0,15222205.0,2306172.0,6175348.0,5199570.0,3499570.0,-4788267.0,-2482095.0,-0.9993,-0.7655,-0.0408,0,25,0.36,,0.1983,0.0,50.0,50.0,35.0,0,-7.9,0.0,0.0,0.0,15.0,54.8,100,26.1,936
sale,2 Bedroom House,3300000,2,2,373 m²,27 Springbok Street,Robertson,Robertson,https://www.property24.com/for-sale/robertson/robertson/western-cape/16671/114317267,,,A home built to ensure that you get the most out of the stunning views of the Langeberg ...,,https://images.prop24.com/233852929/Ensure264x153,6000,72000,2.18,False,,10000.0,120000.0,rental_suburb,300,2062.0,4125.0,0.0,1200,18150.0,0.0055,3.64,27.5,0.3,0.7688,140356.0,50000,871856.0,2640000.0,27250.0,-25737.0,-308847.0,-0.3542,0.06,3.4937,181500.0,-94.5,8847.0,9366.0,-5.53,3960000.0,3168000.0,528000.0,343856.0,-31187.0,-1.52,3930353.0,4416144.0,5909797.0,895337.0,2397488.0,2018657.0,1358657.0,-1538856.0,-643519.0,-0.7381,-0.2351,0.0208,7,56,0.21,0.77,0.3369,0.0,50.0,50.0,35.0,0,3.7,0.0,0.0,0.0,67.0,60.6,30,26.1,937
sale,2 Bedroom House,8500000,2,2,329 m²,Val de Vie Estate,Val de Vie Estate,Paarl,https://www.property24.com/for-sale/val-de-vie-estate/paarl/western-cape/11726/116975891,,,"For individuals 65 years and older.

This thoughtfully designed Type B1 home in the Val de Vie Evergreen neighbourhood offers ...",,https://images.prop24.com/234072693/Ensure264x153,9500,114000,1.34,False,,8500.0,102000.0,rental_area_q1,4079.0,5312.0,10625.0,0.0,1200,-160755.0,-0.0189,1.2,83.33,0.1,2.496,712356.0,50000,2483856.0,6800000.0,70189.0,-83585.0,-1003021.0,-0.4038,-0.19,10.7535,-1786165.0,-121.01,25836.0,59375.0,-56.49,10200000.0,8160000.0,1360000.0,1123856.0,-97623.0,-1.87,10123636.0,11374917.0,15222205.0,2306172.0,6175348.0,5199570.0,3499570.0,-5122774.0,-2816602.0,-1.134,0.0,-0.0647,0,28,0.04,,0.3067,0.0,50.0,51.0,35.2,0,-12.6,0.0,0.0,0.0,15.0,54.8,100,26.0,938
sale,2 Bedroom Apartment,2660000,2,2,,1 Grappa St,Newinbosch,Stellenbosch,https://www.property24.com/for-sale/newinbosch/stellenbosch/western-cape/33422/117009774,,,"Amazing secure Eco estate, Ground floor unit with small enclosed garden, open plan ...",,,12000,144000,5.41,False,,16000.0,192000.0,rental_suburb,600,1662.0,3325.0,0.0,1200,95190.0,0.0358,7.22,13.85,0.6,0.4242,80000.0,50000,683500.0,2128000.0,21965.0,-14032.0,-168390.0,-0.2464,0.36,1.797,1189875.0,-55.27,,21226.0,,3192000.0,2553600.0,425600.0,257900.0,-18425.0,-0.87,3168103.0,3559680.0,4763655.0,721696.0,1932521.0,1627160.0,1095160.0,-791195.0,-69499.0,-0.1017,-0.0212,0.1393,25,49,0.57,0.72,0.3095,0.0,50.0,50.0,35.0,0,23.9,0.0,0.0,0.0,73.4,62.3,0,26.0,939
sale,3 Bedroom House,8604000,3,3,382 m²,"Erf 69, 64 Dirkie Uys Street",Franschhoek,Franschhoek,https://www.property24.com/for-sale/franschhoek/franschhoek/western-cape/8653/116956013,,,"La Luc Retirement Estate is a modern retirement development currently underway, ideally ...",,https://images.prop24.com/374506843/Crop600x400,10000,120000,1.39,False,,10000.0,120000.0,csv_estimate,500,5378.0,10755.0,0.0,1200,-103590.0,-0.012,1.39,71.7,0.12,1.7833,723796.0,50000,2516096.0,6883200.0,71048.0,-79680.0,-956161.0,-0.38,-0.12,8.888,-1479857.0,-117.2,22524.0,29897.0,-24.66,10324800.0,8259840.0,1376640.0,1139456.0,-93890.0,-1.73,10247502.0,11514093.0,15408454.0,2334388.0,6250905.0,5263188.0,3542388.0,-4852985.0,-2518596.0,-1.001,0.0,-0.0412,0,25,0.36,,0.1983,0.0,50.0,50.0,35.0,0,-8.0,0.0,0.0,0.0,14.0,54.7,100,26.0,940
sale,3 Bedroom House,8681000,3,3,352 m²,"Erf 80, 64 Dirkie Uys Street",Franschhoek,Franschhoek,https://www.property24.com/for-sale/franschhoek/franschhoek/western-cape/8653/116756065,,,"La Luc Retirement Estate – Secure, sophisticated French-style full-title homes. ...",,https://images.prop24.com/370381129/Ensure264x153,10000,120000,1.38,False,,10000.0,120000.0,csv_estimate,500,5426.0,10851.0,0.0,1200,-105322.0,-0.0121,1.38,72.34,0.12,1.7977,732266.0,50000,2539966.0,6944800.0,71683.0,-80460.0,-965524.0,-0.3801,-0.12,8.966,-1504607.0,-117.33,24662.0,29897.0,-17.51,10417200.0,8333760.0,1388960.0,1151006.0,-94797.0,-1.73,10339210.0,11617136.0,15546349.0,2355279.0,6306846.0,5310290.0,3574090.0,-4900901.0,-2545621.0,-1.0022,0.0,-0.0415,0,25,0.36,,0.1983,0.0,50.0,50.0,35.0,0,-8.1,0.0,0.0,0.0,13.2,54.7,100,26.0,941
sale,3 Bedroom House,8604000,3,2,311 m²,Franschhoek,Franschhoek,Franschhoek,https://www.property24.com/for-sale/franschhoek/franschhoek/western-cape/8653/116651454,,,"Discover refined living and peace of mind in the prestigious La Luc Estate — a secure, freehold development designed for effortless ...",,https://images.prop24.com/233852929/Ensure264x153,10000,120000,1.39,False,,10000.0,120000.0,csv_estimate,500,5378.0,10755.0,0.0,1200,-103590.0,-0.012,1.39,71.7,0.12,1.7833,723796.0,50000,2516096.0,6883200.0,71048.0,-79680.0,-956161.0,-0.38,-0.12,8.888,-1479857.0,-117.2,27666.0,29897.0,-7.46,10324800.0,8259840.0,1376640.0,1139456.0,-93890.0,-1.73,10247502.0,11514093.0,15408454.0,2334388.0,6250905.0,5263188.0,3542388.0,-4852985.0,-2518596.0,-1.001,0.0,-0.0412,0,25,0.36,,0.1983,0.0,50.0,50.0,35.0,0,-8.0,0.0,0.0,0.0,14.0,54.7,100,26.0,942
sale,2 Bedroom Apartment,8550000,2,2,131 m²,Val de Vie Estate,Val de Vie Estate,Paarl,https://www.property24.com/for-sale/val-de-vie-estate/paarl/western-cape/11726/116741220,,,"Positioned in the centre of Val de Vie Estate, this beautifully appointed north-facing apartment offers exceptional privacy, comfort ...",,https://images.prop24.com/234072693/Ensure264x153,9500,114000,1.33,False,,8500.0,102000.0,rental_area_q1,4104.0,5344.0,10688.0,0.0,1200,-162180.0,-0.019,1.19,83.82,0.1,2.51,717856.0,50000,2499356.0,6840000.0,70602.0,-84117.0,-1009400.0,-0.4039,-0.19,10.8161,-1802001.0,-121.08,65267.0,59375.0,9.92,10260000.0,8208000.0,1368000.0,1131356.0,-98237.0,-1.87,10183187.0,11441829.0,15311748.0,2319737.0,6211673.0,5230156.0,3520156.0,-5155581.0,-2835843.0,-1.1346,0.0,-0.0649,0,28,0.04,,0.3067,0.0,50.0,51.0,35.2,0,-12.6,0.0,0.0,0.0,14.5,54.7,100,25.9,943
sale,3 Bedroom House,8450000,3,3,201 m²,Hoog En Droog,Hoog En Droog,Paarl,https://www.property24.com/for-sale/hoog-en-droog/paarl/western-cape/16385/115952673,,,"Nestled on the slopes of Paarl Mountain with views onto the World Famous Bretagna Rock, lies this Art Deco Masterpiece by local ...",,https://images.prop24.com/209408973/Ensure264x153,9500,114000,1.35,False,,7000.0,84000.0,rental_area_q1,4054.0,5281.0,10562.0,0.0,1200,-175890.0,-0.0208,0.99,100.6,0.08,3.0139,706856.0,50000,2468356.0,6760000.0,69776.0,-84433.0,-1013201.0,-0.4105,-0.21,12.9819,-1954328.0,-123.13,42040.0,22162.0,89.69,10140000.0,8112000.0,1352000.0,1116356.0,-98389.0,-1.91,10064085.0,11308006.0,15132663.0,2292606.0,6139022.0,5168984.0,3478984.0,-5182390.0,-2889784.0,-1.1707,0.0,-0.0713,0,6,0.0,,0.4303,0.0,50.0,51.0,35.2,0,-13.9,0.0,0.0,0.0,15.5,54.8,100,25.9,944
sale,2 Bedroom Apartment,2685000,2,2,59 m²,10 Grappa Street (ilex-441),Newinbosch,Stellenbosch,https://www.property24.com/for-sale/newinbosch/stellenbosch/western-cape/33422/116824253?plId=2345855&plt=4,,,Discover refined living at The Ilex in Newinbosch Neighbourhood Estate. This spacious two bedroom two bathroom apartment offers the perfect balance of comfort privacy and modern ...,,https://images.prop24.com/320031881/Ensure528x153,12000,144000,5.36,False,,16000.0,192000.0,rental_suburb,600,1678.0,3356.0,0.0,1200,94628.0,0.0352,7.15,13.98,0.6,0.4271,82000.0,50000,690500.0,2148000.0,22171.0,-14286.0,-171429.0,-0.2483,0.36,1.8129,1182844.0,-55.95,45508.0,21226.0,114.4,3222000.0,2577600.0,429600.0,260900.0,-18720.0,-0.88,3197878.0,3593136.0,4808426.0,728479.0,1950683.0,1642452.0,1105452.0,-806753.0,-78274.0,-0.1134,-0.0238,0.137,25,49,0.57,0.72,0.3095,0.0,50.0,50.0,35.0,0,23.5,0.0,0.0,0.0,73.2,62.2,0,25.9,945
sale,2 Bedroom Apartment,2685000,2,2,59 m²,Newinbosch,Newinbosch,Stellenbosch,https://www.property24.com/for-sale/newinbosch/stellenbosch/western-cape/33422/116853118,,,"Beautifully designed 2-bedroom, 2-bathroom apartment located on the second floor in the Ilex at Newinbosch Neighbourhood Estate. 

This ...",,https://images.prop24.com/206466645/Ensure264x153,12000,144000,5.36,False,,16000.0,192000.0,rental_suburb,600,1678.0,3356.0,0.0,1200,94628.0,0.0352,7.15,13.98,0.6,0.4271,82000.0,50000,690500.0,2148000.0,22171.0,-14286.0,-171429.0,-0.2483,0.36,1.8129,1182844.0,-55.95,45508.0,21226.0,114.4,3222000.0,2577600.0,429600.0,260900.0,-18720.0,-0.88,3197878.0,3593136.0,4808426.0,728479.0,1950683.0,1642452.0,1105452.0,-806753.0,-78274.0,-0.1134,-0.0238,0.137,25,49,0.57,0.72,0.3095,0.0,50.0,50.0,35.0,0,23.5,0.0,0.0,0.0,73.2,62.2,0,25.9,946
sale,3 Bedroom House,8650000,3,3,300 m²,733 Longlands Estate,Longlands Estate,Stellenbosch,https://www.property24.com/for-sale/longlands-estate/stellenbosch/western-cape/33566/116662821,,,This exceptional plot-and-plan residence offers the rare opportunity to create a living ...,,https://images.prop24.com/252834057/Ensure264x153,12000,144000,1.66,False,,6500.0,78000.0,rental_area_q1,600,5406.0,10812.0,0.0,1200,-144465.0,-0.0167,0.9,110.9,0.08,2.7721,728856.0,50000,2530356.0,6920000.0,71427.0,-83466.0,-1001594.0,-0.3958,-0.17,13.761,-1805812.0,-120.88,28833.0,22636.0,27.38,10380000.0,8304000.0,1384000.0,1146356.0,-97752.0,-1.82,10302288.0,11575651.0,15490833.0,2346869.0,6284324.0,5291327.0,3561327.0,-5104028.0,-2757159.0,-1.0896,0.0,-0.0571,0,4,0.0,,0.058,0.0,50.0,50.0,35.0,0,-11.1,0.0,0.0,0.0,13.5,54.7,100,25.9,947
sale,2 Bedroom House,7646000,2,2,171 m²,Franschhoek,Franschhoek,Franschhoek,https://www.property24.com/for-sale/franschhoek/franschhoek/western-cape/8653/116890987?plId=2348937&plt=4,,,"La Luc is a modern retirement estate in the heart of the Franschhoek valley - a cultural treasure framed by vineyards and sweeping mountain views. With work on the estate starting soon, this vision of refined retirement living is ...",,https://images.prop24.com/376098353/Ensure528x153,10000,120000,1.57,False,,17000.0,204000.0,rental_suburb,500,4779.0,9558.0,0.0,1200,-4755.0,-0.0006,2.67,37.48,0.22,0.9433,618416.0,50000,2219116.0,6116800.0,63137.0,-63533.0,-762398.0,-0.3436,-0.01,4.6572,-67929.0,-100.89,44713.0,29897.0,49.56,9175200.0,7340160.0,1223360.0,995756.0,-76161.0,-1.51,9106508.0,10232073.0,13692821.0,2074469.0,5554907.0,4677166.0,3147966.0,-3825529.0,-1751060.0,-0.7891,-0.2675,-0.0021,2,25,0.36,0.12,0.1983,0.0,50.0,50.0,35.0,0,-0.4,0.0,0.0,0.0,23.5,55.1,80,25.9,948
sale,3 Bedroom House,8819000,3,2,353 m²,Franschhoek,Franschhoek,Franschhoek,https://www.property24.com/for-sale/franschhoek/franschhoek/western-cape/8653/116324078,,,"Set against the backdrop of Franschhoek’s vineyards and mountain peaks, La Luc is redefining retirement living with a blend of ...",,https://images.prop24.com/376098097/Ensure264x153,10000,120000,1.36,False,,10000.0,120000.0,csv_estimate,500,5512.0,11024.0,0.0,1200,-108428.0,-0.0123,1.36,73.49,0.11,1.8236,747446.0,50000,2582746.0,7055200.0,72823.0,-81859.0,-982303.0,-0.3803,-0.12,9.1059,-1548964.0,-117.56,24983.0,29897.0,-16.44,10582800.0,8466240.0,1411040.0,1171706.0,-96423.0,-1.73,10503570.0,11801811.0,15793486.0,2392721.0,6407105.0,5394707.0,3630907.0,-4986776.0,-2594055.0,-1.0044,0.0,-0.042,0,25,0.36,,0.1983,0.0,50.0,50.0,35.0,0,-8.2,0.0,0.0,0.0,11.8,54.6,100,25.9,949
sale,Farm,6995000,1,0,165 ha,Clarenceworld Annex,Robertson Rural,Robertson,https://www.property24.com/for-sale/robertson-rural/robertson/western-cape/16626/116679144,,,"Imagine owning a property that offers a myriad of opportunities, from off-the-grid ...",,https://images.prop24.com/373497860/Ensure264x153,4500,54000,0.77,False,,7800.0,93600.0,rental_suburb,300,4372.0,8744.0,0.0,1200,-89276.0,-0.0128,1.34,74.73,0.11,1.8738,546806.0,50000,2017306.0,5596000.0,57761.0,-65201.0,-782411.0,-0.3878,-0.13,9.2791,-892755.0,-112.76,,2939.0,,8394000.0,6715200.0,1119200.0,898106.0,-76753.0,-1.77,8331157.0,9360888.0,12526980.0,1897844.0,5081948.0,4278940.0,2879940.0,-3973752.0,-2075909.0,-1.0291,0.0,-0.0443,2,6,0.33,0.0,0.4024,0.0,50.0,50.0,35.0,0,-8.5,0.0,0.0,0.0,30.0,55.5,80,25.9,950
sale,Farm,7800000,1,0,7.05 ha,1323 Kloof Street,Riebeek Kasteel,Riebeek Valley,https://www.property24.com/for-sale/riebeek-kasteel/riebeek-valley/western-cape/7911/116284189,,,Our latest Joint Exclusive Mandate - this is the last small holding available for sale ...,,https://images.prop24.com/362379971/Crop600x400,5000,60000,0.77,False,,8750.0,105000.0,rental_suburb,350,4875.0,9750.0,0.0,1200,-97500.0,-0.0125,1.35,74.29,0.11,1.8486,635356.0,50000,2266856.0,6240000.0,64409.0,-72534.0,-870403.0,-0.384,-0.13,9.2095,-1083333.0,-113.89,,4781.0,,9360000.0,7488000.0,1248000.0,1018856.0,-85415.0,-1.75,9289925.0,10438160.0,13968612.0,2116252.0,5666789.0,4771370.0,3211370.0,-4419540.0,-2303288.0,-1.0161,0.0,-0.043,1,27,0.3,0.0,0.3315,0.0,50.0,50.0,35.0,0,-8.3,0.0,0.0,0.0,22.0,55.1,90,25.9,951
sale,2 Bedroom House,7800000,2,1,70 532 m²,1323 Kloof,Riebeek Kasteel,Riebeek Valley,https://www.property24.com/for-sale/riebeek-kasteel/riebeek-valley/western-cape/7911/116982078,,,EXCLUSIVE JOINT MANDATE an exciting opportunity offering the buyer the possibility to ...,,https://images.prop24.com/206466645/Ensure264x153,7000,84000,1.08,False,,18500.0,222000.0,rental_suburb,350,4875.0,9750.0,0.0,1200,10140.0,0.0013,2.85,35.14,0.24,0.8743,635356.0,50000,2266856.0,6240000.0,64409.0,-63564.0,-762763.0,-0.3365,0.01,4.3559,112667.0,-98.56,,4781.0,,9360000.0,7488000.0,1248000.0,1018856.0,-76445.0,-1.47,9289925.0,10438160.0,13968612.0,2116252.0,5666789.0,4771370.0,3211370.0,-3818791.0,-1702540.0,-0.7511,-0.2428,0.0045,2,27,0.3,0.0,0.3315,0.0,50.0,50.0,35.0,0,0.9,0.0,0.0,0.0,22.0,55.1,80,25.9,952
sale,2 Bedroom House,7800000,2,1,70 532 m²,1323 Kloof,Riebeek Kasteel,Riebeek Valley,https://www.property24.com/for-sale/riebeek-kasteel/riebeek-valley/western-cape/7911/116279573,,,EXCLUSIVE JOINT MANDATE an exciting opportunity offering the buyer the possibility to ...,,https://images.prop24.com/206466645/Ensure264x153,7000,84000,1.08,False,,18500.0,222000.0,rental_suburb,350,4875.0,9750.0,0.0,1200,10140.0,0.0013,2.85,35.14,0.24,0.8743,635356.0,50000,2266856.0,6240000.0,64409.0,-63564.0,-762763.0,-0.3365,0.01,4.3559,112667.0,-98.56,,4781.0,,9360000.0,7488000.0,1248000.0,1018856.0,-76445.0,-1.47,9289925.0,10438160.0,13968612.0,2116252.0,5666789.0,4771370.0,3211370.0,-3818791.0,-1702540.0,-0.7511,-0.2428,0.0045,2,27,0.3,0.0,0.3315,0.0,50.0,50.0,35.0,0,0.9,0.0,0.0,0.0,22.0,55.1,80,25.9,953
sale,2 Bedroom Apartment,2800000,2,2,58 m²,Newinbosch,Newinbosch,Stellenbosch,https://www.property24.com/for-sale/newinbosch/stellenbosch/western-cape/33422/117019299,,,"This 2-bedroom, 2-bathroom, 2-parking bay apartment, situated on the second floor, Block 2 of The Ilex within the sought-after ...",,https://images.prop24.com/375714161/Crop600x400,12000,144000,5.14,False,,16000.0,192000.0,rental_suburb,600,1750.0,3500.0,0.0,1200,92040.0,0.0329,6.86,14.58,0.57,0.4406,91200.0,50000,722700.0,2240000.0,23121.0,-15451.0,-185412.0,-0.2566,0.33,1.8857,1150500.0,-58.91,48276.0,21226.0,127.44,3360000.0,2688000.0,448000.0,274700.0,-20075.0,-0.93,3334845.0,3747032.0,5014374.0,759680.0,2034232.0,1712799.0,1152799.0,-878315.0,-118635.0,-0.1642,-0.0352,0.1274,25,49,0.57,0.72,0.3095,0.0,50.0,50.0,35.0,0,21.9,0.0,0.0,0.0,72.0,62.0,0,25.8,954
sale,3 Bedroom House,8795000,3,2,319 m²,1 Helshoogte Road,Johannesdal,Stellenbosch,https://www.property24.com/for-sale/johannesdal/stellenbosch/western-cape/33197/115367166,,,"PLOT & PLAN OFFERS FROM R8 125 000

Modern Green Living in Nature's ...",,https://images.prop24.com/255290839/Ensure264x153,12000,144000,1.64,False,,6500.0,78000.0,rental_area_q1,600,5497.0,10994.0,0.0,1200,-147728.0,-0.0168,0.89,112.76,0.07,2.8139,744806.0,50000,2575306.0,7036000.0,72625.0,-84935.0,-1019225.0,-0.3958,-0.17,13.987,-1846594.0,-121.0,27571.0,20357.0,35.43,10554000.0,8443200.0,1407200.0,1168106.0,-99460.0,-1.82,10474986.0,11769694.0,15750505.0,2386209.0,6389668.0,5380026.0,3621026.0,-5194259.0,-2808050.0,-1.0904,0.0,-0.0574,0,9,0.0,,0.1771,0.0,50.0,50.0,35.0,0,-11.2,0.0,0.0,0.0,12.1,54.6,100,25.8,955
sale,3 Bedroom House,8950000,3,2,609 m²,Franschhoek,Franschhoek,Franschhoek,https://www.property24.com/for-sale/franschhoek/franschhoek/western-cape/8653/116718395,,,"EXCLUSIVE MANDATE: Fall in love with this impeccably maintained 3-bedroom home, perfectly nestled in the heart of La Petite Provence ...",,https://images.prop24.com/206466645/Ensure264x153,10000,120000,1.34,False,,10000.0,120000.0,csv_estimate,500,5594.0,11188.0,0.0,1200,-111375.0,-0.0124,1.34,74.58,0.11,1.8481,761856.0,50000,2623356.0,7160000.0,73905.0,-83186.0,-998231.0,-0.3805,-0.13,9.2386,-1591071.0,-117.78,14696.0,29897.0,-50.84,10740000.0,8592000.0,1432000.0,1191356.0,-97967.0,-1.73,10659593.0,11977119.0,16028087.0,2428263.0,6502278.0,5474841.0,3684841.0,-5068295.0,-2640032.0,-1.0064,0.0,-0.0425,0,25,0.36,,0.1983,0.0,50.0,50.0,35.0,0,-8.3,0.0,0.0,0.0,10.5,54.6,100,25.8,956
sale,3 Bedroom House,9031000,3,3,209 m²,Franschhoek,Franschhoek,Franschhoek,https://www.property24.com/for-sale/franschhoek/franschhoek/western-cape/8653/116323973,,,La Luc is a modern retirement estate in the heart of the Franschhoek valley - a cultural treasure framed by vineyards and sweeping ...,,https://images.prop24.com/376098097/Ensure264x153,10000,120000,1.33,False,,10000.0,120000.0,csv_estimate,500,5644.0,11289.0,0.0,1200,-113198.0,-0.0125,1.33,75.26,0.11,1.8633,770766.0,50000,2648466.0,7224800.0,74574.0,-84007.0,-1008080.0,-0.3806,-0.13,9.3207,-1617107.0,-117.91,43211.0,29897.0,44.53,10837200.0,8669760.0,1444960.0,1203506.0,-98921.0,-1.73,10756065.0,12085515.0,16173146.0,2450239.0,6561125.0,5524390.0,3718190.0,-5118700.0,-2668461.0,-1.0075,0.0,-0.0427,0,25,0.36,,0.1983,0.0,50.0,50.0,35.0,0,-8.4,0.0,0.0,0.0,9.7,54.6,100,25.8,957
sale,Farm,7995000,1,0,1.9 ha,Rawsonville,Rawsonville,Worcester,https://www.property24.com/for-sale/rawsonville/worcester/western-cape/7616/116903694,,,"Yu do not get many opportunities like this.

Escape to a serene rural sanctuary just outside Rawsonville, where mountain ranges ...",,https://images.prop24.com/72874115/Ensure264x153,5000,60000,0.75,False,,7650.0,91800.0,rental_suburb,400,4997.0,9994.0,0.0,1200,-114632.0,-0.0143,1.15,87.09,0.1,2.1687,656806.0,50000,2327306.0,6396000.0,66019.0,-75571.0,-906857.0,-0.3897,-0.14,10.7986,-1146315.0,-114.34,,7365.0,,9594000.0,7675200.0,1279200.0,1048106.0,-88775.0,-1.78,9522173.0,10699113.0,14317827.0,2169158.0,5808459.0,4890654.0,3291654.0,-4612044.0,-2442886.0,-1.0497,0.0,-0.0493,1,13,0.08,0.0,0.6076,0.0,50.0,50.0,35.0,0,-9.6,0.0,0.0,0.0,20.1,55.0,90,25.8,958
sale,Farm,7995000,1,0,1.9 ha,Rawsonville,Rawsonville,Worcester,https://www.property24.com/for-sale/rawsonville/worcester/western-cape/7616/116898108,,,"Beautiful 1.9243-hectare smallholding offering space, privacy and income potential in the heart of the Breede Valley.

Set against a ...",,https://images.prop24.com/373504379/Ensure264x153,5000,60000,0.75,False,,7650.0,91800.0,rental_suburb,400,4997.0,9994.0,0.0,1200,-114632.0,-0.0143,1.15,87.09,0.1,2.1687,656806.0,50000,2327306.0,6396000.0,66019.0,-75571.0,-906857.0,-0.3897,-0.14,10.7986,-1146315.0,-114.34,,7365.0,,9594000.0,7675200.0,1279200.0,1048106.0,-88775.0,-1.78,9522173.0,10699113.0,14317827.0,2169158.0,5808459.0,4890654.0,3291654.0,-4612044.0,-2442886.0,-1.0497,0.0,-0.0493,1,13,0.08,0.0,0.6076,0.0,50.0,50.0,35.0,0,-9.6,0.0,0.0,0.0,20.1,55.0,90,25.8,959
sale,3 Bedroom House,5795000,3,2,3 208 m²,1353 Walter Street,Riebeek Kasteel,Riebeek Valley,https://www.property24.com/for-sale/riebeek-kasteel/riebeek-valley/western-cape/7911/116387393,,,SOLE & EXCLUSIVE:  A beautiful family home ready to be handed down to the next ...,,https://images.prop24.com/185178535/Ensure264x153,7000,84000,1.45,False,,18000.0,216000.0,rental_suburb,350,3622.0,7244.0,0.0,1200,49732.0,0.0086,3.73,26.83,0.31,0.6898,414806.0,50000,1645306.0,4636000.0,47852.0,-43708.0,-524495.0,-0.3188,0.09,3.3482,552583.0,-90.46,,4781.0,,6954000.0,5563200.0,927200.0,718106.0,-53278.0,-1.35,6901938.0,7755017.0,10377962.0,1572266.0,4210134.0,3544883.0,2385883.0,-2601917.0,-1029651.0,-0.6258,-0.1785,0.0302,5,27,0.3,0.19,0.3315,0.0,50.0,50.0,35.0,0,5.7,0.0,0.0,0.0,42.0,56.4,50,25.7,960
sale,2 Bedroom Townhouse,2950000,2,1,189 m²,3rqv+q2 Stellenbosch,Newinbosch,Stellenbosch,https://www.property24.com/for-sale/newinbosch/stellenbosch/western-cape/33422/116468275,,,Exclusive North-Facing End-Unit 2-Bedroom Townhouse in Newinbosch Estate in Stellenbosch ...,,,12000,144000,4.88,False,,16000.0,192000.0,rental_suburb,600,1844.0,3688.0,0.0,1200,88665.0,0.0301,6.51,15.36,0.54,0.4582,103200.0,50000,764700.0,2360000.0,24360.0,-16971.0,-203651.0,-0.2663,0.3,1.9807,1108312.0,-62.43,15608.0,21226.0,-26.47,3540000.0,2832000.0,472000.0,292700.0,-21843.0,-0.99,3513497.0,3947765.0,5283001.0,800377.0,2143209.0,1804557.0,1214557.0,-971658.0,-171281.0,-0.224,-0.0495,0.1159,25,49,0.57,0.72,0.3095,0.0,50.0,50.0,35.0,0,20.0,0.0,0.0,0.0,70.5,61.7,0,25.6,961
sale,3 Bedroom House,9294000,3,2,215 m²,Franschhoek,Franschhoek,Franschhoek,https://www.property24.com/for-sale/franschhoek/franschhoek/western-cape/8653/117009802,,,La Luc is a modern retirement estate in the heart of the Franschhoek valley - a cultural treasure framed by vineyards and sweeping ...,,https://images.prop24.com/376098097/Ensure264x153,10000,120000,1.29,False,,10000.0,120000.0,csv_estimate,500,5809.0,11618.0,0.0,1200,-119115.0,-0.0128,1.29,77.45,0.11,1.9126,799696.0,50000,2729996.0,7435200.0,76745.0,-86672.0,-1040058.0,-0.381,-0.13,9.5872,-1701643.0,-118.31,43228.0,29897.0,44.59,11152800.0,8922240.0,1487040.0,1242956.0,-102021.0,-1.74,11069303.0,12437469.0,16644138.0,2521595.0,6752198.0,5685271.0,3826471.0,-5282361.0,-2760766.0,-1.0113,0.0,-0.0436,0,25,0.36,,0.1983,0.0,50.0,50.0,35.0,0,-8.5,0.0,0.0,0.0,7.1,54.5,100,25.6,962
sale,3 Bedroom House,9331000,3,3,451 m²,"Erf 14, 64 Dirkie Uys Street",Franschhoek,Franschhoek,https://www.property24.com/for-sale/franschhoek/franschhoek/western-cape/8653/116752715,,,Groundwork underway – secure your position early. Now is the time to select and secure a ...,,https://images.prop24.com/370381129/Ensure264x153,10000,120000,1.29,False,,10000.0,120000.0,csv_estimate,500,5832.0,11664.0,0.0,1200,-119948.0,-0.0129,1.29,77.76,0.11,1.9196,803766.0,50000,2741466.0,7464800.0,77051.0,-87046.0,-1044557.0,-0.381,-0.13,9.6246,-1713536.0,-118.36,20690.0,29897.0,-30.8,11197200.0,8957760.0,1492960.0,1248506.0,-102457.0,-1.74,11113370.0,12486983.0,16710400.0,2531634.0,6779079.0,5707904.0,3841704.0,-5305386.0,-2773752.0,-1.0118,0.0,-0.0438,0,25,0.36,,0.1983,0.0,50.0,50.0,35.0,0,-8.6,0.0,0.0,0.0,6.7,54.5,100,25.6,963
sale,3 Bedroom House,9331000,3,3,209 m²,Franschhoek,Franschhoek,Franschhoek,https://www.property24.com/for-sale/franschhoek/franschhoek/western-cape/8653/116890985,,,La Luc is a modern retirement estate in the heart of the Franschhoek valley - a cultural treasure framed by vineyards and sweeping ...,,https://images.prop24.com/376098097/Ensure264x153,10000,120000,1.29,False,,10000.0,120000.0,csv_estimate,500,5832.0,11664.0,0.0,1200,-119948.0,-0.0129,1.29,77.76,0.11,1.9196,803766.0,50000,2741466.0,7464800.0,77051.0,-87046.0,-1044557.0,-0.381,-0.13,9.6246,-1713536.0,-118.36,44646.0,29897.0,49.33,11197200.0,8957760.0,1492960.0,1248506.0,-102457.0,-1.74,11113370.0,12486983.0,16710400.0,2531634.0,6779079.0,5707904.0,3841704.0,-5305386.0,-2773752.0,-1.0118,0.0,-0.0438,0,25,0.36,,0.1983,0.0,50.0,50.0,35.0,0,-8.6,0.0,0.0,0.0,6.7,54.5,100,25.6,964
sale,Farm,9000000,1,0,34 ha,268 Null Null,Tulbagh,Tulbagh,https://www.property24.com/for-sale/tulbagh/tulbagh/western-cape/7608/116959912,,,"Set against the breathtaking backdrop of the Witzenberg Mountains, this exceptional ...",,https://images.prop24.com/242461081/Ensure264x153,4500,54000,0.6,False,,4500.0,54000.0,csv_estimate,300,5625.0,11250.0,0.0,1200,-170820.0,-0.019,0.6,166.67,0.05,4.0833,767356.0,50000,2638856.0,7200000.0,74318.0,-88553.0,-1062631.0,-0.4027,-0.19,20.5983,-1552909.0,-117.25,,4597.0,,10800000.0,8640000.0,1440000.0,1198856.0,-103416.0,-1.86,10719144.0,12044030.0,16117629.0,2441829.0,6538603.0,5505427.0,3705427.0,-5424764.0,-2982936.0,-1.1304,0.0,-0.0647,0,16,0.0,,0.6239,0.0,50.0,50.0,35.0,0,-12.7,0.0,0.0,0.0,10.0,54.6,100,25.6,965
sale,Farm,8950000,1,0,120.2 ha,3/232 Null Null,Tulbagh Rural,Tulbagh,https://www.property24.com/for-sale/tulbagh-rural/tulbagh/western-cape/16606/116721359,,,"Just outside the charming town of Tulbagh, on the scenic R46 towards Wolseley and Ceres ...",,https://images.prop24.com/242461081/Ensure264x153,4500,54000,0.6,False,,4500.0,54000.0,csv_estimate,300,5594.0,11188.0,0.0,1200,-169695.0,-0.019,0.6,165.74,0.05,4.0625,761856.0,50000,2623356.0,7160000.0,73905.0,-88046.0,-1056551.0,-0.4027,-0.19,20.4858,-1542682.0,-117.24,,,,10740000.0,8592000.0,1432000.0,1191356.0,-102827.0,-1.86,10659593.0,11977119.0,16028087.0,2428263.0,6502278.0,5474841.0,3684841.0,-5393650.0,-2965387.0,-1.1304,0.0,-0.0647,0,4,0.0,,0.4045,0.0,50.0,50.0,35.0,0,-12.6,0.0,0.0,0.0,10.5,54.6,100,25.6,966
sale,Commercial Property inVal de Vie Estate,9130600,1,0,125 m²,Val de Vie Estate,Val de Vie Estate,Paarl,https://www.property24.com/for-sale/val-de-vie-estate/paarl/western-cape/11726/115948844?plId=2374772&plt=3&plsIds=2391295,,,Commercial Property inVal de Vie Estate,,https://images.prop24.com/331836732/Crop526x328,7000,84000,0.92,False,,18000.0,216000.0,rental_suburb,4394.0,5707.0,11413.0,0.0,1200,-73850.0,-0.0081,2.37,42.27,0.2,1.2619,781722.0,50000,2679342.0,7304480.0,75396.0,-81550.0,-978602.0,-0.3652,-0.08,5.4506,-820560.0,-108.99,73045.0,59375.0,23.02,10956720.0,8765376.0,1460896.0,1218446.0,-96629.0,-1.64,10874691.0,12218802.0,16351514.0,2477262.0,6633486.0,5585317.0,3759197.0,-4951190.0,-2473928.0,-0.9233,-0.4017,-0.0276,1,28,0.04,0.0,0.3067,0.0,50.0,51.0,35.2,0,-5.4,0.0,0.0,0.0,8.7,54.5,90,25.5,967
sale,2 Bedroom Apartment,9375000,2,2,155 m²,Pearl Valley Golf & Country Estate,Pearl Valley Golf & Country Estate,Paarl,https://www.property24.com/for-sale/pearl-valley-golf-and-country-estate/paarl/western-cape/11772/117047640,,,"Set against a backdrop of majestic mountain ranges and overlooking a vast expanse of water, the views from this resort-style lodge are ...",,https://images.prop24.com/233852929/Ensure264x153,9500,114000,1.22,False,,8500.0,102000.0,rental_area_q1,4517.0,5859.0,11719.0,0.0,1200,-185697.0,-0.0198,1.09,91.91,0.09,2.7406,808606.0,50000,2755106.0,7500000.0,77414.0,-92889.0,-1114667.0,-0.4046,-0.2,11.8481,-2063302.0,-122.01,60484.0,60484.0,0.0,11250000.0,9000000.0,1500000.0,1255106.0,-108372.0,-1.88,11165775.0,12545865.0,16789197.0,2543572.0,6811045.0,5734820.0,3859820.0,-5696895.0,-3153323.0,-1.1445,0.0,-0.0674,0,6,0.0,,0.0222,0.0,50.0,51.0,35.2,0,-13.2,0.0,0.0,0.0,6.2,54.4,100,25.5,968
sale,2 Bedroom Apartment,9375000,2,2,155 m²,Pearl Valley Golf & Country Estate,Pearl Valley Golf & Country Estate,Paarl,https://www.property24.com/for-sale/pearl-valley-golf-and-country-estate/paarl/western-cape/11772/117013089,,,"Set against a backdrop of majestic mountain ranges and overlooking a vast expanse of water, the views from this resort-style lodge are ...",,https://images.prop24.com/233852929/Ensure264x153,9500,114000,1.22,False,,8500.0,102000.0,rental_area_q1,4517.0,5859.0,11719.0,0.0,1200,-185697.0,-0.0198,1.09,91.91,0.09,2.7406,808606.0,50000,2755106.0,7500000.0,77414.0,-92889.0,-1114667.0,-0.4046,-0.2,11.8481,-2063302.0,-122.01,60484.0,60484.0,0.0,11250000.0,9000000.0,1500000.0,1255106.0,-108372.0,-1.88,11165775.0,12545865.0,16789197.0,2543572.0,6811045.0,5734820.0,3859820.0,-5696895.0,-3153323.0,-1.1445,0.0,-0.0674,0,6,0.0,,0.0222,0.0,50.0,51.0,35.2,0,-13.2,0.0,0.0,0.0,6.2,54.4,100,25.5,969
sale,2 Bedroom House,9375000,2,3,155 m²,Pearl Valley Golf & Country Estate,Pearl Valley Golf & Country Estate,Paarl,https://www.property24.com/for-sale/pearl-valley-golf-and-country-estate/paarl/western-cape/11772/117042349,,,"Exclusive Joint Mandate. Stunning double-storey Resort Lodge with two spacious bedrooms, both with en-suite bathrooms and separate ...",,https://images.prop24.com/376112855/Crop600x400,9500,114000,1.22,False,,8500.0,102000.0,rental_area_q1,4517.0,5859.0,11719.0,0.0,1200,-185697.0,-0.0198,1.09,91.91,0.09,2.7406,808606.0,50000,2755106.0,7500000.0,77414.0,-92889.0,-1114667.0,-0.4046,-0.2,11.8481,-2063302.0,-122.01,60484.0,60484.0,0.0,11250000.0,9000000.0,1500000.0,1255106.0,-108372.0,-1.88,11165775.0,12545865.0,16789197.0,2543572.0,6811045.0,5734820.0,3859820.0,-5696895.0,-3153323.0,-1.1445,0.0,-0.0674,0,6,0.0,,0.0222,0.0,50.0,51.0,35.2,0,-13.2,0.0,0.0,0.0,6.2,54.4,100,25.5,970
sale,2 Bedroom Apartment,9375000,2,2,155 m²,Pearl Valley Golf & Country Estate,Pearl Valley Golf & Country Estate,Paarl,https://www.property24.com/for-sale/pearl-valley-golf-and-country-estate/paarl/western-cape/11772/116924341,,,"Set against a backdrop of majestic mountain ranges and overlooking a vast expanse of water, the views from this resort-style lodge are ...",,https://images.prop24.com/233852929/Ensure264x153,9500,114000,1.22,False,,8500.0,102000.0,rental_area_q1,4517.0,5859.0,11719.0,0.0,1200,-185697.0,-0.0198,1.09,91.91,0.09,2.7406,808606.0,50000,2755106.0,7500000.0,77414.0,-92889.0,-1114667.0,-0.4046,-0.2,11.8481,-2063302.0,-122.01,60484.0,60484.0,0.0,11250000.0,9000000.0,1500000.0,1255106.0,-108372.0,-1.88,11165775.0,12545865.0,16789197.0,2543572.0,6811045.0,5734820.0,3859820.0,-5696895.0,-3153323.0,-1.1445,0.0,-0.0674,0,6,0.0,,0.0222,0.0,50.0,51.0,35.2,0,-13.2,0.0,0.0,0.0,6.2,54.4,100,25.5,971
sale,3 Bedroom House,9556000,3,3,414 m²,Franschhoek,Franschhoek,Franschhoek,https://www.property24.com/for-sale/franschhoek/franschhoek/western-cape/8653/116651455,,,"Luxury, independence and peace of mind meet in this beautifully designed 3-bedroom, all en-suite home in La Luc Estate — Franschhoek’s ...",,https://images.prop24.com/369107372/Crop600x400,10000,120000,1.26,False,,10000.0,120000.0,csv_estimate,500,5972.0,11945.0,0.0,1200,-125010.0,-0.0131,1.26,79.63,0.1,1.9618,828516.0,50000,2811216.0,7644800.0,78909.0,-89326.0,-1071915.0,-0.3813,-0.13,9.8526,-1785857.0,-118.69,23082.0,29897.0,-22.79,11467200.0,9173760.0,1528960.0,1282256.0,-105108.0,-1.74,11381349.0,12788084.0,17113341.0,2592679.0,6942544.0,5845540.0,3934340.0,-5445400.0,-2852720.0,-1.0148,0.0,-0.0445,0,25,0.36,,0.1983,0.0,50.0,50.0,35.0,0,-8.7,0.0,0.0,0.0,4.4,54.4,100,25.5,972
sale,3 Bedroom Townhouse,9500000,3,3,220 m²,Pearl Valley Golf & Country Estate,Pearl Valley Golf & Country Estate,Paarl,https://www.property24.com/for-sale/pearl-valley-golf-and-country-estate/paarl/western-cape/11772/116940280,,,"Exclusive Mandate.

This beautifully renovated 3-bedroom triplex offers a luxurious lifestyle, nestled beside one of the estate's ...",,https://images.prop24.com/363879363/Ensure264x153,9500,114000,1.2,False,,7000.0,84000.0,rental_area_q1,4579.0,5938.0,11875.0,0.0,1200,-205820.0,-0.0217,0.88,113.1,0.07,3.3702,822356.0,50000,2793856.0,7600000.0,78446.0,-95598.0,-1147176.0,-0.4106,-0.22,14.5769,-2286892.0,-124.07,43182.0,60484.0,-28.61,11400000.0,9120000.0,1520000.0,1273856.0,-111287.0,-1.91,11314652.0,12713143.0,17013053.0,2577486.0,6901859.0,5811284.0,3911284.0,-5871335.0,-3293849.0,-1.179,0.0,-0.0737,0,6,0.0,,0.0222,0.0,50.0,51.0,35.2,0,-14.4,0.0,0.0,0.0,5.0,54.4,100,25.4,973
sale,2 Bedroom House,3085000,2,1,160 m²,21 Arbour Street,Newinbosch,Stellenbosch,https://www.property24.com/for-sale/newinbosch/stellenbosch/western-cape/33422/117041623,,,"Welcome to Newinbosch, SA’s first 6 Star Green Star sustainable development surrounded ...",,https://images.prop24.com/206466645/Ensure264x153,12000,144000,4.67,False,,16000.0,192000.0,rental_suburb,600,1928.0,3856.0,0.0,1200,85628.0,0.0278,6.22,16.07,0.52,0.474,116706.0,50000,805206.0,2468000.0,25474.0,-18339.0,-220065.0,-0.2733,0.28,2.0662,1070344.0,-65.3,19281.0,21226.0,-9.16,3702000.0,2961600.0,493600.0,311606.0,-23434.0,-1.04,3674284.0,4128426.0,5524765.0,837005.0,2241288.0,1887138.0,1270138.0,-1055667.0,-218662.0,-0.2716,-0.0614,0.1063,25,49,0.57,0.72,0.3095,0.0,50.0,50.0,35.0,0,18.5,0.0,0.0,0.0,69.2,61.3,0,25.4,974
sale,2 Bedroom House,3126000,2,1,160 m²,8 Arbour Street,Newinbosch,Stellenbosch,https://www.property24.com/for-sale/newinbosch/stellenbosch/western-cape/33422/117039875,,,Welcome to your future home in the heart of the award-winning Newinbosch Neighbourhood ...,,https://images.prop24.com/206466645/Ensure264x153,12000,144000,4.61,False,,16000.0,192000.0,rental_suburb,600,1954.0,3908.0,0.0,1200,84705.0,0.0271,6.14,16.28,0.51,0.4788,121216.0,50000,817916.0,2500800.0,25813.0,-18754.0,-225051.0,-0.2752,0.27,2.0921,1058812.0,-66.13,19538.0,21226.0,-7.96,3751200.0,3000960.0,500160.0,317756.0,-23917.0,-1.05,3723116.0,4183293.0,5598190.0,848128.0,2271075.0,1912218.0,1287018.0,-1081180.0,-233052.0,-0.2849,-0.0649,0.1036,25,49,0.57,0.72,0.3095,0.0,50.0,50.0,35.0,0,18.1,0.0,0.0,0.0,68.7,61.2,0,25.4,975
sale,2 Bedroom Townhouse,3126000,2,1,160 m²,(18321) 8 Arbour Street,Newinbosch,Stellenbosch,https://www.property24.com/for-sale/newinbosch/stellenbosch/western-cape/33422/116983891,,,"Just 3km from the heart of Stellenbosch, award-winning Newinbosch is a sustainably ...",,https://images.prop24.com/320031844/Ensure264x153,12000,144000,4.61,False,,16000.0,192000.0,rental_suburb,600,1954.0,3908.0,0.0,1200,84705.0,0.0271,6.14,16.28,0.51,0.4788,121216.0,50000,817916.0,2500800.0,25813.0,-18754.0,-225051.0,-0.2752,0.27,2.0921,1058812.0,-66.13,19538.0,21226.0,-7.96,3751200.0,3000960.0,500160.0,317756.0,-23917.0,-1.05,3723116.0,4183293.0,5598190.0,848128.0,2271075.0,1912218.0,1287018.0,-1081180.0,-233052.0,-0.2849,-0.0649,0.1036,25,49,0.57,0.72,0.3095,0.0,50.0,50.0,35.0,0,18.1,0.0,0.0,0.0,68.7,61.2,0,25.4,976
sale,2 Bedroom House,3126000,2,1,160 m²,8 Arbour Street,Newinbosch,Stellenbosch,https://www.property24.com/for-sale/newinbosch/stellenbosch/western-cape/33422/116898083,,,Welcome to your future home in the heart of the award-winning Newinbosch Neighbourhood ...,,https://images.prop24.com/206466645/Ensure264x153,12000,144000,4.61,False,,16000.0,192000.0,rental_suburb,600,1954.0,3908.0,0.0,1200,84705.0,0.0271,6.14,16.28,0.51,0.4788,121216.0,50000,817916.0,2500800.0,25813.0,-18754.0,-225051.0,-0.2752,0.27,2.0921,1058812.0,-66.13,19538.0,21226.0,-7.96,3751200.0,3000960.0,500160.0,317756.0,-23917.0,-1.05,3723116.0,4183293.0,5598190.0,848128.0,2271075.0,1912218.0,1287018.0,-1081180.0,-233052.0,-0.2849,-0.0649,0.1036,25,49,0.57,0.72,0.3095,0.0,50.0,50.0,35.0,0,18.1,0.0,0.0,0.0,68.7,61.2,0,25.4,977
sale,2 Bedroom House,8565250,2,2,191 m²,Franschhoek,Franschhoek,Franschhoek,https://www.property24.com/for-sale/franschhoek/franschhoek/western-cape/8653/116323919,,,La Luc is a modern retirement estate in the heart of the Franschhoek valley - a cultural treasure framed by vineyards and sweeping ...,,https://images.prop24.com/376098097/Ensure264x153,10000,120000,1.4,False,,17000.0,204000.0,rental_suburb,500,5353.0,10707.0,0.0,1200,-25438.0,-0.003,2.38,41.99,0.2,1.0447,719534.0,50000,2504083.0,6852200.0,70728.0,-72847.0,-874169.0,-0.3491,-0.03,5.2051,-363402.0,-104.24,44844.0,29897.0,50.0,10278300.0,8222640.0,1370440.0,1133643.0,-86993.0,-1.55,10201350.0,11462237.0,15339058.0,2323875.0,6222752.0,5239484.0,3526434.0,-4397564.0,-2073690.0,-0.8281,-0.2969,-0.0102,2,25,0.36,0.12,0.1983,0.0,50.0,50.0,35.0,0,-2.0,0.0,0.0,0.0,14.3,54.7,80,25.4,978
sale,3 Bedroom House,9500000,3,2,1 632 m²,Tulbagh,Tulbagh,Tulbagh,https://www.property24.com/for-sale/tulbagh/tulbagh/western-cape/7608/116469520,,,"Sole and exclusive mandate of a heritage property situated in the historic town of Tulbagh, surrounded by orchards, vineyards and ...",,https://images.prop24.com/241272188/Ensure264x153,6000,72000,0.76,False,,6000.0,72000.0,csv_estimate,300,5938.0,11875.0,0.0,1200,-165510.0,-0.0174,0.76,131.94,0.06,3.2188,822356.0,50000,2793856.0,7600000.0,78446.0,-92239.0,-1106866.0,-0.3962,-0.18,16.2931,-1504636.0,-115.84,,4597.0,,11400000.0,9120000.0,1520000.0,1273856.0,-107928.0,-1.83,11314652.0,12713143.0,17013053.0,2577486.0,6901859.0,5811284.0,3911284.0,-5643484.0,-3065998.0,-1.0974,0.0,-0.0592,0,16,0.0,,0.6239,0.0,50.0,50.0,35.0,0,-11.6,0.0,0.0,0.0,5.0,54.4,100,25.4,979
sale,2 Bedroom Townhouse,2400000,2,2,111 m²,8 Baring Street,Worcester Central,Worcester,https://www.property24.com/for-sale/worcester-central/worcester/western-cape/8860/116729086,,,Are you thinking of retiring? We invite you to come and view these 2-bedroom units in a ...,,https://images.prop24.com/319767968/Ensure264x153,7000,84000,3.5,False,,8750.0,105000.0,rental_suburb,400,1500.0,3000.0,0.0,1200,23400.0,0.0097,4.38,22.86,0.36,0.6971,59200.0,50000,610700.0,1920000.0,19818.0,-17868.0,-214416.0,-0.3511,0.1,2.9621,234000.0,-90.25,21622.0,10714.0,101.8,2880000.0,2304000.0,384000.0,226700.0,-21832.0,-1.48,2858438.0,3211741.0,4298034.0,651154.0,1743628.0,1468114.0,988114.0,-1062583.0,-411429.0,-0.6737,-0.2007,0.0383,10,20,0.6,0.69,1.0847,0.0,50.0,50.0,35.0,0,6.5,0.0,0.0,0.0,76.0,62.9,0,25.3,980
sale,Farm,7950000,1,0,225 ha,Robertson Rural,Robertson Rural,Robertson,https://www.property24.com/for-sale/robertson-rural/robertson/western-cape/16626/116745956,,,"Breath-taking views, peace and tranquillity, end of the road, unsurpassed opportunities, the chance of a lifetime! 

On Exclusive ...",,https://images.prop24.com/277028145/Ensure264x153,4500,54000,0.68,False,,7800.0,93600.0,rental_suburb,300,4969.0,9938.0,0.0,1200,-110763.0,-0.0139,1.18,84.94,0.1,2.1034,651856.0,50000,2313356.0,6360000.0,65647.0,-74877.0,-898529.0,-0.3884,-0.14,10.5197,-1107630.0,-113.93,,2939.0,,9540000.0,7632000.0,1272000.0,1041356.0,-88007.0,-1.78,9468577.0,10638893.0,14237239.0,2156949.0,5775766.0,4863127.0,3273127.0,-4568035.0,-2411086.0,-1.0422,0.0,-0.0479,2,6,0.33,0.0,0.4024,0.0,50.0,50.0,35.0,0,-9.3,0.0,0.0,0.0,20.5,55.0,80,25.3,981
sale,2 Bedroom House,3315000,2,2,157 m²,26 Arbour Street (18149),Newinbosch,Stellenbosch,https://www.property24.com/for-sale/newinbosch/stellenbosch/western-cape/33422/116906513?plId=2345848&plt=4,,,"Newly Built Two Bedroom Townhouse | Move-In Ready!

This contemporary townhouse offers a thoughtfully designed 2 bedroom layout to suit your lifestyle. Ideal for young ...",,https://images.prop24.com/320031881/Ensure528x153,12000,144000,4.34,False,,16000.0,192000.0,rental_suburb,600,2072.0,4144.0,0.0,1200,80452.0,0.0243,5.79,17.27,0.48,0.501,142006.0,50000,876506.0,2652000.0,27374.0,-20669.0,-248031.0,-0.283,0.24,2.2118,1005656.0,-69.66,21115.0,21226.0,-0.52,3978000.0,3182400.0,530400.0,346106.0,-26144.0,-1.1,3948218.0,4436218.0,5936660.0,899407.0,2408386.0,2027832.0,1364832.0,-1198792.0,-299385.0,-0.3416,-0.0802,0.0918,25,49,0.57,0.72,0.3095,0.0,50.0,50.0,35.0,0,16.2,0.0,0.0,0.0,66.8,60.5,0,25.2,982
sale,Farm,9750000,1,0,561 000 m²,Stasie Str,Tulbaghweg,Tulbagh,https://www.property24.com/for-sale/tulbaghweg/tulbagh/western-cape/16513/115243786,,,This 56.1 hectare property is completely off the grid for both electricity and water ...,,https://images.prop24.com/255290839/Ensure264x153,4500,54000,0.55,False,,4500.0,54000.0,csv_estimate,300,6094.0,12188.0,0.0,1200,-187695.0,-0.0193,0.55,180.56,0.05,4.3958,849856.0,50000,2871356.0,7800000.0,80511.0,-96152.0,-1153823.0,-0.4018,-0.19,22.2871,-1706318.0,-117.5,,,,11700000.0,9360000.0,1560000.0,1311356.0,-112254.0,-1.86,11612406.0,13047699.0,17460765.0,2645314.0,7083487.0,5964213.0,4014213.0,-5891478.0,-3246164.0,-1.1305,0.0,-0.0654,0,1,0.0,,,0.0,50.0,50.0,35.0,0,-12.8,0.0,0.0,0.0,2.5,54.3,100,25.2,983
sale,3 Bedroom House,6450000,3,3,1 978 m²,Riebeek Kasteel,Riebeek Kasteel,Riebeek Valley,https://www.property24.com/for-sale/riebeek-kasteel/riebeek-valley/western-cape/7911/116682836,,,"Experience the perfect blend of modern comfort and countryside appeal in this beautifully maintained home, set on a generous 1978 sqm ...",,https://images.prop24.com/369711001/Crop600x400,7000,84000,1.3,False,,18000.0,216000.0,rental_suburb,350,4031.0,8062.0,0.0,1200,34995.0,0.0054,3.35,29.86,0.28,0.758,486856.0,50000,1848356.0,5160000.0,53261.0,-50345.0,-604136.0,-0.3269,0.05,3.7169,388833.0,-93.97,,4781.0,,7740000.0,6192000.0,1032000.0,816356.0,-60997.0,-1.4,7682053.0,8631555.0,11550968.0,1749977.0,4685999.0,3945556.0,2655556.0,-3009514.0,-1259537.0,-0.6814,-0.2045,0.0189,5,27,0.3,0.19,0.3315,0.0,50.0,50.0,35.0,0,3.6,0.0,0.0,0.0,35.5,55.8,50,25.2,984
sale,3 Bedroom House,9990000,3,3,624 m²,Val de Vie Estate,Val de Vie Estate,Paarl,https://www.property24.com/for-sale/val-de-vie-estate/paarl/western-cape/11726/116766982,,,"Exclusive Mandate.  Tucked away in a quiet cul-de-sac, opposite a pretty olive grove with an expansive green belt to the east, this ...",,https://images.prop24.com/373504379/Ensure264x153,9500,114000,1.14,False,,7000.0,84000.0,rental_area_q1,4824.0,6244.0,12488.0,0.0,1200,-219788.0,-0.022,0.84,118.93,0.07,3.5365,876256.0,50000,2945756.0,7992000.0,82492.0,-100808.0,-1209698.0,-0.4107,-0.22,15.3212,-2442089.0,-124.45,16010.0,59375.0,-73.04,11988000.0,9590400.0,1598400.0,1347356.0,-117307.0,-1.91,11898250.0,13368874.0,17890568.0,2710430.0,7257850.0,6111024.0,4113024.0,-6192843.0,-3482413.0,-1.1822,0.0,-0.0746,0,28,0.04,,0.3067,0.0,50.0,51.0,35.2,0,-14.7,0.0,0.0,0.0,0.1,54.3,100,25.1,985
sale,2 Bedroom Townhouse,3414000,2,2,160 m²,23 Arbour Street,Newinbosch,Stellenbosch,https://www.property24.com/for-sale/newinbosch/stellenbosch/western-cape/33422/117033074,,,"2-bed, 2-bath Townhouse, situated in Phase N2 of the very popular Newinbosch ...",,https://images.prop24.com/206466645/Ensure264x153,12000,144000,4.22,False,,16000.0,192000.0,rental_suburb,600,2134.0,4268.0,0.0,1200,78225.0,0.0229,5.62,17.78,0.47,0.5126,152896.0,50000,907196.0,2731200.0,28191.0,-21672.0,-260069.0,-0.2867,0.23,2.2745,977812.0,-71.36,21338.0,21226.0,0.52,4096800.0,3277440.0,546240.0,360956.0,-27311.0,-1.13,4066129.0,4568702.0,6113954.0,926267.0,2480310.0,2088392.0,1405592.0,-1260398.0,-334131.0,-0.3683,-0.0878,0.0862,25,49,0.57,0.72,0.3095,0.0,50.0,50.0,35.0,0,15.3,0.0,0.0,0.0,65.9,60.2,0,25.1,986
sale,2 Bedroom Townhouse,3449000,2,2,160 m²,(18320) 6 Arbour Street,Newinbosch,Stellenbosch,https://www.property24.com/for-sale/newinbosch/stellenbosch/western-cape/33422/116984131,,,"Just 3km from the heart of Stellenbosch, award-winning Newinbosch is a sustainably ...",,https://images.prop24.com/320031844/Ensure264x153,12000,144000,4.18,False,,16000.0,192000.0,rental_suburb,600,2156.0,4311.0,0.0,1200,77438.0,0.0225,5.57,17.96,0.46,0.5167,156746.0,50000,918046.0,2759200.0,28480.0,-22027.0,-264324.0,-0.2879,0.23,2.2967,967969.0,-71.93,21556.0,21226.0,1.56,4138800.0,3311040.0,551840.0,366206.0,-27723.0,-1.14,4107814.0,4615540.0,6176634.0,935763.0,2505738.0,2109802.0,1420002.0,-1282178.0,-346415.0,-0.3773,-0.0904,0.0844,25,49,0.57,0.72,0.3095,0.0,50.0,50.0,35.0,0,15.0,0.0,0.0,0.0,65.5,60.1,0,25.0,987
sale,2 Bedroom House,3750000,2,2,248 m²,(18262) 5 Kunye Street,Newinbosch,Stellenbosch,https://www.property24.com/for-sale/newinbosch/stellenbosch/western-cape/33422/117005973,,,This medium-sized freestanding home is positioned around a beautifully landscaped green ...,,https://images.prop24.com/320031844/Ensure264x153,12000,144000,3.84,False,,16000.0,192000.0,rental_suburb,600,2344.0,4688.0,0.0,1200,70665.0,0.0188,5.12,19.53,0.43,0.552,189856.0,50000,1011356.0,3000000.0,30966.0,-25077.0,-300923.0,-0.2975,0.19,2.4873,883312.0,-76.44,15121.0,21226.0,-28.76,4500000.0,3600000.0,600000.0,411356.0,-31270.0,-1.2,4466310.0,5018346.0,6715679.0,1017429.0,2724418.0,2293928.0,1543928.0,-1469486.0,-452057.0,-0.447,-0.1117,0.0699,25,49,0.57,0.72,0.3095,0.0,50.0,50.0,35.0,0,12.6,0.0,0.0,0.0,62.5,59.3,0,24.7,988
sale,3 Bedroom House,9909901,3,3,435 m²,44 Weltevreden Hills Estate,Stellenbosch Farms,Stellenbosch,https://www.property24.com/for-sale/stellenbosch-farms/stellenbosch/western-cape/8562/116635308,,,"BUILD YOUR OWN
Discover refined country living in this beautifully designed multi-level ...",,https://images.prop24.com/218980252/Ensure264x153,12000,144000,1.45,False,,19800.0,237600.0,rental_suburb,600,6194.0,12387.0,0.0,1200,-25981.0,-0.0026,2.4,41.71,0.2,1.0293,867445.0,50000,2920925.0,7927921.0,81831.0,-83996.0,-1007954.0,-0.3451,-0.03,5.1622,-324760.0,-103.28,22781.0,7746.0,194.09,11891881.0,9513505.0,1585584.0,1335341.0,-100362.0,-1.53,11802851.0,13261683.0,17747123.0,2688698.0,7199657.0,6062026.0,4080046.0,-5068562.0,-2379864.0,-0.8148,-0.2863,-0.0089,2,4,1.5,0.0,0.7346,0.0,50.0,50.0,35.0,0,-1.7,0.0,0.0,0.0,0.9,54.3,80,24.7,989
sale,3 Bedroom House,7500000,3,2,898 m²,Riebeek Kasteel,Riebeek Kasteel,Riebeek Valley,https://www.property24.com/for-sale/riebeek-kasteel/riebeek-valley/western-cape/7911/116445617,,,"With its spacious layout and beautiful design, this property is perfect for families or investors looking for a unique ...",,https://images.prop24.com/116443838/Ensure264x153,7000,84000,1.12,False,,18000.0,216000.0,rental_suburb,350,4688.0,9375.0,0.0,1200,11370.0,0.0015,2.88,34.72,0.24,0.8674,602356.0,50000,2173856.0,6000000.0,61931.0,-60984.0,-731806.0,-0.3366,0.02,4.308,126333.0,-98.32,8352.0,4781.0,74.67,9000000.0,7200000.0,1200000.0,973856.0,-73370.0,-1.47,8932620.0,10036692.0,13431358.0,2034857.0,5448836.0,4587856.0,3087856.0,-3662913.0,-1628056.0,-0.7489,-0.2415,0.0052,5,27,0.3,0.19,0.3315,0.0,50.0,50.0,35.0,0,1.0,0.0,0.0,0.0,25.0,55.2,50,24.6,990
sale,Farm,9500000,1,0,13.08 ha,Robertson Rural,Robertson Rural,Robertson,https://www.property24.com/for-sale/robertson-rural/robertson/western-cape/16626/113497601,,,"Less than two hours from Cape Town, beyond the hum of the city, lies a hidden valley where time slows, and life finds its rhythm again. ...",,https://images.prop24.com/275641266/Ensure264x153,4500,54000,0.57,False,,7800.0,93600.0,rental_suburb,300,5938.0,11875.0,0.0,1200,-145638.0,-0.0153,0.99,101.5,0.08,2.476,822356.0,50000,2793856.0,7600000.0,78446.0,-90583.0,-1086994.0,-0.3891,-0.15,12.5332,-1456380.0,-115.33,,2939.0,,11400000.0,9120000.0,1520000.0,1273856.0,-106272.0,-1.78,11314652.0,12713143.0,17013053.0,2577486.0,6901859.0,5811284.0,3911284.0,-5532576.0,-2955091.0,-1.0577,0.0,-0.0521,2,6,0.33,0.0,0.4024,0.0,50.0,50.0,35.0,0,-10.2,0.0,0.0,0.0,5.0,54.4,80,24.5,991
sale,Farm,9495000,1,0,42.3 ha,Robertson Rural,Robertson Rural,Robertson,https://www.property24.com/for-sale/robertson-rural/robertson/western-cape/16626/115332039,,,"42ha Lifestyle Farm For Sale – Nuy Valley

Private Airstrip | Off-Grid Luxury | Solar-Powered Sanctuary | Rare ...",,https://images.prop24.com/353500467/Ensure264x153,4500,54000,0.57,False,,7800.0,93600.0,rental_suburb,300,5934.0,11869.0,0.0,1200,-145526.0,-0.0153,0.99,101.44,0.08,2.4748,821806.0,50000,2792306.0,7596000.0,78405.0,-90532.0,-1086386.0,-0.3891,-0.15,12.5267,-1455255.0,-115.33,,2939.0,,11394000.0,9115200.0,1519200.0,1273106.0,-106213.0,-1.78,11308697.0,12706452.0,17004099.0,2576129.0,6898226.0,5808225.0,3909225.0,-5529465.0,-2953336.0,-1.0577,0.0,-0.0521,2,6,0.33,0.0,0.4024,0.0,50.0,50.0,35.0,0,-10.2,0.0,0.0,0.0,5.0,54.4,80,24.5,992
sale,2 Bedroom House,4100000,2,2,338 m²,Newinbosch,Newinbosch,Stellenbosch,https://www.property24.com/for-sale/newinbosch/stellenbosch/western-cape/33422/116574179,,,"Exclusive Mandate

Recently completed and ideally positioned in the sought-after Newinbosch community, this stylish double-storey ...",,https://images.prop24.com/206466645/Ensure264x153,12000,144000,3.51,False,,16000.0,192000.0,rental_suburb,600,2562.0,5125.0,0.0,1200,62790.0,0.0153,4.68,21.35,0.39,0.593,228356.0,50000,1119856.0,3280000.0,33856.0,-28623.0,-343479.0,-0.3067,0.15,2.709,784875.0,-80.86,12130.0,21226.0,-42.85,4920000.0,3936000.0,656000.0,463856.0,-35394.0,-1.26,4883166.0,5486725.0,7342476.0,1112389.0,2978697.0,2508028.0,1688028.0,-1687286.0,-574897.0,-0.5134,-0.1342,0.0561,25,49,0.57,0.72,0.3095,0.0,50.0,50.0,35.0,0,10.2,0.0,0.0,0.0,59.0,58.6,0,24.4,993
sale,2 Bedroom House,4385000,2,2,300 m²,(18233) 52 Wingerd Street,Newinbosch,Stellenbosch,https://www.property24.com/for-sale/newinbosch/stellenbosch/western-cape/33422/116985329,,,This Homestead offers high levels of luxury with spacious indoor and outdoor ...,,https://images.prop24.com/320031844/Ensure264x153,12000,144000,3.28,False,,16000.0,192000.0,rental_suburb,600,2741.0,5481.0,0.0,1200,56378.0,0.0129,4.38,22.84,0.36,0.6264,259706.0,50000,1208206.0,3508000.0,36209.0,-31511.0,-378133.0,-0.313,0.13,2.8894,704719.0,-83.93,14617.0,21226.0,-31.14,5262000.0,4209600.0,701600.0,506606.0,-38753.0,-1.3,5222605.0,5868119.0,7852867.0,1189713.0,3185753.0,2682366.0,1805366.0,-1864637.0,-674924.0,-0.5586,-0.1509,0.0467,25,49,0.57,0.72,0.3095,0.0,50.0,50.0,35.0,0,8.6,0.0,0.0,0.0,56.1,58.1,0,24.1,994
sale,2 Bedroom House,4385000,2,2,290 m²,Newinbosch,Newinbosch,Stellenbosch,https://www.property24.com/for-sale/newinbosch/stellenbosch/western-cape/33422/116869596,,,"Step into effortless modern living in this beautifully designed single-level new home, where contemporary finishes meet a bright, airy ...",,https://images.prop24.com/206466645/Ensure264x153,12000,144000,3.28,False,,16000.0,192000.0,rental_suburb,600,2741.0,5481.0,0.0,1200,56378.0,0.0129,4.38,22.84,0.36,0.6264,259706.0,50000,1208206.0,3508000.0,36209.0,-31511.0,-378133.0,-0.313,0.13,2.8894,704719.0,-83.93,15121.0,21226.0,-28.76,5262000.0,4209600.0,701600.0,506606.0,-38753.0,-1.3,5222605.0,5868119.0,7852867.0,1189713.0,3185753.0,2682366.0,1805366.0,-1864637.0,-674924.0,-0.5586,-0.1509,0.0467,25,49,0.57,0.72,0.3095,0.0,50.0,50.0,35.0,0,8.6,0.0,0.0,0.0,56.1,58.1,0,24.1,995
sale,2 Bedroom House,4385000,2,2,290 m²,Newinbosch,Newinbosch,Stellenbosch,https://www.property24.com/for-sale/newinbosch/stellenbosch/western-cape/33422/116892040,,,"Step into effortless modern living in this beautifully designed single-level new home, where contemporary finishes meet a bright, airy ...",,https://images.prop24.com/206466645/Ensure264x153,12000,144000,3.28,False,,16000.0,192000.0,rental_suburb,600,2741.0,5481.0,0.0,1200,56378.0,0.0129,4.38,22.84,0.36,0.6264,259706.0,50000,1208206.0,3508000.0,36209.0,-31511.0,-378133.0,-0.313,0.13,2.8894,704719.0,-83.93,15121.0,21226.0,-28.76,5262000.0,4209600.0,701600.0,506606.0,-38753.0,-1.3,5222605.0,5868119.0,7852867.0,1189713.0,3185753.0,2682366.0,1805366.0,-1864637.0,-674924.0,-0.5586,-0.1509,0.0467,25,49,0.57,0.72,0.3095,0.0,50.0,50.0,35.0,0,8.6,0.0,0.0,0.0,56.1,58.1,0,24.1,996
sale,2 Bedroom House,4385000,2,2,300 m²,Newinbosch,Newinbosch,Stellenbosch,https://www.property24.com/for-sale/newinbosch/stellenbosch/western-cape/33422/116505484,,,"Step into elegant style with this contemporary single-level home, showcasing high-quality fixtures and on-trend finishes throughout. ...",,https://images.prop24.com/206466645/Ensure264x153,12000,144000,3.28,False,,16000.0,192000.0,rental_suburb,600,2741.0,5481.0,0.0,1200,56378.0,0.0129,4.38,22.84,0.36,0.6264,259706.0,50000,1208206.0,3508000.0,36209.0,-31511.0,-378133.0,-0.313,0.13,2.8894,704719.0,-83.93,14617.0,21226.0,-31.14,5262000.0,4209600.0,701600.0,506606.0,-38753.0,-1.3,5222605.0,5868119.0,7852867.0,1189713.0,3185753.0,2682366.0,1805366.0,-1864637.0,-674924.0,-0.5586,-0.1509,0.0467,25,49,0.57,0.72,0.3095,0.0,50.0,50.0,35.0,0,8.6,0.0,0.0,0.0,56.1,58.1,0,24.1,997
sale,1 Bedroom House,7800000,1,2,339 m²,Franschhoek,Franschhoek,Franschhoek,https://www.property24.com/for-sale/franschhoek/franschhoek/western-cape/8653/117063943,,,"EXCLUSIVE MANDATE: Truly one of a kind, this enchanting cottage is the very essence of Franschhoek charm and the kind of home that adds ...",,https://images.prop24.com/376533555/Crop600x400,7000,84000,1.08,False,,17490.0,209880.0,rental_suburb,500,4875.0,9750.0,0.0,1200,-2810.0,-0.0004,2.69,37.16,0.22,0.9334,635356.0,50000,2266856.0,6240000.0,64409.0,-64643.0,-775713.0,-0.3422,-0.0,4.616,-40149.0,-100.51,23009.0,29897.0,-23.04,9360000.0,7488000.0,1248000.0,1018856.0,-77524.0,-1.5,9289925.0,10438160.0,13968612.0,2116252.0,5666789.0,4771370.0,3211370.0,-3891169.0,-1774918.0,-0.783,-0.2633,-0.0012,7,25,0.36,0.53,0.1983,0.0,50.0,50.0,35.0,0,-0.2,0.0,0.0,0.0,22.0,55.1,30,23.3,998
sale,2 Bedroom Apartment inWorcester Central,9500002,2,1,74 m²,Worcester Central,Worcester Central,Worcester,https://www.property24.com/for-sale/worcester-central/worcester/western-cape/8860/116607613?plId=2368631&plt=2&plsIds=2385362,,Contact us to sell your property,2 Bedroom Apartment inWorcester Central,,https://images.prop24.com/368278678/Crop525x350,7000,84000,0.88,False,,8750.0,105000.0,rental_suburb,400,5938.0,11875.0,0.0,1200,-136350.0,-0.0144,1.11,90.48,0.09,2.2186,822356.0,50000,2793857.0,7600002.0,78446.0,-89809.0,-1077706.0,-0.3857,-0.14,11.1839,-1363500.0,-114.35,128378.0,10714.0,1098.2,11400002.0,9120002.0,1520000.0,1273856.0,-105498.0,-1.76,11314654.0,12713146.0,17013057.0,2577486.0,6901860.0,5811285.0,3911285.0,-5480808.0,-2903321.0,-1.0392,0.0,-0.0488,10,20,0.6,0.69,1.0847,0.0,50.0,50.0,35.0,0,-9.6,0.0,0.0,0.0,5.0,54.4,0,20.5,999
